,SMILES
0,COCC(CCOc1cc(Cl)cc(OCCNC(=O)c2cc(=O)[nH]c3ccccc23)c1)COC
1,CCOC(=O)Cn1nccc1COc1cc(Cl)cc(OCCNC(=O)c2cc(=O)[nH]c3ccccc23)c1
2,COc1ccc(COc2cc(Cl)cc(OCCNC(=O)c3cc(=O)[nH]c4ccccc34)c2)nc1OC
3,Cc1c(COc2cc(Cl)cc(OCCNC(=O)c3cc(=O)[nH]c4ccccc34)c2)cnn1C
4,O=C(NCCOc1cc(Cl)cc(OC2CCN(c3cccnn3)CC2)c1)c1cc(=O)[nH]c2ccccc12
5,CN(C)C1CCN(CCCOc2cc(Cl)cc(OCCNC(=O)c3cc(=O)[nH]c4ccccc34)c2)CC1
6,COC(=O)C1(COc2cc(Cl)cc(OCCNC(=O)c3cc(=O)[nH]c4ccccc34)c2)COC1
7,CS(=O)(=O)c1ncc(CCOc2cc(Cl)cc(OCCNC(=O)c3cc(=O)[nH]c4ccccc34)c2)cn1
8,Cn1ccc(COc2cc(Cl)cc(OCCNC(=O)c3cc(=O)[nH]c4ccccc34)c2)c1
9,O=C(NCCOc1cc(Cl)cc(OCc2cc(=O)n3ccccc3n2)c1)c1cc(=O)[nH]c2ccccc12
10,CS(=O)(=O)NCCCOc1cc(Cl)cc(OCCNC(=O)c2cc(=O)[nH]c3ccccc23)c1
11,O=C(NCCOc1cc(Cl)cc(OCc2nc(=S)[nH][nH]2)c1)c1cc(=O)[nH]c2ccccc12
12,O=C(NCCOc1cc(Cl)cc(OCCNc2cnccn2)c1)c1cc(=O)[nH]c2ccccc12
13,COc1ccc(S(C)(=O)=O)cc1COc1cc(Cl)cc(OCCNC(=O)c2cc(=O)[nH]c3ccccc23)c1
14,O=C(NCCOc1cc(Cl)cc(OCCN2C(=O)CNC2=O)c1)c1cc(=O)[nH]c2ccccc12
15,CC1(COc2cc(Cl)cc(OCCNC(=O)c3cc(=O)[nH]c4ccccc34)c2)CN(C2CC2)C1
16,COC1CC(COc2cc(Cl)cc(OCCNC(=O)c3cc(=O)[nH]c4ccccc34)c2)C1
17,O=C(NCCOc1cc(Cl)cc(OCCOCCn2cncn2)c1)c1cc(=O)[nH]c2ccccc12
18,Cc1[nH]ncc1COc1cc(Cl)cc(OCCNC(=O)c2cc(=O)[nH]c3ccccc23)c1
19,Cc1nn(C)cc1COc1cc(Cl)cc(OCCNC(=O)c2cc(=O)[nH]c3ccccc23)c1
20,O=C(NCCOc1cc(Cl)cc(OC2CNC(=S)NC2)c1)c1cc(=O)[nH]c2ccccc12
21,Cn1c(C#N)ccc1COc1cc(Cl)cc(OCCNC(=O)c2cc(=O)[nH]c3ccccc23)c1
22,COCCOCCOc1cc(Cl)cc(OCCNC(=O)c2cc(=O)[nH]c3ccccc23)c1
23,CCn1nccc1CCOc1cc(Cl)cc(OCCNC(=O)c2cc(=O)[nH]c3ccccc23)c1
24,CC(=O)NCCOc1cc(Cl)cc(OCCNC(=O)c2cc(=O)[nH]c3ccccc23)c1
25,O=C(NCCOc1cc(Cl)cc(OCC2CCS(=O)(=O)CC2)c1)c1cc(=O)[nH]c2ccccc12
26,O=C(NCCOc1cc(Cl)cc(OC2CCN(c3ccncn3)CC2)c1)c1cc(=O)[nH]c2ccccc12
27,COCCCS(=O)(=O)N1CCC(Oc2cc(Cl)cc(OCCNC(=O)c3cc(=O)[nH]c4ccccc34)c2)CC1
28,CN1CCN(C(=O)CCOc2cc(Cl)cc(OCCNC(=O)c3cc(=O)[nH]c4ccccc34)c2)CC1
29,O=C(NCCOc1cc(Cl)cc(OCCSc2ncc[nH]2)c1)c1cc(=O)[nH]c2ccccc12
30,CC1(C)CN(CC(=O)NCCOc2cc(Cl)cc(OCCNC(=O)c3cc(=O)[nH]c4ccccc34)c2)CCS1
31,COC(=O)N(C)CCOc1cc(Cl)cc(OCCNC(=O)c2cc(=O)[nH]c3ccccc23)c1
32,COC(=O)N(C)CCCOc1cc(Cl)cc(OCCNC(=O)c2cc(=O)[nH]c3ccccc23)c1
33,CCN(C)C(=O)OCCOc1cc(Cl)cc(OCCNC(=O)c2cc(=O)[nH]c3ccccc23)c1
34,O=C1CC2(CN1)CC(COc1cc(Cl)cc(OCCNC(=O)c3cc(=O)[nH]c4ccccc34)c1)C2
35,CS(=O)(=O)Cc1nccc(COc2cc(Cl)cc(OCCNC(=O)c3cc(=O)[nH]c4ccccc34)c2)n1
36,CS(=O)(=O)CCCCCOc1cc(Cl)cc(OCCNC(=O)c2cc(=O)[nH]c3ccccc23)c1
37,O=C(NCCOc1cc(Cl)cc(OCc2ccc3c(=O)[nH]ncc3c2)c1)c1cc(=O)[nH]c2ccccc12
38,O=C(NCCOc1cc(Cl)cc(OCCCN2C(=O)CCC2=O)c1)c1cc(=O)[nH]c2ccccc12
39,CCOC(=O)c1n[nH]c(COc2cc(Cl)cc(OCCNC(=O)c3cc(=O)[nH]c4ccccc34)c2)n1
40,O=C(NCCOc1cc(Cl)cc(OC2CC3(COC3)C2)c1)c1cc(=O)[nH]c2ccccc12
41,N#CCC(=O)NCCOc1cc(Cl)cc(OCCNC(=O)c2cc(=O)[nH]c3ccccc23)c1
42,CC12CC(COc3cc(Cl)cc(OCCNC(=O)c4cc(=O)[nH]c5ccccc45)c3)(CO1)C2
43,Cc1ccnc(CCOc2cc(Cl)cc(OCCNC(=O)c3cc(=O)[nH]c4ccccc34)c2)n1
44,O=C(NCCOc1cc(Cl)cc(OCC23COC(C2)C3)c1)c1cc(=O)[nH]c2ccccc12
45,CNS(=O)(=O)CCOc1cc(Cl)cc(OCCNC(=O)c2cc(=O)[nH]c3ccccc23)c1
46,O=C(NCCOc1cc(Cl)cc(OCc2ncc[nH]2)c1)c1cc(=O)[nH]c2ccccc12
47,O=C(NCCOc1cc(Cl)cc(OCCNC(=O)N2CCCC2)c1)c1cc(=O)[nH]c2ccccc12
48,O=C(NCCOc1cc(Cl)cc(OCCNC(=O)N2CCCCC2)c1)c1cc(=O)[nH]c2ccccc12
49,O=C(NCCOc1cc(Cl)cc(OCCCCNC(=O)N2CCOCC2)c1)c1cc(=O)[nH]c2ccccc12
50,O=C(NCCOc1cc(Cl)cc(OCCCNC(=O)N2CCCC2)c1)c1cc(=O)[nH]c2ccccc12
51,O=C(NCCOc1cc(Cl)cc(OCCNC(=O)N2CCCCCC2)c1)c1cc(=O)[nH]c2ccccc12
52,CN1CC(Oc2cc(Cl)cc(OCCNC(=O)c3cc(=O)[nH]c4ccccc34)c2)C1
53,O=C(NCCOc1cc(Cl)cc(OCc2cccnn2)c1)c1cc(=O)[nH]c2ccccc12
54,O=C(NCCOc1cc(Cl)cc(OCCCc2ncc[nH]2)c1)c1cc(=O)[nH]c2ccccc12
55,O=C(NCCOc1cc(Cl)cc(OCc2ncco2)c1)c1cc(=O)[nH]c2ccccc12
56,O=C(NCCOc1cc(Cl)cc(OCCS(=O)(=O)NC2CC2)c1)c1cc(=O)[nH]c2ccccc12
57,CN(C)CC(CN(C)C)Oc1cc(Cl)cc(OCCNC(=O)c2cc(=O)[nH]c3ccccc23)c1
58,O=C(NCCOc1cc(Cl)cc(OCCN2C(=O)Cc3ccccc3C2=O)c1)c1cc(=O)[nH]c2ccccc12
59,NC(=O)C1(COc2cc(Cl)cc(OCCNC(=O)c3cc(=O)[nH]c4ccccc34)c2)CC1
60,COc1noc(C)c1COc1cc(Cl)cc(OCCNC(=O)c2cc(=O)[nH]c3ccccc23)c1
61,CN(C)C(=O)N1CC(Oc2cc(Cl)cc(OCCNC(=O)c3cc(=O)[nH]c4ccccc34)c2)C1
62,COCc1ocnc1COc1cc(Cl)cc(OCCNC(=O)c2cc(=O)[nH]c3ccccc23)c1
63,O=C(NCCOc1cc(Cl)cc(OCc2cnc3n2CCOC3)c1)c1cc(=O)[nH]c2ccccc12
64,O=C(NCCOc1cc(Cl)cc(OCCS(=O)(=O)c2cnn[nH]2)c1)c1cc(=O)[nH]c2ccccc12
65,Cc1cc(C)n(CCOc2cc(Cl)cc(OCCNC(=O)c3cc(=O)[nH]c4ccccc34)c2)c(=O)n1
66,Cn1nnc(COc2cc(Cl)cc(OCCNC(=O)c3cc(=O)[nH]c4ccccc34)c2)n1
67,COCCOc1cc(Cl)cc(OCCNC(=O)c2cc(=O)[nH]c3ccccc23)c1
68,CCOCCOc1cc(Cl)cc(OCCNC(=O)c2cc(=O)[nH]c3ccccc23)c1
69,CC(=O)N(C)CCOc1cc(Cl)cc(OCCNC(=O)c2cc(=O)[nH]c3ccccc23)c1
70,O=C(NCCOc1cc(Cl)cc(OCCNc2nccs2)c1)c1cc(=O)[nH]c2ccccc12
71,O=C(NCCOc1cc(Cl)cc(OCc2cnco2)c1)c1cc(=O)[nH]c2ccccc12
72,O=C(NCCOc1cc(Cl)cc(OCc2cnc(-c3cncnc3)nc2)c1)c1cc(=O)[nH]c2ccccc12
73,O=C(NCCOc1cc(Cl)cc(OCCS(=O)(=O)c2nnc[nH]2)c1)c1cc(=O)[nH]c2ccccc12
74,Cn1nnc2c(COc3cc(Cl)cc(OCCNC(=O)c4cc(=O)[nH]c5ccccc45)c3)cccc21
75,CC(C)(C)OC(=O)NCC1(COc2cc(Cl)cc(OCCNC(=O)c3cc(=O)[nH]c4ccccc34)c2)COC1
76,Cc1conc1COc1cc(Cl)cc(OCCNC(=O)c2cc(=O)[nH]c3ccccc23)c1
77,O=C(NCCOc1cc(Cl)cc(OCc2nnco2)c1)c1cc(=O)[nH]c2ccccc12
78,O=C(NCCOc1cc(Cl)cc(OC2CN(C3CCOCC3)C2)c1)c1cc(=O)[nH]c2ccccc12
79,CCOC(=O)CC(CC(=O)OCC)Oc1cc(Cl)cc(OCCNC(=O)c2cc(=O)[nH]c3ccccc23)c1
80,CN(C)C(=O)c1cc(COc2cc(Cl)cc(OCCNC(=O)c3cc(=O)[nH]c4ccccc34)c2)on1
81,O=C(NCCOc1cc(Cl)cc(OCC23C4C5C6C4C2C6C53)c1)c1cc(=O)[nH]c2ccccc12
82,COC(=O)CSCCOc1cc(Cl)cc(OCCNC(=O)c2cc(=O)[nH]c3ccccc23)c1
83,O=C(Cc1ccsc1)NCCOCCOc1cc(Cl)cc(OCCNC(=O)c2cc(=O)[nH]c3ccccc23)c1
84,CN(C)CCOc1ccnc(COc2cc(Cl)cc(OCCNC(=O)c3cc(=O)[nH]c4ccccc34)c2)c1
85,CN1CC(C)(COc2cc(Cl)cc(OCCNC(=O)c3cc(=O)[nH]c4ccccc34)c2)C1
86,O=C(NCCOc1cc(Cl)cc(OCc2cnoc2)c1)c1cc(=O)[nH]c2ccccc12
87,COCC(COC)Oc1cc(Cl)cc(OCCNC(=O)c2cc(=O)[nH]c3ccccc23)c1
88,Cn1cncc1COc1cc(Cl)cc(OCCNC(=O)c2cc(=O)[nH]c3ccccc23)c1
89,O=C(NCCOc1cc(Cl)cc(OCCC2COC2)c1)c1cc(=O)[nH]c2ccccc12
90,O=C(NCCOc1cc(Cl)cc(OCc2nnc3n2CCC3)c1)c1cc(=O)[nH]c2ccccc12
91,Cc1nnc(CCOc2cc(Cl)cc(OCCNC(=O)c3cc(=O)[nH]c4ccccc34)c2)[nH]1
92,CCc1noc(COc2cc(Cl)cc(OCCNC(=O)c3cc(=O)[nH]c4ccccc34)c2)n1
93,COCC12COC(COc3cc(Cl)cc(OCCNC(=O)c4cc(=O)[nH]c5ccccc45)c3)(C1)C2
94,O=C(NCCOc1cc(Cl)cc(OCCCN2CCCC2)c1)c1cc(=O)[nH]c2ccccc12
95,CN(CCCOc1cc(Cl)cc(OCCNC(=O)c2cc(=O)[nH]c3ccccc23)c1)CC(=O)N(C)C
96,O=C1CN(CCCOc2cc(Cl)cc(OCCNC(=O)c3cc(=O)[nH]c4ccccc34)c2)C(=O)N1
97,Cc1ccn(CCOc2cc(Cl)cc(OCCNC(=O)c3cc(=O)[nH]c4ccccc34)c2)n1
98,O=C(NCCOc1cc(Cl)cc(OCCN2CCCOCC2)c1)c1cc(=O)[nH]c2ccccc12
99,O=C(NCCOc1cc(Cl)cc(OCCCN2CCCOCC2)c1)c1cc(=O)[nH]c2ccccc12
100,O=C(NCCOc1cc(Cl)cc(OCCNS(=O)(=O)C2CC2)c1)c1cc(=O)[nH]c2ccccc12
101,CC1(C)COCCN1CCOc1cc(Cl)cc(OCCNC(=O)c2cc(=O)[nH]c3ccccc23)c1
102,O=C(NCCOc1cc(Cl)cc(OCc2c[nH]cn2)c1)c1cc(=O)[nH]c2ccccc12
103,CN(C)CC1(COc2cc(Cl)cc(OCCNC(=O)c3cc(=O)[nH]c4ccccc34)c2)COC1
104,CC(C)C1CN(CCOc2cc(Cl)cc(OCCNC(=O)c3cc(=O)[nH]c4ccccc34)c2)C1
105,CCOC(=O)C12COC(COc3cc(Cl)cc(OCCNC(=O)c4cc(=O)[nH]c5ccccc45)c3)(C1)C2
106,O=C(NCCOc1cc(Cl)cc(OCc2cn3cccnc3n2)c1)c1cc(=O)[nH]c2ccccc12
107,Cc1nnsc1COc1cc(Cl)cc(OCCNC(=O)c2cc(=O)[nH]c3ccccc23)c1
108,O=C1NCC(Oc2cc(Cl)cc(OCCNC(=O)c3cc(=O)[nH]c4ccccc34)c2)CN1
109,COCCN1CC(Oc2cc(Cl)cc(OCCNC(=O)c3cc(=O)[nH]c4ccccc34)c2)C1
110,COC(=O)Cc1csc(COc2cc(Cl)cc(OCCNC(=O)c3cc(=O)[nH]c4ccccc34)c2)n1
111,N#Cc1cn(CCOc2cc(Cl)cc(OCCNC(=O)c3cc(=O)[nH]c4ccccc34)c2)c(=O)[nH]c1=O
112,O=C(NCCOc1cc(Cl)cc(OC2CC(N3CCCC3)C2)c1)c1cc(=O)[nH]c2ccccc12
113,O=C(NCCOc1cc(Cl)cc(OCc2cccc3ncnn23)c1)c1cc(=O)[nH]c2ccccc12
114,CC1(C)CN(CCOc2cc(Cl)cc(OCCNC(=O)c3cc(=O)[nH]c4ccccc34)c2)CCO1
115,Cc1cn(C)c(COc2cc(Cl)cc(OCCNC(=O)c3cc(=O)[nH]c4ccccc34)c2)n1
116,CC1(COc2cc(Cl)cc(OCCNC(=O)c3cc(=O)[nH]c4ccccc34)c2)CS(=O)(=O)C1
117,O=C(NCCOc1cc(Cl)cc(OCCn2ccnn2)c1)c1cc(=O)[nH]c2ccccc12
118,CCNC(=O)N1CC(Oc2cc(Cl)cc(OCCNC(=O)c3cc(=O)[nH]c4ccccc34)c2)C1
119,COC(=O)c1n[nH]cc1COc1cc(Cl)cc(OCCNC(=O)c2cc(=O)[nH]c3ccccc23)c1
120,COC(=O)N1CC(Oc2cc(Cl)cc(OCCNC(=O)c3cc(=O)[nH]c4ccccc34)c2)C1
121,O=C(NCCOc1cc(Cl)cc(OCC23CC(CCO2)C3)c1)c1cc(=O)[nH]c2ccccc12
122,CS(=O)(=O)N1CC(Oc2cc(Cl)cc(OCCNC(=O)c3cc(=O)[nH]c4ccccc34)c2)C1
123,O=C(NCCOc1cc(Cl)cc(OCCc2cc2=O)c1)c1cc(=O)[nH]c2ccccc12
124,O=C(NCCOc1cc(Cl)cc(OC2CN(C(=O)C3CC3)C2)c1)c1cc(=O)[nH]c2ccccc12
125,NC(=O)CCCCOc1cc(Cl)cc(OCCNC(=O)c2cc(=O)[nH]c3ccccc23)c1
126,COCC(=O)NCCOc1cc(Cl)cc(OCCNC(=O)c2cc(=O)[nH]c3ccccc23)c1
127,O=C(NCCOc1cc(Cl)cc(OCc2cc[nH]c(=O)c2)c1)c1cc(=O)[nH]c2ccccc12
128,COC(=O)C12CC(COc3cc(Cl)cc(OCCNC(=O)c4cc(=O)[nH]c5ccccc45)c3)(CO1)C2
129,N#Cc1cnn(CCOc2cc(Cl)cc(OCCNC(=O)c3cc(=O)[nH]c4ccccc34)c2)c1
130,O=C(NCCOc1cc(Cl)cc(OCCN2CCN(C3CCC3)CC2)c1)c1cc(=O)[nH]c2ccccc12
131,CN(CCOc1cc(Cl)cc(OCCNC(=O)c2cc(=O)[nH]c3ccccc23)c1)c1ccncc1
132,CCOC(=O)c1n[nH]cc1COc1cc(Cl)cc(OCCNC(=O)c2cc(=O)[nH]c3ccccc23)c1
133,CCC1CN(CCOc2cc(Cl)cc(OCCNC(=O)c3cc(=O)[nH]c4ccccc34)c2)C1
134,O=C(NCCOc1cc(Cl)cc(OCCc2nnc3n2CCCC3)c1)c1cc(=O)[nH]c2ccccc12
135,NC(=O)N1CC(Oc2cc(Cl)cc(OCCNC(=O)c3cc(=O)[nH]c4ccccc34)c2)C1
136,CCN(CC)CCOc1cc(Cl)cc(OCCNC(=O)c2cc(=O)[nH]c3ccccc23)c1
137,O=C(NCCOc1cc(Cl)cc(OCCCn2ccnc2)c1)c1cc(=O)[nH]c2ccccc12
138,COC1(COc2cc(Cl)cc(OCCNC(=O)c3cc(=O)[nH]c4ccccc34)c2)CC1
139,COCCc1nccc(COc2cc(Cl)cc(OCCNC(=O)c3cc(=O)[nH]c4ccccc34)c2)n1
140,O=C(NCCOc1cc(Cl)cc(OCCNC(=O)c2cc(=O)[nH]c3ccccc23)c1)c1cnc[nH]1
141,CN1CCN(c2nccc(COc3cc(Cl)cc(OCCNC(=O)c4cc(=O)[nH]c5ccccc45)c3)n2)CC1
142,O=C(NCCOc1cc(Cl)cc(OCc2cnc3n2CCC3)c1)c1cc(=O)[nH]c2ccccc12
143,NC(=O)C1(OCCOc2cc(Cl)cc(OCCNC(=O)c3cc(=O)[nH]c4ccccc34)c2)CCC1
144,CC(C)N(C)CCOc1cc(Cl)cc(OCCNC(=O)c2cc(=O)[nH]c3ccccc23)c1
145,O=C(NCCOc1cc(Cl)cc(OC2CN(C(=O)c3ccccc3)C2)c1)c1cc(=O)[nH]c2ccccc12
146,CCCS(=O)(=O)CCOc1cc(Cl)cc(OCCNC(=O)c2cc(=O)[nH]c3ccccc23)c1
147,O=C(NCCOc1cc(Cl)cc(OCCOC2COC2)c1)c1cc(=O)[nH]c2ccccc12
148,Cc1nnn(C)c1COc1cc(Cl)cc(OCCNC(=O)c2cc(=O)[nH]c3ccccc23)c1
149,CN(C)S(=O)(=O)CCOc1cc(Cl)cc(OCCNC(=O)c2cc(=O)[nH]c3ccccc23)c1
150,O=C(NCCOc1cc(Cl)cc(OCCS(=O)(=O)C2CCCC2)c1)c1cc(=O)[nH]c2ccccc12
151,CN1CC(COc2cc(Cl)cc(OCCNC(=O)c3cc(=O)[nH]c4ccccc34)c2)C1
152,O=C1NC(=O)C2(CC(COc3cc(Cl)cc(OCCNC(=O)c4cc(=O)[nH]c5ccccc45)c3)C2)N1
153,O=C(NCCOc1cc(Cl)cc(OCC2CN(c3ccccn3)C2)c1)c1cc(=O)[nH]c2ccccc12
154,N#CC1(COc2cc(Cl)cc(OCCNC(=O)c3cc(=O)[nH]c4ccccc34)c2)COC1
155,CC12COC(COc3cc(Cl)cc(OCCNC(=O)c4cc(=O)[nH]c5ccccc45)c3)(C1)C2
156,COc1nccnc1COc1cc(Cl)cc(OCCNC(=O)c2cc(=O)[nH]c3ccccc23)c1
157,O=C(NCCOc1cc(Cl)cc(OCCc2ccncn2)c1)c1cc(=O)[nH]c2ccccc12
158,COC(=O)c1cc(COc2cc(Cl)cc(OCCNC(=O)c3cc(=O)[nH]c4ccccc34)c2)nn1C
159,CCc1nc(COc2cc(Cl)cc(OCCNC(=O)c3cc(=O)[nH]c4ccccc34)c2)no1
160,Cc1ocnc1COc1cc(Cl)cc(OCCNC(=O)c2cc(=O)[nH]c3ccccc23)c1
161,COC(=O)c1[nH]nnc1COc1cc(Cl)cc(OCCNC(=O)c2cc(=O)[nH]c3ccccc23)c1
162,O=C(NCCOc1cc(Cl)cc(OCc2noc3c2COCC3)c1)c1cc(=O)[nH]c2ccccc12
163,Cn1cnc(CCOc2cc(Cl)cc(OCCNC(=O)c3cc(=O)[nH]c4ccccc34)c2)c1
164,Cc1nc(COc2cc(Cl)cc(OCCNC(=O)c3cc(=O)[nH]c4ccccc34)c2)n[nH]1
165,COC(=O)CCN1CCC(Oc2cc(Cl)cc(OCCNC(=O)c3cc(=O)[nH]c4ccccc34)c2)CC1
166,COC(=O)c1cc(COc2cc(Cl)cc(OCCNC(=O)c3cc(=O)[nH]c4ccccc34)c2)on1
167,NC(=O)CCCOc1cc(Cl)cc(OCCNC(=O)c2cc(=O)[nH]c3ccccc23)c1
168,Cn1cc(COc2cc(Cl)cc(OCCNC(=O)c3cc(=O)[nH]c4ccccc34)c2)cn1
169,CNC(=O)CCOc1cc(Cl)cc(OCCNC(=O)c2cc(=O)[nH]c3ccccc23)c1
170,NC(=O)CN1CCC(Oc2cc(Cl)cc(OCCNC(=O)c3cc(=O)[nH]c4ccccc34)c2)CC1
171,O=C(NCCOc1cc(Cl)cc(OCCNC(=O)c2cc(=O)[nH]c3ccccc23)c1)c1cccnc1
172,Cc1ncc(COc2cc(Cl)cc(OCCNC(=O)c3cc(=O)[nH]c4ccccc34)c2)c(C)n1
173,COCCOc1cc(COc2cc(Cl)cc(OCCNC(=O)c3cc(=O)[nH]c4ccccc34)c2)ccn1
174,COC(=O)c1coc(COc2cc(Cl)cc(OCCNC(=O)c3cc(=O)[nH]c4ccccc34)c2)c1
175,O=C(NCCOc1cc(Cl)cc(OCc2ccn3ncnc3c2)c1)c1cc(=O)[nH]c2ccccc12
176,NC(=O)c1nccnc1COc1cc(Cl)cc(OCCNC(=O)c2cc(=O)[nH]c3ccccc23)c1
177,O=C1CC2(CN1)CC(Oc1cc(Cl)cc(OCCNC(=O)c3cc(=O)[nH]c4ccccc34)c1)C2
178,CCC(=O)OCCOc1cc(Cl)cc(OCCNC(=O)c2cc(=O)[nH]c3ccccc23)c1
179,O=C(NCCOc1cc(Cl)cc(OCCCn2cncn2)c1)c1cc(=O)[nH]c2ccccc12
180,O=C(NCCOc1cc(Cl)cc(OCCc2nnc3n2CCOC3)c1)c1cc(=O)[nH]c2ccccc12
181,Cc1c[nH]c(COc2cc(Cl)cc(OCCNC(=O)c3cc(=O)[nH]c4ccccc34)c2)n1
182,CCc1c(COc2cc(Cl)cc(OCCNC(=O)c3cc(=O)[nH]c4ccccc34)c2)nnn1CC
183,CCn1nnc(COc2cc(Cl)cc(OCCNC(=O)c3cc(=O)[nH]c4ccccc34)c2)c1C
184,Cc1c(COc2cc(Cl)cc(OCCNC(=O)c3cc(=O)[nH]c4ccccc34)c2)nnn1C
185,O=C(NCCOc1cc(Cl)cc(OCCN2C(=O)CCC2=O)c1)c1cc(=O)[nH]c2ccccc12
186,CC(=O)OCCOc1cc(Cl)cc(OCCNC(=O)c2cc(=O)[nH]c3ccccc23)c1
187,COCc1cc(COc2cc(Cl)cc(OCCNC(=O)c3cc(=O)[nH]c4ccccc34)c2)no1
188,Cn1cccc1CCOc1cc(Cl)cc(OCCNC(=O)c2cc(=O)[nH]c3ccccc23)c1
189,Cc1cnn(C)c1COc1cc(Cl)cc(OCCNC(=O)c2cc(=O)[nH]c3ccccc23)c1
190,Cc1ccc(COc2cc(Cl)cc(OCCNC(=O)c3cc(=O)[nH]c4ccccc34)c2)nn1
191,N#Cc1ccnc(COc2cc(Cl)cc(OCCNC(=O)c3cc(=O)[nH]c4ccccc34)c2)c1
192,COC(=O)CSSCCOc1cc(Cl)cc(OCCNC(=O)c2cc(=O)[nH]c3ccccc23)c1
193,CC(C)n1cnnc1COc1cc(Cl)cc(OCCNC(=O)c2cc(=O)[nH]c3ccccc23)c1
194,Cc1nn(CCOc2cc(Cl)cc(OCCNC(=O)c3cc(=O)[nH]c4ccccc34)c2)cc1C#N
195,O=C(NCCOc1cc(Cl)cc(OCc2nccc(=O)[nH]2)c1)c1cc(=O)[nH]c2ccccc12
196,COC1CCN(CCOc2cc(Cl)cc(OCCNC(=O)c3cc(=O)[nH]c4ccccc34)c2)CC1
197,CN1CC(COc2cc(Cl)cc(OCCNC(=O)c3cc(=O)[nH]c4ccccc34)c2)C1
198,O=C(NCCOc1cc(Cl)cc(OCc2noc(C3CC3)n2)c1)c1cc(=O)[nH]c2ccccc12
199,CCn1cncc1COc1cc(Cl)cc(OCCNC(=O)c2cc(=O)[nH]c3ccccc23)c1
200,O=C(NCCOc1cc(Cl)cc(OCCOC2CCS(=O)(=O)CC2)c1)c1cc(=O)[nH]c2ccccc12
201,O=C(NCCOc1cc(Cl)cc(OCCc2c[nH]nn2)c1)c1cc(=O)[nH]c2ccccc12
202,O=C(NCCOc1cc(Cl)cc(OCC2CCN(c3cc(=O)[nH]cn3)CC2)c1)c1cc(=O)[nH]c2ccccc12
203,O=C(NCCOc1cc(Cl)cc(OC2CCN(c3cc(=O)[nH]cn3)CC2)c1)c1cc(=O)[nH]c2ccccc12
204,COc1nn(C)cc1COc1cc(Cl)cc(OCCNC(=O)c2cc(=O)[nH]c3ccccc23)c1
205,CNC(=O)NCCCOc1cc(Cl)cc(OCCNC(=O)c2cc(=O)[nH]c3ccccc23)c1
206,O=C(NCCOc1cc(Cl)cc(OCC23CCN(CC2)C3)c1)c1cc(=O)[nH]c2ccccc12
207,CCc1nonc1COc1cc(Cl)cc(OCCNC(=O)c2cc(=O)[nH]c3ccccc23)c1
208,Cc1ncc(COc2cc(Cl)cc(OCCNC(=O)c3cc(=O)[nH]c4ccccc34)c2)cn1
209,CC(C)NS(=O)(=O)CCOc1cc(Cl)cc(OCCNC(=O)c2cc(=O)[nH]c3ccccc23)c1
210,COC(=O)c1cncc(COc2cc(Cl)cc(OCCNC(=O)c3cc(=O)[nH]c4ccccc34)c2)c1
211,CCn1cc(COc2cc(Cl)cc(OCCNC(=O)c3cc(=O)[nH]c4ccccc34)c2)nn1
212,COCc1nnc(COc2cc(Cl)cc(OCCNC(=O)c3cc(=O)[nH]c4ccccc34)c2)n1C
213,Cc1cn(C)nc1COc1cc(Cl)cc(OCCNC(=O)c2cc(=O)[nH]c3ccccc23)c1
214,O=C(NCCOc1cc(Cl)cc(OCCN2CCCC2=O)c1)c1cc(=O)[nH]c2ccccc12
215,N#CCCOc1cc(Cl)cc(OCCNC(=O)c2cc(=O)[nH]c3ccccc23)c1
216,CN(C)CCCOc1cc(Cl)cc(OCCNC(=O)c2cc(=O)[nH]c3ccccc23)c1
217,CN1CCC(Oc2cc(Cl)cc(OCCNC(=O)c3cc(=O)[nH]c4ccccc34)c2)CC1
218,O=C(NCCOc1cc(Cl)cc(OCc2ccccn2)c1)c1cc(=O)[nH]c2ccccc12
219,O=C(NCCOc1cc(Cl)cc(OCCN2CCCCC2)c1)c1cc(=O)[nH]c2ccccc12
220,O=C(NCCOc1cc(Cl)cc(OCCN2CCOCC2)c1)c1cc(=O)[nH]c2ccccc12
221,CC1(COc2cc(Cl)cc(OCCNC(=O)c3cc(=O)[nH]c4ccccc34)c2)COC1
222,CC(C)Oc1cc(Cl)cc(OCCNC(=O)c2cc(=O)[nH]c3ccccc23)c1
223,O=C(NCCOc1cc(Cl)cc(OCc2cccnc2)c1)c1cc(=O)[nH]c2ccccc12
224,CC(C)OCCOc1cc(Cl)cc(OCCNC(=O)c2cc(=O)[nH]c3ccccc23)c1
225,O=C(NCCOc1cc(Cl)cc(OCC2CC2)c1)c1cc(=O)[nH]c2ccccc12
226,O=C(NCCOc1cc(Cl)cc(OCCN2CCCC2)c1)c1cc(=O)[nH]c2ccccc12
227,COCCOCCOCCOCCCOc1cc(Cl)cc(OCCNC(=O)c2cc(=O)[nH]c3ccccc23)c1
228,O=C(NCCOc1cc(Cl)cc(OCc2ccnnc2)c1)c1cc(=O)[nH]c2ccccc12
229,CCCOc1cc(Cl)cc(OCCNC(=O)c2cc(=O)[nH]c3ccccc23)c1
230,CN(C)CCOc1cc(Cl)cc(OCCNC(=O)c2cc(=O)[nH]c3ccccc23)c1
231,CNC(=O)NCCOc1cc(Cl)cc(OCCNC(=O)c2cc(=O)[nH]c3ccccc23)c1
232,COCC1CC(Oc2cc(Cl)cc(OCCNC(=O)c3cc(=O)[nH]c4ccccc34)c2)C1
233,Cn1ncnc1COc1cc(Cl)cc(OCCNC(=O)c2cc(=O)[nH]c3ccccc23)c1
234,Cn1nncc1CCOc1cc(Cl)cc(OCCNC(=O)c2cc(=O)[nH]c3ccccc23)c1
235,O=C(NCCOc1cc(Cl)cc(OCCOc2ccccn2)c1)c1cc(=O)[nH]c2ccccc12
236,CN(C)c1oc(COc2cc(Cl)cc(OCCNC(=O)c3cc(=O)[nH]c4ccccc34)c2)nc1C#N
237,CC(=O)NC(C)(C)COc1cc(Cl)cc(OCCNC(=O)c2cc(=O)[nH]c3ccccc23)c1
238,O=C(NCCOc1cc(Cl)cc(OCCCN2CCOC2=O)c1)c1cc(=O)[nH]c2ccccc12
239,CCN1CC(Oc2cc(Cl)cc(OCCNC(=O)c3cc(=O)[nH]c4ccccc34)c2)C1
240,Cc1cc(COc2cc(Cl)cc(OCCNC(=O)c3cc(=O)[nH]c4ccccc34)c2)nn1C
241,COC(=O)c1cc(COc2cc(Cl)cc(OCCNC(=O)c3cc(=O)[nH]c4ccccc34)c2)[nH]c1C
242,O=C(NCCOc1cc(Cl)cc(OCCN2CCC2)c1)c1cc(=O)[nH]c2ccccc12
243,Cc1c(C#N)c(=O)[nH]c(=O)n1CCOc1cc(Cl)cc(OCCNC(=O)c2cc(=O)[nH]c3ccccc23)c1
244,O=C(NCCOc1cc(Cl)cc(OCCOC2CC2)c1)c1cc(=O)[nH]c2ccccc12
245,O=C(NCCOc1cc(Cl)cc(OC2CSC2)c1)c1cc(=O)[nH]c2ccccc12
246,COc1ncc(CCOc2cc(Cl)cc(OCCNC(=O)c3cc(=O)[nH]c4ccccc34)c2)cn1
247,O=C1NC(=O)C2(CC(Oc3cc(Cl)cc(OCCNC(=O)c4cc(=O)[nH]c5ccccc45)c3)C2)N1
248,CC(C)C(=O)OCCOc1cc(Cl)cc(OCCNC(=O)c2cc(=O)[nH]c3ccccc23)c1
249,NS(=O)(=O)C1(COc2cc(Cl)cc(OCCNC(=O)c3cc(=O)[nH]c4ccccc34)c2)CC1
250,Cc1nccnc1COc1cc(Cl)cc(OCCNC(=O)c2cc(=O)[nH]c3ccccc23)c1
251,CCOS(=O)(=O)CCOc1cc(Cl)cc(OCCNC(=O)c2cc(=O)[nH]c3ccccc23)c1
252,COc1cc(COc2cc(Cl)cc(OCCNC(=O)c3cc(=O)[nH]c4ccccc34)c2)nn1C
253,O=C(NCCOc1cc(Cl)cc(OC2CCN(c3ncccn3)CC2)c1)c1cc(=O)[nH]c2ccccc12
254,COS(=O)(=O)CCOc1cc(Cl)cc(OCCNC(=O)c2cc(=O)[nH]c3ccccc23)c1
255,CS(=O)(=O)C1CCC(Oc2cc(Cl)cc(OCCNC(=O)c3cc(=O)[nH]c4ccccc34)c2)CC1
256,CN1CCN(C)CC(COc2cc(Cl)cc(OCCNC(=O)c3cc(=O)[nH]c4ccccc34)c2)C1
257,CCOC(=O)c1cc(COc2cc(Cl)cc(OCCNC(=O)c3cc(=O)[nH]c4ccccc34)c2)on1
258,N#CCCOCCOCCOc1cc(Cl)cc(OCCNC(=O)c2cc(=O)[nH]c3ccccc23)c1
259,O=C(NCCOc1cc(Cl)cc(OCC2COC2)c1)c1cc(=O)[nH]c2ccccc12
260,O=C(NCCOc1cc(Cl)cc(OCC23CC(CO2)C3)c1)c1cc(=O)[nH]c2ccccc12
261,CCOC1(COc2cc(Cl)cc(OCCNC(=O)c3cc(=O)[nH]c4ccccc34)c2)CCOCC1
262,COCC1(COc2cc(Cl)cc(OCCNC(=O)c3cc(=O)[nH]c4ccccc34)c2)CCOCC1
263,COC(=O)C1CC(Oc2cc(Cl)cc(OCCNC(=O)c3cc(=O)[nH]c4ccccc34)c2)C1
264,CCOC(=O)C1(COc2cc(Cl)cc(OCCNC(=O)c3cc(=O)[nH]c4ccccc34)c2)CC1
265,COc1cc(COc2cc(Cl)cc(OCCNC(=O)c3cc(=O)[nH]c4ccccc34)c2)ccn1
266,O=C(NCCOc1cc(Cl)cc(OCc2nnc3n2CCOCC3)c1)c1cc(=O)[nH]c2ccccc12
267,COC(=O)Cn1cc(CCCOc2cc(Cl)cc(OCCNC(=O)c3cc(=O)[nH]c4ccccc34)c2)nn1
268,Cc1cc(COc2cc(Cl)cc(OCCNC(=O)c3cc(=O)[nH]c4ccccc34)c2)c(C)nn1
269,CCc1nnc(COc2cc(Cl)cc(OCCNC(=O)c3cc(=O)[nH]c4ccccc34)c2)s1
270,COC(=O)c1cnc(COc2cc(Cl)cc(OCCNC(=O)c3cc(=O)[nH]c4ccccc34)c2)cn1
271,O=C(NCCOc1cc(Cl)cc(OCc2nncs2)c1)c1cc(=O)[nH]c2ccccc12
272,O=C(NCCOc1cc(Cl)cc(OCc2nc[nH]n2)c1)c1cc(=O)[nH]c2ccccc12
273,COCc1nnc(CCOc2cc(Cl)cc(OCCNC(=O)c3cc(=O)[nH]c4ccccc34)c2)o1
274,COCCOCCOCCCOc1cc(Cl)cc(OCCNC(=O)c2cc(=O)[nH]c3ccccc23)c1
275,NC(=O)c1cnn(CCOc2cc(Cl)cc(OCCNC(=O)c3cc(=O)[nH]c4ccccc34)c2)c1
276,Cc1ncc(COc2cc(Cl)cc(OCCNC(=O)c3cc(=O)[nH]c4ccccc34)c2)o1
277,CN(C)C1CC(Oc2cc(Cl)cc(OCCNC(=O)c3cc(=O)[nH]c4ccccc34)c2)C1
278,CC(C)(C)n1nnc(CCOc2cc(Cl)cc(OCCNC(=O)c3cc(=O)[nH]c4ccccc34)c2)n1
279,O=C(NCCOc1cc(Cl)cc(OCc2ncccn2)c1)c1cc(=O)[nH]c2ccccc12
280,O=C(NCCOc1cc(Cl)cc(OCc2nnn[nH]2)c1)c1cc(=O)[nH]c2ccccc12
281,Cn1ccc(CCOc2cc(Cl)cc(OCCNC(=O)c3cc(=O)[nH]c4ccccc34)c2)n1
282,CC(C)(C)n1cc(COc2cc(Cl)cc(OCCNC(=O)c3cc(=O)[nH]c4ccccc34)c2)nn1
283,O=C(NCCOc1cc(Cl)cc(OCc2nc3ncccn3n2)c1)c1cc(=O)[nH]c2ccccc12
284,N#CCC1(COc2cc(Cl)cc(OCCNC(=O)c3cc(=O)[nH]c4ccccc34)c2)COC1
285,O=C(NCCOc1cc(Cl)cc(OCC2CS(=O)(=O)C2)c1)c1cc(=O)[nH]c2ccccc12
286,CC(C)(C)n1nnc(COc2cc(Cl)cc(OCCNC(=O)c3cc(=O)[nH]c4ccccc34)c2)n1
287,O=C(NCCOc1cc(Cl)cc(OCC2CSC2)c1)c1cc(=O)[nH]c2ccccc12
288,O=C(NCCOc1cc(Cl)cc(OCc2cc3n(n2)CCOC3)c1)c1cc(=O)[nH]c2ccccc12
289,CC1CN(CCOc2cc(Cl)cc(OCCNC(=O)c3cc(=O)[nH]c4ccccc34)c2)C1
290,Cc1ccccc1CNS(=O)(=O)CCOc1cc(Cl)cc(OCCNC(=O)c2cc(=O)[nH]c3ccccc23)c1
291,CN(C)C(=O)NCCOc1cc(Cl)cc(OCCNC(=O)c2cc(=O)[nH]c3ccccc23)c1
292,Cc1nnc(CCOc2cc(Cl)cc(OCCNC(=O)c3cc(=O)[nH]c4ccccc34)c2)o1
293,CS(=O)(=O)N1CC(COc2cc(Cl)cc(OCCNC(=O)c3cc(=O)[nH]c4ccccc34)c2)C1
294,O=C(NCCOc1cc(Cl)cc(OCCCN2CCC2)c1)c1cc(=O)[nH]c2ccccc12
295,Cc1cncc(CCOc2cc(Cl)cc(OCCNC(=O)c3cc(=O)[nH]c4ccccc34)c2)n1
296,O=C(NCCOc1cc(Cl)cc(OCCCN2CC3(COC3)C2)c1)c1cc(=O)[nH]c2ccccc12
297,O=C(NCCOc1cc(Cl)cc(OCCN2CC3(COC3)C2)c1)c1cc(=O)[nH]c2ccccc12
298,Cc1c[nH]nc1COc1cc(Cl)cc(OCCNC(=O)c2cc(=O)[nH]c3ccccc23)c1
299,Cn1cc(CCOc2cc(Cl)cc(OCCNC(=O)c3cc(=O)[nH]c4ccccc34)c2)nn1
300,O=C(NCCOc1cc(Cl)cc(OCCCn2cnccc2=O)c1)c1cc(=O)[nH]c2ccccc12
301,NC(=O)NCCOCCOc1cc(Cl)cc(OCCNC(=O)c2cc(=O)[nH]c3ccccc23)c1
302,CCC1(COc2cc(Cl)cc(OCCNC(=O)c3cc(=O)[nH]c4ccccc34)c2)C(=O)NC(=O)NC1=O
303,CCOC(=O)C1(COc2cc(Cl)cc(OCCNC(=O)c3cc(=O)[nH]c4ccccc34)c2)CCOCC1
304,COC(=O)C1(COc2cc(Cl)cc(OCCNC(=O)c3cc(=O)[nH]c4ccccc34)c2)CCC1
305,O=C(NCCOc1cc(Cl)cc(OCc2cnn3c2CCC3)c1)c1cc(=O)[nH]c2ccccc12
306,O=C(NCCOc1cc(Cl)cc(OCCn2[nH]c(=O)ccc2=O)c1)c1cc(=O)[nH]c2ccccc12
307,CN(C)C(=O)OCCOc1cc(Cl)cc(OCCNC(=O)c2cc(=O)[nH]c3ccccc23)c1
308,O=C(NCCOc1cc(Cl)cc(OCCNc2ccncn2)c1)c1cc(=O)[nH]c2ccccc12
309,O=C(NCCOc1cc(Cl)cc(OCc2cc3n(n2)CCC3)c1)c1cc(=O)[nH]c2ccccc12
310,CS(=O)(=O)CCOc1cc(Cl)cc(OCCNC(=O)c2cc(=O)[nH]c3ccccc23)c1
311,O=C(NCCOc1cc(Cl)cc(OCCCc2ccncn2)c1)c1cc(=O)[nH]c2ccccc12
312,COc1cc(COc2cc(Cl)cc(OCCNC(=O)c3cc(=O)[nH]c4ccccc34)c2)on1
313,N#Cc1cc(COc2cc(Cl)cc(OCCNC(=O)c3cc(=O)[nH]c4ccccc34)c2)ccn1
314,CS(=O)(=O)c1cccc(COc2cc(Cl)cc(OCCNC(=O)c3cc(=O)[nH]c4ccccc34)c2)c1
315,Cc1nn(C)cc1CCOc1cc(Cl)cc(OCCNC(=O)c2cc(=O)[nH]c3ccccc23)c1
316,O=C(NCCOc1cc(Cl)cc(OC2CS(=O)(=O)C2)c1)c1cc(=O)[nH]c2ccccc12
317,O=C(NCCOc1cc(Cl)cc(OCCn2cccc2)c1)c1cc(=O)[nH]c2ccccc12
318,COCCN1CCC(Oc2cc(Cl)cc(OCCNC(=O)c3cc(=O)[nH]c4ccccc34)c2)CC1
319,O=C(NCCOc1cc(Cl)cc(OCC2CN(c3ccccn3)C2)c1)c1cc(=O)[nH]c2ccccc12
320,O=C(NCCOc1cc(Cl)cc(OCc2cn(CC3CC3)nn2)c1)c1cc(=O)[nH]c2ccccc12
321,CC(=O)N1CC(Oc2cc(Cl)cc(OCCNC(=O)c3cc(=O)[nH]c4ccccc34)c2)C1
322,CCn1nccc1COc1cc(Cl)cc(OCCNC(=O)c2cc(=O)[nH]c3ccccc23)c1
323,CCn1nncc1COc1cc(Cl)cc(OCCNC(=O)c2cc(=O)[nH]c3ccccc23)c1
324,CCN1CCC(Oc2cc(Cl)cc(OCCNC(=O)c3cc(=O)[nH]c4ccccc34)c2)CC1
325,O=C(NCCOc1cc(Cl)cc(OCCCc2cn[nH]c2)c1)c1cc(=O)[nH]c2ccccc12
326,Cn1ncc(CCCOc2cc(Cl)cc(OCCNC(=O)c3cc(=O)[nH]c4ccccc34)c2)n1
327,Cn1cncc1CCCOc1cc(Cl)cc(OCCNC(=O)c2cc(=O)[nH]c3ccccc23)c1
328,COc1ccnc(COc2cc(Cl)cc(OCCNC(=O)c3cc(=O)[nH]c4ccccc34)c2)c1
329,O=C(NCCOc1cc(Cl)cc(OCCN2CCN(C(=O)C3CCC3)CC2)c1)c1cc(=O)[nH]c2ccccc12
330,CN(CCOc1cc(Cl)cc(OCCNC(=O)c2cc(=O)[nH]c3ccccc23)c1)S(C)(=O)=O
331,CCNC(=O)NCCOc1cc(Cl)cc(OCCNC(=O)c2cc(=O)[nH]c3ccccc23)c1
332,NC(=O)c1ccccc1COc1cc(Cl)cc(OCCNC(=O)c2cc(=O)[nH]c3ccccc23)c1
333,CC(=O)NCCCOc1cc(Cl)cc(OCCNC(=O)c2cc(=O)[nH]c3ccccc23)c1
334,Cn1cc(CCOc2cc(Cl)cc(OCCNC(=O)c3cc(=O)[nH]c4ccccc34)c2)cn1
335,Cc1cc(COc2cc(Cl)cc(OCCNC(=O)c3cc(=O)[nH]c4ccccc34)c2)nc(C)n1
336,CCOCC(COCC)Oc1cc(Cl)cc(OCCNC(=O)c2cc(=O)[nH]c3ccccc23)c1
337,O=C(NCCOc1cc(Cl)cc(OCCCCN2C(=O)CSC2=O)c1)c1cc(=O)[nH]c2ccccc12
338,Cc1nccc(COc2cc(Cl)cc(OCCNC(=O)c3cc(=O)[nH]c4ccccc34)c2)n1
339,Cn1c(COc2cc(Cl)cc(OCCNC(=O)c3cc(=O)[nH]c4ccccc34)c2)nnc1C1CC1
340,O=C(NCCOc1cc(Cl)cc(OCCCN2CCCCC2=O)c1)c1cc(=O)[nH]c2ccccc12
341,CN(CCOc1cc(Cl)cc(OCCNC(=O)c2cc(=O)[nH]c3ccccc23)c1)c1ccnc(C#N)c1
342,COCCCOCCOc1cc(Cl)cc(OCCNC(=O)c2cc(=O)[nH]c3ccccc23)c1
343,Cc1n[nH]c(C)c1CCOc1cc(Cl)cc(OCCNC(=O)c2cc(=O)[nH]c3ccccc23)c1
344,COC(=O)Cn1cc(CCOc2cc(Cl)cc(OCCNC(=O)c3cc(=O)[nH]c4ccccc34)c2)nn1
345,Cn1ncnc1COc1cc(Cl)cc(OCCNC(=O)c2cc(=O)[nH]c3ccccc23)c1
346,O=C(NCCOc1cc(Cl)cc(OCCc2cnoc2)c1)c1cc(=O)[nH]c2ccccc12
347,Cn1cc(COc2cc(Cl)cc(OCCNC(=O)c3cc(=O)[nH]c4ccccc34)c2)nn1
348,NS(=O)(=O)c1cccc(COc2cc(Cl)cc(OCCNC(=O)c3cc(=O)[nH]c4ccccc34)c2)c1
349,Cn1nncc1COc1cc(Cl)cc(OCCNC(=O)c2cc(=O)[nH]c3ccccc23)c1
350,COCCSCCOc1cc(Cl)cc(OCCNC(=O)c2cc(=O)[nH]c3ccccc23)c1
351,O=C(NCCOc1cc(Cl)cc(OCc2cnon2)c1)c1cc(=O)[nH]c2ccccc12
352,Cn1ncnc1CCOc1cc(Cl)cc(OCCNC(=O)c2cc(=O)[nH]c3ccccc23)c1
353,Cn1cnc(COc2cc(Cl)cc(OCCNC(=O)c3cc(=O)[nH]c4ccccc34)c2)n1
354,COC(=O)c1ccc(COc2cc(Cl)cc(OCCNC(=O)c3cc(=O)[nH]c4ccccc34)c2)[nH]1
355,O=C(NCCOc1cc(Cl)cc(OC2CCS(=O)(=O)CC2)c1)c1cc(=O)[nH]c2ccccc12
356,CCn1ncc(COc2cc(Cl)cc(OCCNC(=O)c3cc(=O)[nH]c4ccccc34)c2)n1
357,O=C(NCCOc1cc(Cl)cc(OCCCCN2CCOCC2)c1)c1cc(=O)[nH]c2ccccc12
358,CC(C)n1cc(COc2cc(Cl)cc(OCCNC(=O)c3cc(=O)[nH]c4ccccc34)c2)nn1
359,O=C(NCCOc1cc(Cl)cc(OCc2nnc3n2CCOC3)c1)c1cc(=O)[nH]c2ccccc12
360,COc1coc(COc2cc(Cl)cc(OCCNC(=O)c3cc(=O)[nH]c4ccccc34)c2)cc1=O
361,COc1cncc(COc2cc(Cl)cc(OCCNC(=O)c3cc(=O)[nH]c4ccccc34)c2)c1
362,O=C(NCCOc1cc(Cl)cc(OCc2cnsn2)c1)c1cc(=O)[nH]c2ccccc12
363,CCOCCN1CC(Oc2cc(Cl)cc(OCCNC(=O)c3cc(=O)[nH]c4ccccc34)c2)C1
364,O=C(NCCOc1cc(Cl)cc(OCc2ccncc2)c1)c1cc(=O)[nH]c2ccccc12
365,O=C(NCCOc1cc(Cl)cc(OCc2ccno2)c1)c1cc(=O)[nH]c2ccccc12
366,CN1CCC(OCCOc2cc(Cl)cc(OCCNC(=O)c3cc(=O)[nH]c4ccccc34)c2)CC1
367,COc1ncccc1COc1cc(Cl)cc(OCCNC(=O)c2cc(=O)[nH]c3ccccc23)c1
368,CCn1nc(C)c(COc2cc(Cl)cc(OCCNC(=O)c3cc(=O)[nH]c4ccccc34)c2)n1
369,O=C(NCCOc1cc(Cl)cc(OCc2csnn2)c1)c1cc(=O)[nH]c2ccccc12
370,CCn1nnc(C)c1COc1cc(Cl)cc(OCCNC(=O)c2cc(=O)[nH]c3ccccc23)c1
371,O=C(NCCOc1cc(Cl)cc(OCc2cn(CCc3ccccn3)nn2)c1)c1cc(=O)[nH]c2ccccc12
372,O=C(NCCOc1cc(Cl)cc(OCCNc2ncccn2)c1)c1cc(=O)[nH]c2ccccc12
373,CCCOCCOc1cc(Cl)cc(OCCNC(=O)c2cc(=O)[nH]c3ccccc23)c1
374,O=C(NCCOc1cc(Cl)cc(OC2CCC2)c1)c1cc(=O)[nH]c2ccccc12
375,O=C(NCCOc1cc(Cl)cc(OCc2cn[nH]c2)c1)c1cc(=O)[nH]c2ccccc12
376,Cc1cc(COc2cc(Cl)cc(OCCNC(=O)c3cc(=O)[nH]c4ccccc34)c2)no1
377,COC(=O)CC1CC(Oc2cc(Cl)cc(OCCNC(=O)c3cc(=O)[nH]c4ccccc34)c2)C1
378,CCn1ccc(COc2cc(Cl)cc(OCCNC(=O)c3cc(=O)[nH]c4ccccc34)c2)n1
379,O=C(NCCOc1cc(Cl)cc(OCCn2ncc3c(=O)[nH]cnc32)c1)c1cc(=O)[nH]c2ccccc12
380,Cc1nocc1COc1cc(Cl)cc(OCCNC(=O)c2cc(=O)[nH]c3ccccc23)c1
381,Cc1nn(C)c(C)c1COc1cc(Cl)cc(OCCNC(=O)c2cc(=O)[nH]c3ccccc23)c1
382,CC(C)(C)c1nnc(COc2cc(Cl)cc(OCCNC(=O)c3cc(=O)[nH]c4ccccc34)c2)[nH]1
383,O=C(NCCOc1cc(Cl)cc(OCCn2cnccc2=O)c1)c1cc(=O)[nH]c2ccccc12
384,NS(=O)(=O)CCOc1cc(Cl)cc(OCCNC(=O)c2cc(=O)[nH]c3ccccc23)c1
385,O=C(NCCOc1cc(Cl)cc(OCc2cocn2)c1)c1cc(=O)[nH]c2ccccc12
386,CCn1cc(COc2cc(Cl)cc(OCCNC(=O)c3cc(=O)[nH]c4ccccc34)c2)cn1
387,COC(C)(C)COc1cc(Cl)cc(OCCNC(=O)c2cc(=O)[nH]c3ccccc23)c1
388,CC(=O)NCCOCCOc1cc(Cl)cc(OCCNC(=O)c2cc(=O)[nH]c3ccccc23)c1
389,COc1ccc(COc2cc(Cl)cc(OCCNC(=O)c3cc(=O)[nH]c4ccccc34)c2)nc1
390,COC(=O)c1cc(COc2cc(Cl)cc(OCCNC(=O)c3cc(=O)[nH]c4ccccc34)c2)c[nH]1
391,CS(=O)(=O)c1ccccc1COc1cc(Cl)cc(OCCNC(=O)c2cc(=O)[nH]c3ccccc23)c1
392,O=C(NCCOc1cc(Cl)cc(OCCCc2cnoc2)c1)c1cc(=O)[nH]c2ccccc12
393,COC1(COc2cc(Cl)cc(OCCNC(=O)c3cc(=O)[nH]c4ccccc34)c2)CCC1
394,CN(CCOc1cc(Cl)cc(OCCNC(=O)c2cc(=O)[nH]c3ccccc23)c1)C1CCC1
395,CCNC(=O)CCOc1cc(Cl)cc(OCCNC(=O)c2cc(=O)[nH]c3ccccc23)c1
396,CN(C)c1c(COc2cc(Cl)cc(OCCNC(=O)c3cc(=O)[nH]c4ccccc34)c2)c(=O)n(C)c(=O)n1C
397,CC(C)c1nnc(COc2cc(Cl)cc(OCCNC(=O)c3cc(=O)[nH]c4ccccc34)c2)[nH]1
398,CN(C)c1ncc(COc2cc(Cl)cc(OCCNC(=O)c3cc(=O)[nH]c4ccccc34)c2)n1C
399,N#CN1CCC(Oc2cc(Cl)cc(OCCNC(=O)c3cc(=O)[nH]c4ccccc34)c2)CC1
400,Cc1nccnc1CCOc1cc(Cl)cc(OCCNC(=O)c2cc(=O)[nH]c3ccccc23)c1
401,Cc1ncoc1COc1cc(Cl)cc(OCCNC(=O)c2cc(=O)[nH]c3ccccc23)c1
402,O=C(NCCOc1cc(Cl)cc(OCCc2nnn[nH]2)c1)c1cc(=O)[nH]c2ccccc12
403,CS(=O)(=O)c1ccc(COc2cc(Cl)cc(OCCNC(=O)c3cc(=O)[nH]c4ccccc34)c2)cc1
404,Cc1cc(COc2cc(Cl)cc(OCCNC(=O)c3cc(=O)[nH]c4ccccc34)c2)on1
405,O=C(NCCOc1cc(Cl)cc(OCCc2cnc(=O)[nH]c2)c1)c1cc(=O)[nH]c2ccccc12
406,O=C(NCCOc1cc(Cl)cc(OCCc2cc[nH]n2)c1)c1cc(=O)[nH]c2ccccc12
407,O=C(NCCOc1cc(Cl)cc(OCCCNc2ccc3nccn3n2)c1)c1cc(=O)[nH]c2ccccc12
408,Cn1ncc(COc2cc(Cl)cc(OCCNC(=O)c3cc(=O)[nH]c4ccccc34)c2)n1
409,O=C(NCCOc1cc(Cl)cc(OCc2cc3n(n2)CCCO3)c1)c1cc(=O)[nH]c2ccccc12
410,CN(C)S(=O)(=O)c1ccccc1COc1cc(Cl)cc(OCCNC(=O)c2cc(=O)[nH]c3ccccc23)c1
411,N#CC1(OCCOc2cc(Cl)cc(OCCNC(=O)c3cc(=O)[nH]c4ccccc34)c2)CCOCC1
412,Cn1cnc(COc2cc(Cl)cc(OCCNC(=O)c3cc(=O)[nH]c4ccccc34)c2)c1
413,COc1ccncc1COc1cc(Cl)cc(OCCNC(=O)c2cc(=O)[nH]c3ccccc23)c1
414,O=C(NCCOc1cc(Cl)cc(OCCc2ncc[nH]2)c1)c1cc(=O)[nH]c2ccccc12
415,CCN(CCOc1cc(Cl)cc(OCCNC(=O)c2cc(=O)[nH]c3ccccc23)c1)N=O
416,CCN(C)CCCOc1cc(Cl)cc(OCCNC(=O)c2cc(=O)[nH]c3ccccc23)c1
417,CNC(=O)OCCOc1cc(Cl)cc(OCCNC(=O)c2cc(=O)[nH]c3ccccc23)c1
418,O=C(NCCOc1cc(Cl)cc(OCCCN2C(=O)CNC2=O)c1)c1cc(=O)[nH]c2ccccc12
419,CCn1ncnc1COc1cc(Cl)cc(OCCNC(=O)c2cc(=O)[nH]c3ccccc23)c1
420,CC(C)(C)C(=O)NCCOc1cc(Cl)cc(OCCNC(=O)c2cc(=O)[nH]c3ccccc23)c1
421,N#CC1(COc2cc(Cl)cc(OCCNC(=O)c3cc(=O)[nH]c4ccccc34)c2)CC1
422,CN(C)CC1(COc2cc(Cl)cc(OCCNC(=O)c3cc(=O)[nH]c4ccccc34)c2)CC1
423,COc1nccc(CCOc2cc(Cl)cc(OCCNC(=O)c3cc(=O)[nH]c4ccccc34)c2)n1
424,O=C(NCCOc1cc(Cl)cc(OCC23CCN(CC2)CC3)c1)c1cc(=O)[nH]c2ccccc12
425,NS(=O)(=O)c1ccc(COc2cc(Cl)cc(OCCNC(=O)c3cc(=O)[nH]c4ccccc34)c2)cc1
426,CN(C)C1(COc2cc(Cl)cc(OCCNC(=O)c3cc(=O)[nH]c4ccccc34)c2)CCC1
427,CN(C)C1(COc2cc(Cl)cc(OCCNC(=O)c3cc(=O)[nH]c4ccccc34)c2)CC1
428,O=C(NCCOc1cc(Cl)cc(OCc2ccn[nH]2)c1)c1cc(=O)[nH]c2ccccc12
429,CS(=O)(=O)C1(COc2cc(Cl)cc(OCCNC(=O)c3cc(=O)[nH]c4ccccc34)c2)CCC1
430,CC(C)(COc1cc(Cl)cc(OCCNC(=O)c2cc(=O)[nH]c3ccccc23)c1)N1CCNC1=O
431,O=C(NCCOc1cc(Cl)cc(OCc2nnc3ccccc3n2)c1)c1cc(=O)[nH]c2ccccc12
432,COCC1(COc2cc(Cl)cc(OCCNC(=O)c3cc(=O)[nH]c4ccccc34)c2)CC1
433,CS(=O)(=O)C1(COc2cc(Cl)cc(OCCNC(=O)c3cc(=O)[nH]c4ccccc34)c2)CC1
434,CN(C)CCN(C)CCCOc1cc(Cl)cc(OCCNC(=O)c2cc(=O)[nH]c3ccccc23)c1
435,O=C(NCCOc1cc(Cl)cc(OCc2c[nH]nn2)c1)c1cc(=O)[nH]c2ccccc12
436,COC(=O)N1CCC(COc2cc(Cl)cc(OCCNC(=O)c3cc(=O)[nH]c4ccccc34)c2)CC1
437,COc1ccc(C(=O)NCCOc2cc(Cl)cc(OCCNC(=O)c3cc(=O)[nH]c4ccccc34)c2)cc1
438,O=C(NCCOc1cc(Cl)cc(OCc2cncnc2)c1)c1cc(=O)[nH]c2ccccc12
439,COC(=O)c1cc(COc2cc(Cl)cc(OCCNC(=O)c3cc(=O)[nH]c4ccccc34)c2)cn1C
440,NC(=O)c1cn(CCOc2cc(Cl)cc(OCCNC(=O)c3cc(=O)[nH]c4ccccc34)c2)nn1
441,Cc1nsc(COc2cc(Cl)cc(OCCNC(=O)c3cc(=O)[nH]c4ccccc34)c2)n1
442,COC(=O)c1cn(CCOc2cc(Cl)cc(OCCNC(=O)c3cc(=O)[nH]c4ccccc34)c2)nn1
443,CCCn1ncnc1COc1cc(Cl)cc(OCCNC(=O)c2cc(=O)[nH]c3ccccc23)c1
444,CC(C)n1ncnc1COc1cc(Cl)cc(OCCNC(=O)c2cc(=O)[nH]c3ccccc23)c1
445,CC(C)(C)OC(=O)NCCOCCOc1cc(Cl)cc(OCCNC(=O)c2cc(=O)[nH]c3ccccc23)c1
446,Cc1nc(COc2cc(Cl)cc(OCCNC(=O)c3cc(=O)[nH]c4ccccc34)c2)c[nH]1
447,CN(CCOc1cc(Cl)cc(OCCNC(=O)c2cc(=O)[nH]c3ccccc23)c1)C1CC1
448,O=C(NCCOc1cc(Cl)cc(OCCn2ccnc2)c1)c1cc(=O)[nH]c2ccccc12
449,O=C(NCCOc1cc(Cl)cc(OCc2nnc3n2CCCC3)c1)c1cc(=O)[nH]c2ccccc12
450,O=C(NCCOc1cc(Cl)cc(OCC23CCCN2CCC3)c1)c1cc(=O)[nH]c2ccccc12
451,NS(=O)(=O)N1CCC(Oc2cc(Cl)cc(OCCNC(=O)c3cc(=O)[nH]c4ccccc34)c2)CC1
452,CC(C)N1CC(Oc2cc(Cl)cc(OCCNC(=O)c3cc(=O)[nH]c4ccccc34)c2)C1
453,N#Cc1ccc(COc2cc(Cl)cc(OCCNC(=O)c3cc(=O)[nH]c4ccccc34)c2)nc1
454,O=C(NCCOc1cc(Cl)cc(OCCOC2CCOCC2)c1)c1cc(=O)[nH]c2ccccc12
455,COC1(COc2cc(Cl)cc(OCCNC(=O)c3cc(=O)[nH]c4ccccc34)c2)CCOCC1
456,O=C(NCCOc1cc(Cl)cc(OCc2nc3cncnc3[nH]2)c1)c1cc(=O)[nH]c2ccccc12
457,COCCOCCCOc1cc(Cl)cc(OCCNC(=O)c2cc(=O)[nH]c3ccccc23)c1
458,Cn1cc(COc2cc(Cl)cc(OCCNC(=O)c3cc(=O)[nH]c4ccccc34)c2)cc1C#N
459,CCn1cc(CCOc2cc(Cl)cc(OCCNC(=O)c3cc(=O)[nH]c4ccccc34)c2)cn1
460,COC(=O)C(C)(C)COc1cc(Cl)cc(OCCNC(=O)c2cc(=O)[nH]c3ccccc23)c1
461,NC(=O)CN1CCN(CCOc2cc(Cl)cc(OCCNC(=O)c3cc(=O)[nH]c4ccccc34)c2)CC1
462,Cn1ccnc1CCCOc1cc(Cl)cc(OCCNC(=O)c2cc(=O)[nH]c3ccccc23)c1
463,CC1(C)NC(=O)N(CCOc2cc(Cl)cc(OCCNC(=O)c3cc(=O)[nH]c4ccccc34)c2)C1=O
464,CCOC1CC(Oc2cc(Cl)cc(OCCNC(=O)c3cc(=O)[nH]c4ccccc34)c2)C1
465,NC(=O)c1ncccc1COc1cc(Cl)cc(OCCNC(=O)c2cc(=O)[nH]c3ccccc23)c1
466,NC(=O)c1ccc(COc2cc(Cl)cc(OCCNC(=O)c3cc(=O)[nH]c4ccccc34)c2)cc1
467,CCN1CC(COc2cc(Cl)cc(OCCNC(=O)c3cc(=O)[nH]c4ccccc34)c2)C1
468,Cc1nccn1CCOc1cc(Cl)cc(OCCNC(=O)c2cc(=O)[nH]c3ccccc23)c1
469,O=C(NCCOc1cc(Cl)cc(OCCOCC2CC2)c1)c1cc(=O)[nH]c2ccccc12
470,Cc1cc(=O)c(COc2cc(Cl)cc(OCCNC(=O)c3cc(=O)[nH]c4ccccc34)c2)n[nH]1
471,Cn1cnnc1CCOc1cc(Cl)cc(OCCNC(=O)c2cc(=O)[nH]c3ccccc23)c1
472,Cn1cncc1CCOc1cc(Cl)cc(OCCNC(=O)c2cc(=O)[nH]c3ccccc23)c1
473,NC(=O)c1cccnc1COc1cc(Cl)cc(OCCNC(=O)c2cc(=O)[nH]c3ccccc23)c1
474,CN(C)S(=O)(=O)CCCOc1cc(Cl)cc(OCCNC(=O)c2cc(=O)[nH]c3ccccc23)c1
475,COC(=O)c1ccnc(COc2cc(Cl)cc(OCCNC(=O)c3cc(=O)[nH]c4ccccc34)c2)c1
476,O=C(NCCOc1cc(Cl)cc(OCc2ccc[nH]2)c1)c1cc(=O)[nH]c2ccccc12
477,CN(C)c1noc(COc2cc(Cl)cc(OCCNC(=O)c3cc(=O)[nH]c4ccccc34)c2)n1
478,O=C(NCCOc1cc(Cl)cc(OCCN2CCN(S(=O)(=O)C3CC3)CC2)c1)c1cc(=O)[nH]c2ccccc12
479,Cc1ncncc1COc1cc(Cl)cc(OCCNC(=O)c2cc(=O)[nH]c3ccccc23)c1
480,Cc1cnc(CCOc2cc(Cl)cc(OCCNC(=O)c3cc(=O)[nH]c4ccccc34)c2)cn1
481,Cc1[nH]c2ncnn2c(=O)c1CCOc1cc(Cl)cc(OCCNC(=O)c2cc(=O)[nH]c3ccccc23)c1
482,CCc1nnc(COc2cc(Cl)cc(OCCNC(=O)c3cc(=O)[nH]c4ccccc34)c2)[nH]1
483,Cn1ccc(COc2cc(Cl)cc(OCCNC(=O)c3cc(=O)[nH]c4ccccc34)c2)n1
484,CC(C)(C#N)COc1cc(Cl)cc(OCCNC(=O)c2cc(=O)[nH]c3ccccc23)c1
485,Cn1nc(COc2cc(Cl)cc(OCCNC(=O)c3cc(=O)[nH]c4ccccc34)c2)c2c(=O)[nH]cnc21
486,Cn1c(COc2cc(Cl)cc(OCCNC(=O)c3cc(=O)[nH]c4ccccc34)c2)nnc1C1CCC1
487,COC(=O)c1cccc(COc2cc(Cl)cc(OCCNC(=O)c3cc(=O)[nH]c4ccccc34)c2)n1
488,O=C(NCCOc1cc(Cl)cc(OCCN2CCOCC2=O)c1)c1cc(=O)[nH]c2ccccc12
489,CCCN1CC(Oc2cc(Cl)cc(OCCNC(=O)c3cc(=O)[nH]c4ccccc34)c2)C1
490,N#CC1(COc2cc(Cl)cc(OCCNC(=O)c3cc(=O)[nH]c4ccccc34)c2)CCOCC1
491,NS(=O)(=O)c1ccc(CCOc2cc(Cl)cc(OCCNC(=O)c3cc(=O)[nH]c4ccccc34)c2)cc1
492,O=C(NCCOc1cc(Cl)cc(OCCNC(=O)c2cc(=O)[nH]c3ccccc23)c1)c1ccncc1
493,O=C(NCCOc1cc(Cl)cc(OCCN2C(=O)c3ccccc3C2=O)c1)c1cc(=O)[nH]c2ccccc12
494,Cc1oncc1COc1cc(Cl)cc(OCCNC(=O)c2cc(=O)[nH]c3ccccc23)c1
495,Cn1cc(COc2cc(Cl)cc(OCCNC(=O)c3cc(=O)[nH]c4ccccc34)c2)nn1
496,Cc1cc(COc2cc(Cl)cc(OCCNC(=O)c3cc(=O)[nH]c4ccccc34)c2)ncn1
497,O=C(NCCOc1cc(Cl)cc(OCc2nncn2C2CC2)c1)c1cc(=O)[nH]c2ccccc12
498,O=C(NCCOc1cc(Cl)cc(OCCN2C(=O)COc3ccccc32)c1)c1cc(=O)[nH]c2ccccc12
499,CS(=O)(=O)CC1(COc2cc(Cl)cc(OCCNC(=O)c3cc(=O)[nH]c4ccccc34)c2)CCOCC1
500,Cc1nnc(COc2cc(Cl)cc(OCCNC(=O)c3cc(=O)[nH]c4ccccc34)c2)n1C1CC1
501,O=C(NCCOc1cc(Cl)cc(OCc2cnns2)c1)c1cc(=O)[nH]c2ccccc12
502,Cc1nnc(COc2cc(Cl)cc(OCCNC(=O)c3cc(=O)[nH]c4ccccc34)c2)s1
503,Cc1cnc(COc2cc(Cl)cc(OCCNC(=O)c3cc(=O)[nH]c4ccccc34)c2)o1
504,Cc1[nH]c(=O)[nH]c(=O)c1COc1cc(Cl)cc(OCCNC(=O)c2cc(=O)[nH]c3ccccc23)c1
505,O=C(NCCOc1cc(Cl)cc(OC2CC2)c1)c1cc(=O)[nH]c2ccccc12
506,CC(C)Cn1ncnc1COc1cc(Cl)cc(OCCNC(=O)c2cc(=O)[nH]c3ccccc23)c1
507,CC(C)(COc1cc(Cl)cc(OCCNC(=O)c2cc(=O)[nH]c3ccccc23)c1)S(C)(=O)=O
508,CN1CCN(CCOc2cc(Cl)cc(OCCNC(=O)c3cc(=O)[nH]c4ccccc34)c2)CC1
509,CCCn1c(C)nnc1COc1cc(Cl)cc(OCCNC(=O)c2cc(=O)[nH]c3ccccc23)c1
510,CC(C)(C)OC(=O)Cn1cc(COc2cc(Cl)cc(OCCNC(=O)c3cc(=O)[nH]c4ccccc34)c2)nn1
511,Cn1ncnc1COc1cc(Cl)cc(OCCNC(=O)c2cc(=O)[nH]c3ccccc23)c1
512,CS(=O)(=O)N1CCC(Oc2cc(Cl)cc(OCCNC(=O)c3cc(=O)[nH]c4ccccc34)c2)CC1
513,CS(=O)(=O)NC1CCC(Oc2cc(Cl)cc(OCCNC(=O)c3cc(=O)[nH]c4ccccc34)c2)CC1
514,Cn1nccc1COc1cc(Cl)cc(OCCNC(=O)c2cc(=O)[nH]c3ccccc23)c1
515,CCOC(=O)NCCOc1cc(Cl)cc(OCCNC(=O)c2cc(=O)[nH]c3ccccc23)c1
516,Cn1ccnc1COc1cc(Cl)cc(OCCNC(=O)c2cc(=O)[nH]c3ccccc23)c1
517,O=C(NCCOc1cc(Cl)cc(OCc2cnccn2)c1)c1cc(=O)[nH]c2ccccc12
518,CCNC(=O)NCCCOc1cc(Cl)cc(OCCNC(=O)c2cc(=O)[nH]c3ccccc23)c1
519,O=C(NCCOc1cc(Cl)cc(OCCN2CCCCC2=O)c1)c1cc(=O)[nH]c2ccccc12
520,O=C(NCCOc1cc(Cl)cc(OCCOC2CCC2)c1)c1cc(=O)[nH]c2ccccc12
521,N#CCC(CC#N)Oc1cc(Cl)cc(OCCNC(=O)c2cc(=O)[nH]c3ccccc23)c1
522,Cc1nnc(COc2cc(Cl)cc(OCCNC(=O)c3cc(=O)[nH]c4ccccc34)c2)n1C
523,CN(CCOc1cc(Cl)cc(OCCNC(=O)c2cc(=O)[nH]c3ccccc23)c1)c1ccccn1
524,COC(=O)c1ccc(COc2cc(Cl)cc(OCCNC(=O)c3cc(=O)[nH]c4ccccc34)c2)o1
525,CN(C)C(=O)CCCOc1cc(Cl)cc(OCCNC(=O)c2cc(=O)[nH]c3ccccc23)c1
526,O=C(NCCOc1cc(Cl)cc(OCCNS(=O)(=O)N2CCOCC2)c1)c1cc(=O)[nH]c2ccccc12
527,CCOC(=O)CN1CCC(Oc2cc(Cl)cc(OCCNC(=O)c3cc(=O)[nH]c4ccccc34)c2)CC1
528,COc1ccc(COc2cc(Cl)cc(OCCNC(=O)c3cc(=O)[nH]c4ccccc34)c2)nn1
529,COCCOc1ncccc1COc1cc(Cl)cc(OCCNC(=O)c2cc(=O)[nH]c3ccccc23)c1
530,CN(CCOc1cc(Cl)cc(OCCNC(=O)c2cc(=O)[nH]c3ccccc23)c1)S(=O)(=O)N1CCOCC1
531,O=C(NCCOc1cc(Cl)cc(OCCCn2ccccc2=O)c1)c1cc(=O)[nH]c2ccccc12
532,CC(C)(C)OC(=O)N1CC(Oc2cc(Cl)cc(OCCNC(=O)c3cc(=O)[nH]c4ccccc34)c2)C1
533,CCOC(=O)N(C)CCOc1cc(Cl)cc(OCCNC(=O)c2cc(=O)[nH]c3ccccc23)c1
534,Cc1nn(C)c(C)c1CCOc1cc(Cl)cc(OCCNC(=O)c2cc(=O)[nH]c3ccccc23)c1
535,CCCn1cnnc1COc1cc(Cl)cc(OCCNC(=O)c2cc(=O)[nH]c3ccccc23)c1
536,Cn1cnnc1COc1cc(Cl)cc(OCCNC(=O)c2cc(=O)[nH]c3ccccc23)c1
537,CS(=O)(=O)CCCCOc1cc(Cl)cc(OCCNC(=O)c2cc(=O)[nH]c3ccccc23)c1
538,Cc1nc(COc2cc(Cl)cc(OCCNC(=O)c3cc(=O)[nH]c4ccccc34)c2)[nH]c1C
539,Cc1cc(COc2cc(Cl)cc(OCCNC(=O)c3cc(=O)[nH]c4ccccc34)c2)n(C)n1
540,N#CCN1CCC(Oc2cc(Cl)cc(OCCNC(=O)c3cc(=O)[nH]c4ccccc34)c2)CC1
541,Cn1ccnc1CCOc1cc(Cl)cc(OCCNC(=O)c2cc(=O)[nH]c3ccccc23)c1
542,CS(=O)(=O)CCCOc1cc(Cl)cc(OCCNC(=O)c2cc(=O)[nH]c3ccccc23)c1
543,O=C(NCCOc1cc(Cl)cc(OCCc2cn[nH]c2)c1)c1cc(=O)[nH]c2ccccc12
544,O=C(NCCOc1cc(Cl)cc(OCCN2CCCS2(=O)=O)c1)c1cc(=O)[nH]c2ccccc12
545,COC(=O)N1CCC(Oc2cc(Cl)cc(OCCNC(=O)c3cc(=O)[nH]c4ccccc34)c2)CC1
546,Cn1nccc1CCOc1cc(Cl)cc(OCCNC(=O)c2cc(=O)[nH]c3ccccc23)c1
547,COCCOCCOCCOc1cc(Cl)cc(OCCNC(=O)c2cc(=O)[nH]c3ccccc23)c1
548,O=C(NCCOc1cc(Cl)cc(OCc2ccc(N3CCOCC3)nc2)c1)c1cc(=O)[nH]c2ccccc12
549,O=C(NCCOc1cc(Cl)cc(OCCCn2nc3ccccn3c2=O)c1)c1cc(=O)[nH]c2ccccc12
550,COC(=O)NCCOc1cc(Cl)cc(OCCNC(=O)c2cc(=O)[nH]c3ccccc23)c1
551,O=C(NCCOc1cc(Cl)cc(OCCNc2cccnn2)c1)c1cc(=O)[nH]c2ccccc12
552,O=C(NCCOc1cc(Cl)cc(OCCc2cn[nH]c2)c1)c1cc(=O)[nH]c2ccccc12
553,CCC1(COc2cc(Cl)cc(OCCNC(=O)c3cc(=O)[nH]c4ccccc34)c2)COC1
554,CN(C)C(C)(C)COc1cc(Cl)cc(OCCNC(=O)c2cc(=O)[nH]c3ccccc23)c1
555,NC(=O)OCCOc1cc(Cl)cc(OCCNC(=O)c2cc(=O)[nH]c3ccccc23)c1
556,O=C(NCCOc1cc(Cl)cc(OCCNC(=O)c2cc(=O)[nH]c3ccccc23)c1)c1ccccc1
557,O=C(NCCOc1cc(Cl)cc(OCCCc2nc3ncccn3n2)c1)c1cc(=O)[nH]c2ccccc12
558,CSCCOc1cc(Cl)cc(OCCNC(=O)c2cc(=O)[nH]c3ccccc23)c1
559,O=C(NCCOc1cc(Cl)cc(OCCN2CCSCC2)c1)c1cc(=O)[nH]c2ccccc12
560,COc1cccc(COc2cc(Cl)cc(OCCNC(=O)c3cc(=O)[nH]c4ccccc34)c2)n1
561,CCN1CCN(CCOc2cc(Cl)cc(OCCNC(=O)c3cc(=O)[nH]c4ccccc34)c2)CC1
562,O=C(NCCOc1cc(Cl)cc(OCCN2C(=O)c3ccncc3C2=O)c1)c1cc(=O)[nH]c2ccccc12
563,NC(=S)CCCOc1cc(Cl)cc(OCCNC(=O)c2cc(=O)[nH]c3ccccc23)c1
564,COc1ccc(COc2cc(Cl)cc(OCCNC(=O)c3cc(=O)[nH]c4ccccc34)c2)cn1
565,COC(=O)C1CCN(CCOc2cc(Cl)cc(OCCNC(=O)c3cc(=O)[nH]c4ccccc34)c2)CC1
566,Cc1[nH]n(C(N)=S)c(=O)c1CCOc1cc(Cl)cc(OCCNC(=O)c2cc(=O)[nH]c3ccccc23)c1
567,CCc1nnc(COc2cc(Cl)cc(OCCNC(=O)c3cc(=O)[nH]c4ccccc34)c2)n1C
568,O=C(NCCOc1cc(Cl)cc(OCc2ccon2)c1)c1cc(=O)[nH]c2ccccc12
569,O=C(NCCOc1cc(Cl)cc(OCCn2cnc3ccsc3c2=O)c1)c1cc(=O)[nH]c2ccccc12
570,CN(C)S(=O)(=O)c1cccc(COc2cc(Cl)cc(OCCNC(=O)c3cc(=O)[nH]c4ccccc34)c2)c1
571,O=C(NCCOc1cc(Cl)cc(OCCc2c[nH]nn2)c1)c1cc(=O)[nH]c2ccccc12
572,Cc1nonc1COc1cc(Cl)cc(OCCNC(=O)c2cc(=O)[nH]c3ccccc23)c1
573,CC(C)NC(=O)CCOc1cc(Cl)cc(OCCNC(=O)c2cc(=O)[nH]c3ccccc23)c1
574,O=C(NCCOc1cc(Cl)cc(OCc2cnc(N3CCOCC3)s2)c1)c1cc(=O)[nH]c2ccccc12
575,CCOC(=O)CN1CCC(COc2cc(Cl)cc(OCCNC(=O)c3cc(=O)[nH]c4ccccc34)c2)CC1
576,NC(=O)CCOc1cc(Cl)cc(OCCNC(=O)c2cc(=O)[nH]c3ccccc23)c1
577,NC(=O)c1ccccc1OCCOc1cc(Cl)cc(OCCNC(=O)c2cc(=O)[nH]c3ccccc23)c1
578,COC(=O)c1ccc(COc2cc(Cl)cc(OCCNC(=O)c3cc(=O)[nH]c4ccccc34)c2)nc1
579,O=C(NCCOc1cc(Cl)cc(OCCOc2cccnc2)c1)c1cc(=O)[nH]c2ccccc12
580,O=C(NCCOc1cc(Cl)cc(OCCCc2c[nH]cn2)c1)c1cc(=O)[nH]c2ccccc12
581,Cc1nc(COc2cc(Cl)cc(OCCNC(=O)c3cc(=O)[nH]c4ccccc34)c2)no1
582,Cc1cnc(COc2cc(Cl)cc(OCCNC(=O)c3cc(=O)[nH]c4ccccc34)c2)cn1
583,CN(C)S(=O)(=O)N(C)CCOc1cc(Cl)cc(OCCNC(=O)c2cc(=O)[nH]c3ccccc23)c1
584,NC(=O)NCCCOc1cc(Cl)cc(OCCNC(=O)c2cc(=O)[nH]c3ccccc23)c1
585,N#CCCCOc1cc(Cl)cc(OCCNC(=O)c2cc(=O)[nH]c3ccccc23)c1
586,O=C(NCCOc1cc(Cl)cc(OCCN2C(=O)NC3(CCCCC3)C2=O)c1)c1cc(=O)[nH]c2ccccc12
587,O=C(NCCOc1cc(Cl)cc(OCCCn2cccn2)c1)c1cc(=O)[nH]c2ccccc12
588,N#CCCN1CCC(Oc2cc(Cl)cc(OCCNC(=O)c3cc(=O)[nH]c4ccccc34)c2)CC1
589,O=C(NCCOc1cc(Cl)cc(OCCn2nc3ccccn3c2=O)c1)c1cc(=O)[nH]c2ccccc12
590,O=C(NCCOc1cc(Cl)cc(OC2COC2)c1)c1cc(=O)[nH]c2ccccc12
591,CN(C)C(=O)CN1CCC(Oc2cc(Cl)cc(OCCNC(=O)c3cc(=O)[nH]c4ccccc34)c2)CC1
592,O=C(NCCOc1cc(Cl)cc(OCCn2c(=O)oc3ccccc32)c1)c1cc(=O)[nH]c2ccccc12
593,Cc1nnc(COc2cc(Cl)cc(OCCNC(=O)c3cc(=O)[nH]c4ccccc34)c2)o1
594,NC(=O)c1cccc(COc2cc(Cl)cc(OCCNC(=O)c3cc(=O)[nH]c4ccccc34)c2)c1
595,Cc1noc(COc2cc(Cl)cc(OCCNC(=O)c3cc(=O)[nH]c4ccccc34)c2)n1
596,NC(=O)N1CCC(Oc2cc(Cl)cc(OCCNC(=O)c3cc(=O)[nH]c4ccccc34)c2)CC1
597,O=C(NCCOc1cc(Cl)cc(OCCNc2ccncc2)c1)c1cc(=O)[nH]c2ccccc12
598,O=C(NCCOc1cc(Cl)cc(OCCCN2CCOCC2)c1)c1cc(=O)[nH]c2ccccc12
599,CCN1CCN(CCCCOc2cc(Cl)cc(OCCNC(=O)c3cc(=O)[nH]c4ccccc34)c2)CC1
600,O=C(NCCOc1cc(Cl)cc(OCc2nc3cccnc3[nH]2)c1)c1cc(=O)[nH]c2ccccc12
601,O=C(NCCOc1cc(Cl)cc(OCCOCCn2cccn2)c1)c1cc(=O)[nH]c2ccccc12
602,O=C(NCCOc1cc(Cl)cc(OCc2nnnn2-c2ccccc2)c1)c1cc(=O)[nH]c2ccccc12
603,CC(C)(C)N1CC(Oc2cc(Cl)cc(OCCNC(=O)c3cc(=O)[nH]c4ccccc34)c2)C1
604,Cn1cc(CCCOc2cc(Cl)cc(OCCNC(=O)c3cc(=O)[nH]c4ccccc34)c2)cn1
605,COC(=O)CN1CCC(Oc2cc(Cl)cc(OCCNC(=O)c3cc(=O)[nH]c4ccccc34)c2)CC1
606,O=C(NCCOc1cc(Cl)cc(OCc2ncc[nH]2)c1)c1cc(=O)[nH]c2ccccc12
607,O=C(NCCOc1cc(Cl)cc(OCc2ccc3[nH]nnc3c2)c1)c1cc(=O)[nH]c2ccccc12
608,NC(=O)C1CCC(Oc2cc(Cl)cc(OCCNC(=O)c3cc(=O)[nH]c4ccccc34)c2)CC1
609,O=C(NCCOc1cc(Cl)cc(OCCN2CCCCCC2=O)c1)c1cc(=O)[nH]c2ccccc12
610,Cc1n[nH]c(C)c1COc1cc(Cl)cc(OCCNC(=O)c2cc(=O)[nH]c3ccccc23)c1
611,CS(=O)(=O)NCCOc1cc(Cl)cc(OCCNC(=O)c2cc(=O)[nH]c3ccccc23)c1
612,NC(=O)NC1CCC(Oc2cc(Cl)cc(OCCNC(=O)c3cc(=O)[nH]c4ccccc34)c2)CC1
613,O=C(NCCOc1cc(Cl)cc(OCCCNS(=O)(=O)c2cccs2)c1)c1cc(=O)[nH]c2ccccc12
614,NC(=O)COc1cccc(COc2cc(Cl)cc(OCCNC(=O)c3cc(=O)[nH]c4ccccc34)c2)c1
615,CN(C)C(=O)CCOc1cc(Cl)cc(OCCNC(=O)c2cc(=O)[nH]c3ccccc23)c1
616,O=C(NCCOc1cc(Cl)cc(OCCn2ccccc2=O)c1)c1cc(=O)[nH]c2ccccc12
617,O=C(NCCOc1cc(Cl)cc(OCCn2cccn2)c1)c1cc(=O)[nH]c2ccccc12
618,CCOC(=O)CCOc1cc(Cl)cc(OCCNC(=O)c2cc(=O)[nH]c3ccccc23)c1
619,O=C(NCCOc1cc(Cl)cc(OCCn2cncn2)c1)c1cc(=O)[nH]c2ccccc12
620,COCCCOc1cc(Cl)cc(OCCNC(=O)c2cc(=O)[nH]c3ccccc23)c1
621,O=C(NCCOc1cc(Cl)cc(OCCn2c(=O)[nH]c3ccccc3c2=O)c1)c1cc(=O)[nH]c2ccccc12
622,O=C(NCCOc1cc(Cl)cc(OCCN2CCOC2=O)c1)c1cc(=O)[nH]c2ccccc12
623,CN1CCC(COc2cc(Cl)cc(OCCNC(=O)c3cc(=O)[nH]c4ccccc34)c2)CC1
624,O=C(NCCOc1cc(Cl)cc(OCCc2cnccn2)c1)c1cc(=O)[nH]c2ccccc12
625,COC(=O)CCOc1cc(Cl)cc(OCCNC(=O)c2cc(=O)[nH]c3ccccc23)c1
626,CCn1ccnc1COc1cc(Cl)cc(OCCNC(=O)c2cc(=O)[nH]c3ccccc23)c1
627,O=C(NCCOc1cc(Cl)cc(OCc2cc(=O)n3ccsc3n2)c1)c1cc(=O)[nH]c2ccccc12
628,Cn1nnc2cc(COc3cc(Cl)cc(OCCNC(=O)c4cc(=O)[nH]c5ccccc45)c3)ccc21
629,COc1ccc(NCCOc2cc(Cl)cc(OCCNC(=O)c3cc(=O)[nH]c4ccccc34)c2)cn1
630,Cc1cc(C)n(CCOc2cc(Cl)cc(OCCNC(=O)c3cc(=O)[nH]c4ccccc34)c2)n1
631,O=C(NCCOc1cc(Cl)cc(OCCNc2ccccn2)c1)c1cc(=O)[nH]c2ccccc12
632,Cc1[nH]cnc1COc1cc(Cl)cc(OCCNC(=O)c2cc(=O)[nH]c3ccccc23)c1
633,Cc1ccc2nc(COc3cc(Cl)cc(OCCNC(=O)c4cc(=O)[nH]c5ccccc45)c3)cc(=O)n2c1
634,CCOC(=O)N1CCC(Oc2cc(Cl)cc(OCCNC(=O)c3cc(=O)[nH]c4ccccc34)c2)CC1
635,Cc1csc2nc(COc3cc(Cl)cc(OCCNC(=O)c4cc(=O)[nH]c5ccccc45)c3)cc(=O)n12
636,N#Cc1cccnc1NCCOc1cc(Cl)cc(OCCNC(=O)c2cc(=O)[nH]c3ccccc23)c1
637,O=C(NCCOc1cc(Cl)cc(OCC2CCOCC2)c1)c1cc(=O)[nH]c2ccccc12
638,O=C(NCCOc1cc(Cl)cc(OCc2cnc[nH]2)c1)c1cc(=O)[nH]c2ccccc12
639,CC(C)(C)OC(=O)NCCOc1cc(Cl)cc(OCCNC(=O)c2cc(=O)[nH]c3ccccc23)c1
640,CCOCCCOc1cc(Cl)cc(OCCNC(=O)c2cc(=O)[nH]c3ccccc23)c1
641,O=C(NCCOc1cc(Cl)cc(OCc2nc3ccccc3c(=O)[nH]2)c1)c1cc(=O)[nH]c2ccccc12
642,O=C(NCCOc1cc(Cl)cc(OCCN2CCNC2=O)c1)c1cc(=O)[nH]c2ccccc12
643,O=C(NCCOc1cc(Cl)cc(OC2CCOCC2)c1)c1cc(=O)[nH]c2ccccc12
644,Cc1[nH]cnc1COc1cc(Cl)cc(OCCNC(=O)c2cc(=O)[nH]c3ccccc23)c1
645,COCCCCOc1cc(Cl)cc(OCCNC(=O)c2cc(=O)[nH]c3ccccc23)c1
646,CCNC(=O)NC1CCC(Oc2cc(Cl)cc(OCCNC(=O)c3cc(=O)[nH]c4ccccc34)c2)CC1
647,N=C(N)CCCOc1cc(Cl)cc(OCCNC(=O)c2cc(=O)[nH]c3ccccc23)c1
648,N=C(N)c1cnn(CCOc2cc(Cl)cc(OCCNC(=O)c3cc(=O)[nH]c4ccccc34)c2)c1
649,N=C(N)CCOc1cc(Cl)cc(OCCNC(=O)c2cc(=O)[nH]c3ccccc23)c1
650,O=C(NCCOc1cc(Cl)cc(OCc2cccc(B(O)O)c2)c1)c1cc(=O)[nH]c2ccccc12
651,COc1ccc(COc2cc(Cl)cc(OCCNC(=O)c3cc(=O)[nH]c4ccccc34)c2)cc1B(O)O
652,O=C(NCCOc1cc(Cl)cc(OCc2ccc(B(O)O)cc2)c1)c1cc(=O)[nH]c2ccccc12
653,O=C(NCCOc1cc(Cl)cc(OCC2(O)CCOCC2)c1)c1cc(=O)[nH]c2ccccc12
654,O=C(NCCOc1cc(Cl)cc(OCC2(O)CCC2)c1)c1cc(=O)[nH]c2ccccc12
655,O=C(NCCOc1cc(Cl)cc(OCC2(O)CC2)c1)c1cc(=O)[nH]c2ccccc12
656,O=C(NCCOc1cc(Cl)cc(OCC2(O)CCCC2)c1)c1cc(=O)[nH]c2ccccc12
657,O=C(NCCOc1cc(Cl)cc(OCCC2(O)CCC2)c1)c1cc(=O)[nH]c2ccccc12
658,CC(C)(O)CCCOc1cc(Cl)cc(OCCNC(=O)c2cc(=O)[nH]c3ccccc23)c1
659,CC(C)(O)CCOc1cc(Cl)cc(OCCNC(=O)c2cc(=O)[nH]c3ccccc23)c1
660,N=C(N)N1CCC(Oc2cc(Cl)cc(OCCNC(=O)c3cc(=O)[nH]c4ccccc34)c2)CC1
661,CCC(O)(CC)COc1cc(Cl)cc(OCCNC(=O)c2cc(=O)[nH]c3ccccc23)c1
662,O=C(NCCOc1cc(Cl)cc(OCCN2CCC=N2)c1)c1cc(=O)[nH]c2ccccc12
663,CN1CC(Oc2cc(Cl)cc(OCCNC(=O)c3cc(=O)[nH]c4ccccc34)c2)C1
664,N=C(N)N1CCN(CCOc2cc(Cl)cc(OCCNC(=O)c3cc(=O)[nH]c4ccccc34)c2)CC1
665,CC(C)(O)COc1cc(Cl)cc(OCCNC(=O)c2cc(=O)[nH]c3ccccc23)c1
666,N=C(N)SCCOc1cc(Cl)cc(OCCNC(=O)c2cc(=O)[nH]c3ccccc23)c1
