SMILES,CID
O=C1N(c2ccccc2)CCN1c1cccnc1,DAR-DIA-fc9-1
O=C1NC(c2cccnc2)CCN1c1ccccc1,DAR-DIA-fc9-2
O=c1n(-c2ccccc2)ccn1-c1cccnc1,DAR-DIA-fc9-3
O=C1CC(c2cccnc2)CCN1c1ccccc1,DAR-DIA-fc9-4
O=C1CN(c2cccnc2)CCN1c1ccccc1,DAR-DIA-fc9-5
O=C1N(c2ccccc2)CCCN1c1cccnc1,DAR-DIA-fc9-6
O=C1C(c2ccccc2)CCCN1c1cccnc1,DAR-DIA-fc9-7
O=C1C(c2ccccc2)OCCN1c1cccnc1,DAR-DIA-fc9-8
CC(=O)N(C(=O)Nc1ccccc1)c1cccnc1,DAR-DIA-fc9-9
O=C1N(c2ccccc2)CCCCN1c1cccnc1,DAR-DIA-fc9-10
O=C1CN(c2ccccc2)CCCN1c1cccnc1,DAR-DIA-fc9-11
O=C1C(c2ccccc2)C=CCN1c1cccnc1,DAR-DIA-fc9-12
O=C1CN(c2ccccc2)CCCN1c1cccnc1,DAR-DIA-fc9-13
O=C(Nc1ccccc1)N(c1cccnc1)c1ccccn1,DAR-DIA-fc9-14
C#Cc1ccnc(CN(C(=O)Nc2c(CN3CCOCC3)ccnc2C)c2nccc(C(C)C)n2)n1,AGN-NEW-fad-1
C#Cc1cccc(CN(C(=O)Nc2c(CN3CCOCC3)ccnc2C)c2nccc(C(C)C)n2)n1,AGN-NEW-fad-2
C[C@H]1c2cnc([S@@](C)(=N)=O)cc2N(C2CCOCC2)CC1(F)F,DAV-AUT-fa2-1
C[C@H]1c2c(cc([S@@](C)(=N)=O)nc2F)N(C2CCOCC2)CC1(F)F,DAV-AUT-fa2-2
CC1(C)c2ccc([S@@](C)(=N)=O)cc2N(C2CCOCC2)CC1(F)F,DAV-AUT-fa2-3
C[C@H]1c2ccc([S@@](C)(=N)=O)cc2N(C2CCOCC2)CC1(F)F,DAV-AUT-fa2-4
C[C@H]1c2c(F)cc([S@@](C)(=N)=O)cc2N(C2CCOCC2)CC1(F)F,DAV-AUT-fa2-5
CS(=O)(=O)NCCOC(C(=O)Nc1cccnc1)c1ccccc1,ADA-UNI-f8e-1
CS(=O)(=O)NCCC(C(=O)Nc1cccnc1)c1ccccc1,ADA-UNI-f8e-2
CS(=O)(=O)NCC1CC1(C(=O)Nc1cccnc1)c1ccccc1,ADA-UNI-f8e-3
CNCCOC(C(=O)Nc1cccnc1)c1ccccc1,ADA-UNI-f8e-4
CNCCC(C(=O)Nc1cccnc1)c1ccccc1,ADA-UNI-f8e-5
CNCC1CC1(C(=O)Nc1cccnc1)c1ccccc1,ADA-UNI-f8e-6
CS(=O)(=O)NCCOC(C(=O)Nc1cccnc1)c1cccc(Cl)c1,ADA-UNI-f8e-7
CS(=O)(=O)NCCC(C(=O)Nc1cccnc1)c1cccc(Cl)c1,ADA-UNI-f8e-8
CS(=O)(=O)NCC1CC1(C(=O)Nc1cccnc1)c1cccc(Cl)c1,ADA-UNI-f8e-9
CNCCOC(C(=O)Nc1cccnc1)c1cccc(Cl)c1,ADA-UNI-f8e-10
CNCCC(C(=O)Nc1cccnc1)c1cccc(Cl)c1,ADA-UNI-f8e-11
CNCC1CC1(C(=O)Nc1cccnc1)c1cccc(Cl)c1,ADA-UNI-f8e-12
NC(=O)[C@@H]1CN(C2CCOCC2)C[C@H]1c1ccccc1,DUN-NEW-f8c-1
NC(=O)C1CCCN1c1ccccc1CN1CCN(C(=O)CCl)CC1,DUN-NEW-f8c-2
NC(=O)C1CCCN1c1ccccc1N1CCN(C(=O)CCl)CC1,DUN-NEW-f8c-3
CS(=O)(=O)NCCc1cccc2ccn(CC(=O)Nc3cccnc3)c12,DUN-NEW-f8c-4
CC(=O)NCCc1cn(CC(=O)Cc2cccnc2)c2c(CCNS(C)(=O)=O)cccc12,DUN-NEW-f8c-5
CC(=O)NCCc1cn(CC(=O)Nc2c[nH]c3ncccc23)c2ccccc12,DUN-NEW-f8c-6
CC(=O)NCCn1cc(CC(=O)Nc2c[nH]c3ncccc23)c2ccccc21,DUN-NEW-f8c-7
CC(=O)NCCc1cn(CC(=O)Nc2cccnc2)c2ccccc12,DUN-NEW-f8c-8
CC(=O)NCCn1cc(CC(=O)Nc2cccnc2)c2ccccc21,DUN-NEW-f8c-9
CC(=O)NCCc1c[nH]c2c(CCNS(C)(=O)=O)cccc12,DUN-NEW-f8c-10
CC(=O)NCCc1c[nH]c2c(CN3CCC(O)CC3)cccc12,DUN-NEW-f8c-11
CC(=O)NCCc1c[nH]c2ccc(C#N)cc12,DUN-NEW-f8c-12
CC(=O)NCCc1cn(CC(=O)N2CCOCC2)c2ccccc12,DUN-NEW-f8c-13
CS(=O)(=O)NCCN1CCCc2ccc(S(N)(=O)=O)cc21,DUN-NEW-f8c-14
O=C(Cc1cccnc1)N(c1cccc2cc[nH]c12)C1CCC(O)CC1,DUN-NEW-f8c-15
O=C(Nc1cccnc1)N(c1cccc2cc[nH]c12)C1CCC(O)CC1,DUN-NEW-f8c-16
Cn1ccc2cccc(N(C(=O)Nc3cccnc3)C3CCC(O)CC3)c21,DUN-NEW-f8c-17
Cn1ccc2cccc(N(C(=O)Cc3cccnc3)C3CCC(O)CC3)c21,DUN-NEW-f8c-18
Cn1ccc2cccc(N(CCNS(C)(=O)=O)C(=O)Cc3cccnc3)c21,DUN-NEW-f8c-19
CS(=O)(=O)NCCN(C(=O)Cc1cccnc1)c1cccc2cc[nH]c12,DUN-NEW-f8c-20
CC(=O)NCCc1c[nH]c2c(CNC(=O)CCl)cccc12,DUN-NEW-f8c-21
CS(=O)(=O)N1CCN(C(=O)CCl)CC1c1ccccc1,DUN-NEW-f8c-22
O=C(CCl)Nc1nc2c(S(=O)(=O)NCCc3ccccc3)cccc2s1,DUN-NEW-f8c-23
CC(=O)NCCc1c[nH]c2c(CN3CCN(C(=O)CCl)CC3)cccc12,DUN-NEW-f8c-24
CS(=O)(=O)N(CCc1ccccc1)CC1CCN(C(=O)CCl)CC1,DUN-NEW-f8c-25
O=C(CC1(c2ccccc2)CCCCC1)Nc1cccnc1,CHR-SOS-f73-1
O=C(CC1(c2cccnc2)CCCCC1)Nc1cccnc1,CHR-SOS-f73-2
Cc1ncc(C2(CC(=O)Nc3cccnc3)CCCCC2)s1,CHR-SOS-f73-3
O=C(CC1(c2ccccc2)CCCC1)Nc1cccnc1,CHR-SOS-f73-4
O=C(CC1(c2cccnc2)CCCC1)Nc1cccnc1,CHR-SOS-f73-5
Cc1ncc(C2(CC(=O)Nc3cccnc3)CCCC2)s1,CHR-SOS-f73-6
CC(=O)Nc1ccc2oc(-c3ccccc3)c(O)c(=O)c2c1,NAU-LAT-ec9-1
O=C1Nc2c(cc(-c3ccncc3)cc2C(F)(F)F)C1=O,NAU-LAT-ec9-2
CN1CCN(C(=O)COc2cccc3c2cnn3-c2ccccc2)CC1,NAU-LAT-ec9-3
O=C1C(=O)N(CCn2nnnc2S(=O)(=O)Cc2ccccc2)c2ccccc21,NAU-LAT-ec9-4
O=C1Nc2ccccc2C1(c1ccccc1)c1ccccc1O,NAU-LAT-ec9-5
O=C(O)c1ccc(Cn2cc(Cn3nc(-c4ccccc4)c4ccccc43)nn2)cc1,NAU-LAT-ec9-6
O=C1N(Cc2cn(Cc3ccccc3)nn2)c2ccccc2C12Oc1ccccc1O2,NAU-LAT-ec9-7
COc1cc2c([C@@H](C)CNC(C)=O)c[nH]c2cc1Cl,JOH-MSK-ec6-1
CCC(=O)NCC[C@@H]1CCc2ccc3c(c21)CCO3,JOH-MSK-ec6-2
COc1ccc2cccc(CCNC(C)=O)c2c1,JOH-MSK-ec6-3
CCC(=O)NC[C@@H]1C[C@H]1c1cccc2c1CCO2,JOH-MSK-ec6-4
N#Cc1cccc(NC(=O)Nc2cccnc2)c1,WAR-XCH-eb7-1
N#Cc1cc(Cl)cc(NC(=O)Nc2cccnc2)c1,WAR-XCH-eb7-2
O=C(Nc1cccnc1)Nc1cc(Cl)cc(Cl)c1,WAR-XCH-eb7-3
O=C(Nc1cccnc1)Nc1cc(O)cc(Cl)c1,WAR-XCH-eb7-4
Cc1cc(Cl)cc(NC(=O)Nc2cccnc2)c1,WAR-XCH-eb7-5
Cc1cccc(NC(=O)Nc2cccnc2)c1,WAR-XCH-eb7-6
O=C(Nc1cccnc1)Nc1cccc(Cl)c1,WAR-XCH-eb7-7
O=C(c1ccccc1)N1CCN(C(=O)C2CCOCC2)CC1,GIA-UNK-eaa-1
O=S1(=O)CCC(N2CCN(S(=O)(=O)c3ccccc3)CC2)CC1,GIA-UNK-eaa-2
O=C(C1CCN(S(=O)(=O)c2ccccc2)CC1)N1CCOCC1,GIA-UNK-eaa-3
NS(=O)(=O)c1cccc(C2(CC(=O)Nc3cccnc3)CCCCC2)c1,CHR-SOS-e96-1
NS(=O)(=O)c1cccc(C2(CC(=O)Nc3cccnc3)CCCC2)c1,CHR-SOS-e96-2
NS(=O)(=O)c1cccc(C2(CC(=O)Nc3cccnc3)CCC2)c1,CHR-SOS-e96-3
Cc1ccncc1NC(=O)CC1(c2cccc(S(N)(=O)=O)c2)CCCCC1,CHR-SOS-e96-4
Cc1ccncc1NC(=O)CC1(c2cccc(S(N)(=O)=O)c2)CCCC1,CHR-SOS-e96-5
Cc1ccncc1NC(=O)CC1(c2cccc(S(N)(=O)=O)c2)CCC1,CHR-SOS-e96-6
CC(=O)NCCc1c[nH]c2c(CCNS(C)(=O)=O)cc(F)cc12,ELE-IMP-dfb-1
CC(=O)NCCc1c[nH]c2c(CCNS(C)(=O)=O)cccc12,ELE-IMP-dfb-2
CC(=O)N1CCc2c([nH]c3c(CCNS(C)(=O)=O)cccc23)C1,ELE-IMP-dfb-3
CS(=O)(=O)NCCc1cccc2c3c([nH]c12)CN(S(C)(=O)=O)CC3,ELE-IMP-dfb-4
CS(=O)(=O)NCCc1c[nH]c2c(CCNS(C)(=O)=O)cccc12,ELE-IMP-dfb-5
NS(=O)(=O)c1cc2cc(F)ccc2[nH]1,ELE-IMP-dfb-6
COc1ccc(-n2cc(CN3CCN(C(=O)CCl)CC3)nn2)cc1,ANT-STE-dbb-1
COc1cccc(-n2cc(CN3CCN(C(=O)CCl)CC3)nn2)c1,ANT-STE-dbb-2
COc1ccccc1-n1cc(CN2CCN(C(=O)CCl)CC2)nn1,ANT-STE-dbb-3
NC(=O)[C@@H]1CN(Cc2cccnc2)C[C@H]1c1ccccc1,DUN-NEW-d83-1
CN1CCn2c(cc(C3=CC(=O)CO3)c(-c3coc4ncccc34)c2=O)C1,AVI-UNI-cf0-1
CN1Cc2cc(C3=CC(=O)CO3)c(-c3coc4ncccc34)c(=O)n2CC1C1CCNC(=O)C1,AVI-UNI-cf0-2
C=CC(=O)Nc1c(C)cccc1CC(=O)Nc1cccnc1Cl,AGN-NEW-cce-1
C=CC(=O)Nc1c(Cl)cccc1CC(=O)Nc1cccnc1C,AGN-NEW-cce-2
C=CC(=O)Nc1c(C)ccc(C)c1CC(=O)Nc1cccnc1Cl,AGN-NEW-cce-3
O=C(Nc1cnc[nH]1)Nc1sc2cc(CCc3ncc[nH]3)[nH]c2c1CC1CCC(O)CC1,SAL-INS-cba-1
O=C(Nc1c[nH]cn1)Nc1cc2[nH]cc(CCc3ncc[nH]3)c2s1,SAL-INS-cba-2
O=C(Nc1c[nH]cn1)Nc1sc2cc[nH]c2c1CC1CCC(O)CC1,SAL-INS-cba-3
O=C(Cc1cnc[nH]1)Nc1sc2cc(CCc3ncc[nH]3)[nH]c2c1CC1CCC(O)CC1,SAL-INS-cba-4
O=C(Cc1sc2cc(CCc3ncc[nH]3)[nH]c2c1CC1CCC(O)CC1)Nc1cnc[nH]1,SAL-INS-cba-5
O=C(Cc1cc2[nH]cc(CCc3ncc[nH]3)c2s1)Nc1c[nH]cn1,SAL-INS-cba-6
O=C(Cc1c[nH]cn1)Nc1cc2[nH]cc(CCc3ncc[nH]3)c2s1,SAL-INS-cba-7
O=C(Cc1c[nH]cn1)Nc1sc2cc[nH]c2c1CC1CCC(O)CC1,SAL-INS-cba-8
O=C(Cc1sc2cc[nH]c2c1CC1CCC(O)CC1)Nc1c[nH]cn1,SAL-INS-cba-9
C=Cc1ncccc1NC(=O)Cc1cccc(Cl)c1,AGN-NEW-c7b-1
C=Cc1ncccc1NC(=O)Cc1cccc(C)c1,AGN-NEW-c7b-2
Cc1cccc(CC(=O)Nc2cccnc2C#N)c1,AGN-NEW-c7b-3
N#Cc1ncccc1NC(=O)Cc1cccc(Cl)c1,AGN-NEW-c7b-4
C#Cc1ncccc1NC(=O)Cc1cccc(Cl)c1,AGN-NEW-c7b-5
C#Cc1ncccc1NC(=O)Cc1cccc(C)c1,AGN-NEW-c7b-6
O=C(CCl)N1CC[C@H](C(=O)N2CCCCC2)[C@@H](CCc2ccccc2)C1,PAU-WEI-c6d-1
C#Cc1ccnc(CN(C(=O)Nc2c(CN3CCOCC3)ccnc2C)c2nccc(N(C)C)n2)n1,AGN-NEW-c19-1
C#Cc1cccc(CN(C(=O)Nc2c(CN3CCOCC3)ccnc2C)c2cc(N(C)C)ccn2)n1,AGN-NEW-c19-2
O=C(CCl)N1CCN(C(CCc2ccccc2)c2cccc(Cl)c2)CC1,PAU-WEI-b9b-1
O=C(CCl)N1CCN(C(CCc2ccc(C(F)(F)F)cc2)c2cccc(Cl)c2)CC1,PAU-WEI-b9b-2
Cc1ccc(CCC(c2cccc(Cl)c2)N2CCN(C(=O)CCl)CC2)cc1,PAU-WEI-b9b-3
N#Cc1cccc(C(CCc2ccccc2)N2CCN(C(=O)CCl)CC2)c1,PAU-WEI-b9b-4
N#Cc1cccc(C(CCc2ccc(C(F)(F)F)cc2)N2CCN(C(=O)CCl)CC2)c1,PAU-WEI-b9b-5
Cc1ccc(CCC(c2cccc(C#N)c2)N2CCN(C(=O)CCl)CC2)cc1,PAU-WEI-b9b-6
CC(=O)NCCc1c[nH]c2c(C(CCc3ccccc3)N3CCN(C(=O)CCl)CC3)cccc12,PAU-WEI-b9b-7
CC(=O)NCCc1c[nH]c2c(C(CCc3ccc(C)cc3)N3CCN(C(=O)CCl)CC3)cccc12,PAU-WEI-b9b-8
CC(=O)NCCc1c[nH]c2c(C(CCc3ccc(C(F)(F)F)cc3)N3CCN(C(=O)CCl)CC3)cccc12,PAU-WEI-b9b-9
CS(=O)(=O)NCCc1cccnc1,ANT-DIA-b7f-1
CS(=O)(=O)NCCc1cccc(O)c1,ANT-DIA-b7f-2
CS(=O)(=O)NCCc1ccccc1O,ANT-DIA-b7f-3
CC(=O)NCCc1ccccc1,ANT-DIA-b7f-4
CS(=O)(=O)NCCc1cscn1,ANT-DIA-b7f-5
CS(=O)(=O)NCCc1ccc2nc(N)sc2c1,ANT-DIA-b7f-6
CS(=O)(=O)NCCc1ccc2ncsc2c1,ANT-DIA-b7f-7
CCNc1ccc(C#N)cc1CCNS(C)(=O)=O,ANT-DIA-b7f-8
CS(=O)(=O)NCCc1cc(C#N)ccc1NC(=O)N1CCOCC1,ANT-DIA-b7f-9
O=C(CC1(C#Cc2ccccn2)CCCCC1)Nc1cccnc1,CHR-SOS-b30-1
O=C(CC1(C#Cc2cccnc2)CCCCC1)Nc1cccnc1,CHR-SOS-b30-2
O=C(CC1(C#Cc2ccncc2)CCCCC1)Nc1cccnc1,CHR-SOS-b30-3
Cn1cnc(C#CC2(CC(=O)Nc3cccnc3)CCCCC2)c1,CHR-SOS-b30-4
O=C(CC1(C#Cc2ccnnc2)CCCCC1)Nc1cccnc1,CHR-SOS-b30-5
O=C(CC1(C#Cc2cccnn2)CCCCC1)Nc1cccnc1,CHR-SOS-b30-6
O=C(CC1(C#Cc2ccncn2)CCCCC1)Nc1cccnc1,CHR-SOS-b30-7
CC(=O)NCCc1c[nH]c2c(CCNS(C)(=O)=O)cc(Cl)cc12,ROB-UNI-b2e-1
CS(=O)(=O)NCCc1c[nH]c2c(CCNS(C)(=O)=O)cc(Cl)cc12,ROB-UNI-b2e-2
CCn1cc(CCNS(C)(=O)=O)c2cc(C#N)cc(CCNS(C)(=O)=O)c21,ROB-UNI-b2e-3
CCNc1ccc(C#N)cc1CCNS(C)(=O)=O,ROB-UNI-b2e-4
CCn1cc(CCNC(C)=O)c2cc(C#N)cc(CCNS(C)(=O)=O)c21,ROB-UNI-b2e-5
CC(=O)NCCc1c[nH]c2c(C(C)NC(C)=O)cc(Cl)cc12,ROB-UNI-b2e-6
CC(=O)NCCc1c[nH]c2c(C(C)NC(C)=O)cc(C#N)cc12,ROB-UNI-b2e-7
CCn1cc(CCNC(C)=O)c2cc(C#N)cc(C(C)NC(C)=O)c21,ROB-UNI-b2e-8
CC(=O)NCCc1ccnc2c(CCNS(C)(=O)=O)cc(Cl)cc12,ROB-UNI-b2e-9
CC(=O)NCCc1ccnc2c(CCNS(C)(=O)=O)cc(C#N)cc12,ROB-UNI-b2e-10
CC(=O)NCCc1cn(CC(=O)N2CCOCC2)c2ccc(Cl)cc12,ROB-UNI-b2e-11
CC(=O)NCCc1cn(CC(=O)N2CCOCC2)c2ccc(C#N)cc12,ROB-UNI-b2e-12
CC(=O)N1CCN(Cc2cccc(C#N)c2)CC1,PAT-UNK-b2d-1
CC#Cc1cccc(CN2CCN(C(C)=O)CC2)c1,PAT-UNK-b2d-2
CC(=O)N1CCN(Cc2cccc(N3CCCCC3)c2)CC1,PAT-UNK-b2d-3
CC(=O)NCCc1c[nH]c2c(CN3CCN(C(C)=O)CC3)cccc12,PAT-UNK-b2d-4
CC(=O)NCCc1c[nH]c2c(CN3CCN(C(C)=O)CC3)cc(C#N)cc12,PAT-UNK-b2d-5
COc1cc2c(CCNC(C)=O)c[nH]c2cc1O,JOH-MSK-a63-1
COc1cc2c(CCNC(C)=O)c[nH]c2cc1OS(=O)(=O)O,JOH-MSK-a63-2
COC1(C(=O)O)OC(Oc2ccc3cc[nH]c3c2)C(O)C(O)(CCNC(C)=O)C1O,JOH-MSK-a63-3
CC(=O)NCCc1c[nH]c2ccc(O)cc12,JOH-MSK-a63-4
CC(=O)NCCc1c[nH]c2ccc(OS(=O)(=O)[O-])cc12,JOH-MSK-a63-5
CC(=O)NCCc1c[nH]c2ccc(OC3OC(C(=O)[O-])C(O)C(O)C3O)cc12,JOH-MSK-a63-6
COc1ccc2[nH]cc(CCN)c2c1,JOH-MSK-a63-7
COc1ccc2[nH]c3c(c2c1)CCNC3,JOH-MSK-a63-8
CN(C)CCc1c[nH]c2ccc(O)cc12,JOH-MSK-a63-9
CN(C)CCc1c[nH]c2ccccc12,JOH-MSK-a63-10
O=C(CCl)N1CCN(Cc2cccc(Cl)c2)C[C@@H]1Cc1ccccc1,DAN-LON-a5f-1
O=C(CCl)N1CCN(Cc2cccc(Cl)c2)C(c2cccs2)C1,DAN-LON-a5f-2
O=C(CCl)N1CC2CC1CN2Cc1cccc(Cl)c1,DAN-LON-a5f-3
CC(C)(C)NC(=O)[C@@H]1CN(C(=O)CCl)CCN1Cc1cccc(Cl)c1,DAN-LON-a5f-4
O=C(CCl)N1CCN(Cc2cccc(Cl)c2)C(c2ccc(Cl)cc2)C1,DAN-LON-a5f-5
O=C(CCl)N1CCN(Cc2cccc(Cl)c2)CC1c1ccccc1,DAN-LON-a5f-6
CC(C)[C@@H]1CN(Cc2cccc(Cl)c2)CCN1C(=O)CCl,DAN-LON-a5f-7
CC(C)C[C@@H]1CN(C(=O)CCl)CCN1Cc1cccc(Cl)c1,DAN-LON-a5f-8
CC1(C)CN(C(=O)CCl)CCN1Cc1cccc(Cl)c1,DAN-LON-a5f-9
NC(=O)C1CN(C(=O)CCl)CCN1Cc1cccc(Cl)c1,DAN-LON-a5f-10
N=C(N)NCCC[C@H](NC(=O)[C@H](Cc1ccccc1)NC(=O)CNC(=O)[C@@H](N)CO)C(=O)O,SAL-INS-a5f-1
CC(=O)N[C@@H](CO)C(=O)NCC(=O)N[C@@H](Cc1ccccc1)C(=O)N[C@@H](CCCNC(N)=O)C(N)=O,SAL-INS-a5f-2
C=Cc1ncc(C)c(CCNC(C)=O)c1NC(=O)N(Cc1nc(F)nc(OC)n1)c1cc(C)ccn1,AGN-NEW-9d2-1
C=Cc1ncc(C)c(CCNC(=O)CN2CCNCC2)c1NC(=O)N(CC1CCOCC1)c1cc(C)ccn1,AGN-NEW-9d2-2
C=Cc1ncc(C)c(CCNC(C)=O)c1NC(=O)N(Cc1ncnc(OC)n1)c1cc(C)ccn1,AGN-NEW-9d2-3
C=Cc1ncc(C)c(CCNC(=O)CN2CCCCC2)c1NC(=O)N(Cc1ncnc(OC)n1)c1cc(C)ccn1,AGN-NEW-9d2-4
C=Cc1ncc(C)c(CCNC(=O)CN2CCOCC2)c1NC(=O)N(Cc1ncnc(OC)n1)c1cc(C)ccn1,AGN-NEW-9d2-5
CC(C)C(=O)N1CCC(C(=O)SCF)CC1,GIA-UNK-995-1
CCC(CC)C(=O)N1CCC(C(=O)SCF)CC1,GIA-UNK-995-2
O=C(SCF)C1CCN(C(=O)C2CC2)CC1,GIA-UNK-995-3
O=C(SCF)C1CCN(C(=O)C2CCC2)CC1,GIA-UNK-995-4
O=C(SCF)C1CCN(C(=O)C2CCCCC2)CC1,GIA-UNK-995-5
CC(=O)N1CCC(C(=O)SCF)CC1,GIA-UNK-995-6
CCC(=O)N1CCC(C(=O)SCF)CC1,GIA-UNK-995-7
CC(C)(C)C(=O)N1CCC(C(=O)SCF)CC1,GIA-UNK-995-8
CCC(C)C(=O)N1CCC(C(=O)SCF)CC1,GIA-UNK-995-9
O=C(SCF)C1CCN(C(=O)c2ccccc2)CC1,GIA-UNK-995-10
O=C(SCF)C1CCN(C(=O)c2ccco2)CC1,GIA-UNK-995-11
O=C(SCF)C1CCN(C(=O)c2cccs2)CC1,GIA-UNK-995-12
O=C(SCF)C1CCN(C(=O)C2CCCC2)CC1,GIA-UNK-995-13
O=C(SCF)C1CCN(C(=O)c2ccccc2F)CC1,GIA-UNK-995-14
O=C(SCF)C1CCN(C(=O)c2cccc(F)c2)CC1,GIA-UNK-995-15
O=C(SCF)C1CCN(C(=O)c2ccc(F)cc2)CC1,GIA-UNK-995-16
O=C(SCF)C1CCN(C(=O)c2ccc[nH]2)CC1,GIA-UNK-995-17
O=C(NCCN1CCN(c2ccccc2)CC1)NCc1ccccn1,TRI-UNI-974-1
Cc1ccc(N2CCN(CCNC(=O)NCc3ccccn3)CC2)cc1,TRI-UNI-974-2
O=C(NCCN1CCN(c2ccc(C(F)(F)F)cc2)CC1)NCc1ccccn1,TRI-UNI-974-3
NCC1CCc2[nH]c(C3CCCN(C(=O)CCl)C3)cc2C1,HAR-NEW-972-1
NCC1CCc2nc(C3CCCN(C(=O)CCl)C3)sc2C1,HAR-NEW-972-2
Cc1ccnc(F)c1NS(=O)(=O)/C=C/NC(=O)c1cccs1,AGN-NEW-953-1
COc1cnc(CS(=O)(=O)Nc2c(C)ccnc2F)cc1-c1cccs1,AGN-NEW-953-2
Cc1ccnc(F)c1NS(=O)(=O)/C=C/NC(=O)C(C)C,AGN-NEW-953-3
Cc1ccnc(F)c1NS(=O)(=O)/C=C/NC(=O)C1CCCC1,AGN-NEW-953-4
Cc1ccncc1NS(=O)(=O)/C=C/NC(=O)c1cccs1,AGN-NEW-953-5
COc1cc(-c2cccs2)cc(CS(=O)(=O)Nc2c(C)ccnc2F)n1,AGN-NEW-953-6
Cc1ccnc(F)c1NS(=O)(=O)/C=C/NC(=O)c1cccs1,AGN-NEW-931-1
COc1cnc(CS(=O)(=O)Nc2c(C)ccnc2F)cc1-c1cccs1,AGN-NEW-931-2
Cc1ccnc(F)c1NS(=O)(=O)/C=C/NC(=O)C(C)C,AGN-NEW-931-3
Cc1ccnc(F)c1NS(=O)(=O)/C=C/NC(=O)C1CCCC1,AGN-NEW-931-4
Cc1ccncc1NS(=O)(=O)/C=C/NC(=O)c1cccs1,AGN-NEW-931-5
COc1cc(-c2cccs2)cc(CS(=O)(=O)Nc2c(C)ccnc2F)n1,AGN-NEW-931-6
CC(=O)NCCc1c[nH]c2c(CN3CCC(O)CC3)cc(F)cc12,SAM-UNK-903-1
CC(=O)NCCc1c[nH]c2c(CCNS(C)(=O)=O)cc(F)cc12,SAM-UNK-903-2
COc1cc(Cl)cc(OC(=O)Nc2cccnc2)c1,AGN-NEW-891-1
O=C(Nc1cccnc1)Oc1cc(O)cc(Cl)c1,AGN-NEW-891-2
O=S(=O)(Cc1cc(O)cc(Cl)c1)Nc1cccnc1,AGN-NEW-891-3
COc1cc(Cl)cc(CS(=O)(=O)Nc2cccnc2)c1,AGN-NEW-891-4
CC(C)c1cc(Cl)cc(S(=O)(=O)/C=C/c2cccnc2)c1,AGN-NEW-891-5
O=S(=O)(/C=C/c1cccnc1)c1cccc(-c2c(F)cccc2F)c1,AGN-NEW-891-6
O=S(=O)(/C=C/c1cccnc1)c1cccc(-c2ccc(F)cc2F)c1,AGN-NEW-891-7
O=S(=O)(/C=C/c1cccnc1)c1cccc(-c2ccccc2F)c1,AGN-NEW-891-8
N#CCc1cccc(S(=O)(=O)/C=C/c2cccnc2)c1,AGN-NEW-891-9
O=S(=O)(/C=C/c1cccnc1)c1cccc(-c2ncccn2)c1,AGN-NEW-891-10
COc1ccc(S(=O)(=O)/C=C/c2cccnc2)cc1-c1ncccn1,AGN-NEW-891-11
O=C(Nc1cccnc1)Nc1ccsc1,DAR-DIA-842-1
Cn1cc(NC(=O)Nc2cccnc2)cn1,DAR-DIA-842-2
Cc1ccc(NC(=O)Nc2cccnc2)s1,DAR-DIA-842-3
O=C(Nc1cccnc1)Nc1ccc(Cl)s1,DAR-DIA-842-4
N#Cc1ccc(NC(=O)Nc2cccnc2)s1,DAR-DIA-842-5
N#Cc1coc(NC(=O)Nc2cccnc2)n1,DAR-DIA-842-6
Cc1coc(NC(=O)Nc2cccnc2)n1,DAR-DIA-842-7
O=C(Nc1cccnc1)Nc1nc(Cl)co1,DAR-DIA-842-8
N#Cc1ccc(NC(=O)Nc2cccnc2)o1,DAR-DIA-842-9
O=C(Cc1ccsc1)Nc1cccnc1,DAR-DIA-842-10
Cn1cc(CC(=O)Nc2cccnc2)cn1,DAR-DIA-842-11
Cc1ccc(CC(=O)Nc2cccnc2)s1,DAR-DIA-842-12
O=C(Cc1ccc(Cl)s1)Nc1cccnc1,DAR-DIA-842-13
N#Cc1ccc(CC(=O)Nc2cccnc2)s1,DAR-DIA-842-14
N#Cc1cnc(CC(=O)Nc2cccnc2)o1,DAR-DIA-842-15
Cc1cnc(CC(=O)Nc2cccnc2)o1,DAR-DIA-842-16
O=C(Cc1cc2cccnc2[nH]1)Nc1ccc(Cl)s1,DAR-DIA-842-17
Cc1ccc(NC(=O)Cc2cc3cccnc3[nH]2)s1,DAR-DIA-842-18
N#Cc1ccc(NC(=O)Cc2cc3cccnc3[nH]2)s1,DAR-DIA-842-19
N#Cc1cnc(NC(=O)Cc2cc3cccnc3[nH]2)o1,DAR-DIA-842-20
Cc1cnc(NC(=O)Cc2cc3cccnc3[nH]2)o1,DAR-DIA-842-21
O=C(Cc1cc2cccnc2[nH]1)Nc1ncc(Cl)o1,DAR-DIA-842-22
Cn1cc(NC(=O)Cc2cc3cccnc3[nH]2)cn1,DAR-DIA-842-23
O=C(Cc1cc2cccnc2[nH]1)Nc1ccsc1,DAR-DIA-842-24
CC(=O)NC=Cc1c[nH]c2c(CN3CCC(O)CC3)cc(F)cc12,SAM-UNK-83e-1
CC(=O)NC=Cc1c[nH]c2c(CCNS(C)(=O)=O)cc(F)cc12,SAM-UNK-83e-2
CC(=O)NC=Cc1c[nH]c2c(C=CNS(C)(=O)=O)cc(F)cc12,SAM-UNK-83e-3
C#Cc1cccc(CN(C(=O)Nc2c(CN3CCOCC3)ccnc2C)c2nccc(C(C)C)n2)n1,AGN-NEW-817-1
C#Cc1cccc(CN(C(=O)Nc2c(CN3CCCCC3)ccnc2C)c2nccc(C(C)C)n2)n1,AGN-NEW-817-2
C#Cc1ccnc(CN(C(=O)Nc2c(CN3CCOCC3)ccnc2C)c2nccc(C(C)C)n2)n1,AGN-NEW-817-3
C#Cc1cccc(CN(C(=O)Nc2cccnc2C)c2nccc(C(C)C)n2)n1,AGN-NEW-817-4
C#Cc1cc(F)cc(CN(C(=O)Nc2cccnc2C)c2nccc(C(C)C)n2)n1,AGN-NEW-817-5
C#Cc1cccc(CN(C(=O)Nc2c(C)ccnc2C)c2nccc(C(C)C)n2)n1,AGN-NEW-817-6
C[C@H]1[C@@H](c2ccc3c(c2)C(=O)N=[S@]3(C)=O)OCCC(=O)N1C,DAV-AUT-7eb-1
CN1C[C@@H](c2ccc3c(c2)C(=O)N=[S@]3(C)=O)OCCC1=O,DAV-AUT-7eb-2
CNC(=O)N=[S@@](C)(=O)c1ccc(C(=O)OC)cn1,DAV-AUT-7eb-3
CN1C[C@@H](c2ccc3c(c2)C(=O)N=[S@@]3(C)=O)OCCC1=O,DAV-AUT-7eb-4
CCNc1ccc(Cl)cc1CN1CCN(C(C)=O)CC1,KIM-UNI-7d1-1
CCNc1ccc(C#N)cc1CN1CCN(C(C)=O)CC1,KIM-UNI-7d1-2
CC(=O)Nc1ccc(Cl)cc1CN1CCN(C(C)=O)CC1,KIM-UNI-7d1-3
CC(=O)N1CCN(C2CCNc3ccc(Cl)cc32)CC1,KIM-UNI-7d1-4
Cc1cccc(CN2CCC(C#N)CC2)c1,JOO-PER-74f-1
Cc1c(N)cncc1NC(=O)CC1CCCCC1,TRY-UNI-714-1
Cc1c(N)cncc1NC(=O)Cc1ccccc1,TRY-UNI-714-2
Cc1c(N)cncc1NC(=O)Cc1cccc(Cl)c1,TRY-UNI-714-3
Cc1ccncc1NC(=O)CC1CCCCC1,TRY-UNI-714-4
Cc1ccncc1NC(=O)Cc1ccccc1,TRY-UNI-714-5
Cc1ccncc1NC(=O)Cc1cccc(Cl)c1,TRY-UNI-714-6
Cc1c(N)cncc1NC(=O)NC1CCCCC1,TRY-UNI-714-7
Cc1c(N)cncc1NC(=O)Nc1ccccc1,TRY-UNI-714-8
Cc1c(N)cncc1NC(=O)Nc1cccc(Cl)c1,TRY-UNI-714-9
Cc1ccncc1NC(=O)NC1CCCCC1,TRY-UNI-714-10
Cc1ccncc1NC(=O)Nc1ccccc1,TRY-UNI-714-11
Cc1ccncc1NC(=O)Nc1cccc(Cl)c1,TRY-UNI-714-12
Cc1c(N)cncc1NC(=O)C(C)C1CCCCC1,TRY-UNI-714-13
Cc1c(N)cncc1NC(=O)C(C)c1ccccc1,TRY-UNI-714-14
Cc1c(N)cncc1NC(=O)C(C)c1cccc(Cl)c1,TRY-UNI-714-15
Cc1ccncc1NC(=O)C(C)C1CCCCC1,TRY-UNI-714-16
Cc1ccncc1NC(=O)C(C)c1ccccc1,TRY-UNI-714-17
Cc1ccncc1NC(=O)C(C)c1cccc(Cl)c1,TRY-UNI-714-18
Cc1c(N)cncc1NC(=O)Cc1cccc(C#N)c1,TRY-UNI-714-19
Cc1ccncc1NC(=O)Cc1cccc(C#N)c1,TRY-UNI-714-20
Cc1c(N)cncc1NC(=O)C(C)c1cccc(C#N)c1,TRY-UNI-714-21
Cc1ccncc1NC(=O)C(C)c1cccc(C#N)c1,TRY-UNI-714-22
Cc1c(N)cncc1NC(=O)Nc1cccc(C#N)c1,TRY-UNI-714-23
Cc1ccncc1NC(=O)Nc1cccc(C#N)c1,TRY-UNI-714-24
O=C(CC1(Oc2ccccc2)CCCCC1)Nc1cccnc1,CHR-SOS-70e-1
NS(=O)(=O)c1ccc(OC2(CC(=O)Nc3cccnc3)CCCCC2)cc1,CHR-SOS-70e-2
O=C(CC1(Oc2ccccc2)CCCC1)Nc1cccnc1,CHR-SOS-70e-3
NS(=O)(=O)c1cccc(OC2(CC(=O)Nc3cccnc3)CCCC2)c1,CHR-SOS-70e-4
CS(=O)(=O)c1ccc(OC2(CC(=O)Nc3cccnc3)CCCC2)cc1,CHR-SOS-70e-5
O=C(CC1(Oc2ccccc2)CC1)Nc1cccnc1,CHR-SOS-70e-6
NS(=O)(=O)c1cccc(OC2(CC(=O)Nc3cccnc3)CC2)c1,CHR-SOS-70e-7
O=C(CC1(Oc2ccccc2)CCC1)Nc1cccnc1,CHR-SOS-70e-8
NS(=O)(=O)c1cccc(OC2(CC(=O)Nc3cccnc3)CCC2)c1,CHR-SOS-70e-9
NS(=O)(=O)c1cccc(OC2(CC(=O)Nc3cccnc3)CCC2)c1,CHR-SOS-70e-10
NS(=O)(=O)c1ccc(OC2(CC(=O)Nc3cccnc3)CC2)cc1,CHR-SOS-70e-11
NS(=O)(=O)c1cccc(OC2(CC(=O)Nc3cccnc3)CCCCC2)c1,CHR-SOS-70e-12
O=C(Nc1ccc([N+](=O)[O-])cc1Cl)c1cc(Cl)ccc1O,CHR-SOS-709-1
O=C(Nc1ccc([N+](=O)[O-])cc1Cl)c1cccc(Cl)c1,CHR-SOS-709-2
O=C(Nc1ccc([N+](=O)[O-])cc1)c1cc(Cl)ccc1O,CHR-SOS-709-3
O=C(Nc1ccccc1Cl)c1cc(Cl)ccc1O,CHR-SOS-709-4
O=C(Nc1ccc([N+](=O)[O-])cc1)c1ccccc1O,CHR-SOS-709-5
O=C(Nc1ccc([N+](=O)[O-])cc1)c1ccccc1,CHR-SOS-709-6
O=C(Nc1ccccc1)c1cc(Cl)ccc1O,CHR-SOS-709-7
O=C(Nc1ccccc1)c1cccc(Cl)c1,CHR-SOS-709-8
O=C(Nc1ccccc1)c1ccccc1,CHR-SOS-709-9
O=C(Nc1cnccc1Cl)c1cc(Cl)ccc1O,CHR-SOS-709-10
O=C(Nc1cccnc1)c1cc(Cl)ccc1O,CHR-SOS-709-11
O=C(Nc1cccnc1)c1cccc(Cl)c1,CHR-SOS-709-12
O=C(Nc1cccnc1)c1cc(Cl)cc(-c2ccccc2)c1O,CHR-SOS-709-13
O=C(Nc1cccnc1)c1cc(Cl)ccc1-c1ccccc1,CHR-SOS-709-14
NS(=O)(=O)c1ccc(-c2ccc(Cl)cc2C(=O)Nc2cccnc2)cc1,CHR-SOS-709-15
O=C(Nc1cccnc1)c1cc(Cl)ccc1Oc1ccccc1,CHR-SOS-709-16
NS(=O)(=O)c1cccc(Oc2ccc(Cl)cc2C(=O)Nc2cccnc2)c1,CHR-SOS-709-17
O=C(Nc1cccnc1)c1cc(Cl)cc(Oc2ccccc2)c1,CHR-SOS-709-18
NS(=O)(=O)c1ccc(Oc2cc(Cl)cc(C(=O)Nc3cccnc3)c2)cc1,CHR-SOS-709-19
O=C(Nc1cccnc1)c1cc(Cl)cc(Oc2ccccc2)c1,CHR-SOS-709-20
O=C(Nc1cnccc1Cl)c1cccc(Cl)c1,CHR-SOS-709-21
NS(=O)(=O)c1cccc(Oc2cc(Cl)cc(C(=O)Nc3cccnc3)c2)c1,CHR-SOS-709-22
CS(=O)(=O)NCCc1ccc(C#N)cc1NC(=O)Nc1cccnc1,WAR-XCH-6eb-1
CS(=O)(=O)NCCCc1ccc(Cl)cc1NC(=O)Nc1cccnc1,WAR-XCH-6eb-2
CS(=O)(=O)NCCCc1ccc(C#N)cc1NC(=O)Nc1cccnc1,WAR-XCH-6eb-3
CS(=O)(=O)NCCc1ccc(Cl)cc1NC(=O)Nc1cccnc1,WAR-XCH-6eb-4
Cc1ccc(CCNS(C)(=O)=O)c(NC(=O)Nc2cccnc2)c1,WAR-XCH-6eb-5
Cc1ccc(CCCNS(C)(=O)=O)c(NC(=O)Nc2cccnc2)c1,WAR-XCH-6eb-6
Cc1ccncc1NC(=O)NC1(C#Cc2ccccn2)CCCCC1,CHR-SOS-6c4-1
Cc1ccncc1NC(=O)NC1(C#Cc2cccnc2)CCCCC1,CHR-SOS-6c4-2
Cc1ccncc1NC(=O)NC1(C#Cc2cncnc2)CCCCC1,CHR-SOS-6c4-3
Cc1ccncc1NC(=O)NC1(C#Cc2ccccn2)CCCC1,CHR-SOS-6c4-4
Cc1ccncc1NC(=O)NC1(C#Cc2cccnc2)CCCC1,CHR-SOS-6c4-5
Cc1ccncc1NC(=O)NC1(C#Cc2cncnc2)CCCC1,CHR-SOS-6c4-6
Cc1ccncc1NC(=O)NC1(C#Cc2ccccn2)CCC1,CHR-SOS-6c4-7
Cc1ccncc1NC(=O)NC1(C#Cc2cccnc2)CCC1,CHR-SOS-6c4-8
Cc1ccncc1NC(=O)NC1(C#Cc2cncnc2)CCC1,CHR-SOS-6c4-9
Cc1ccncc1NC(=O)NC1(C#Cc2ccccn2)CC1,CHR-SOS-6c4-10
Cc1ccncc1NC(=O)NC1(C#Cc2cccnc2)CC1,CHR-SOS-6c4-11
Cc1ccncc1NC(=O)NC1(C#Cc2cncnc2)CC1,CHR-SOS-6c4-12
Cc1ccncc1NC(=O)NC1(C#Cc2cn(C)cn2)CCCCC1,CHR-SOS-6c4-13
Cc1ccncc1NC(=O)NC1(C#Cc2cn(C)cn2)CCCC1,CHR-SOS-6c4-14
Cc1ccncc1NC(=O)NC1(C#Cc2cn(C)cn2)CCC1,CHR-SOS-6c4-15
Cc1ccncc1NC(=O)NC1(C#Cc2cn(C)cn2)CC1,CHR-SOS-6c4-16
Cc1ccncc1NC(=O)Cc1ccsc1,MIH-UNI-6b9-1
Cc1ccncc1NC(=O)[C@@H](c1ccsc1)N1CCC(O)CC1,MIH-UNI-6b9-2
Cc1ccncc1NC(=O)C[C@H]1CCCc2cc(S(N)(=O)=O)ccc21,MIH-UNI-6b9-3
N[C@@H]1C[C@H](c2ccsc2)C[C@@H](Nc2cccnc2)O1,MIH-UNI-6b9-4
N#Cc1cccc(CNc2ccc(O)cc2)c1,MIH-UNI-6b9-5
O=S(=O)(NCCc1ccccc1)c1ccoc1,MIH-UNI-6b9-6
N[C@@H]1C[C@H](c2ccsc2)C[C@@H](Cc2cccnc2)O1,MIH-UNI-6b9-7
O[C@@H]1C[C@H](c2ccsc2)C[C@@H](Nc2cccnc2)O1,MIH-UNI-6b9-8
CC(=O)N1CCCN(Cc2ccc3ccc(S(N)(=O)=O)cc3c2)CC1,MIH-UNI-6b9-9
N=C(N)NCCC[C@H](NC(=O)CNC(=O)[C@H](Cc1ccccc1)NC(=O)[C@@H](N)CO)C(=O)O,SAL-INS-68b-1
CC(=O)N[C@@H](CO)C(=O)N[C@@H](Cc1ccccc1)C(=O)NCC(=O)N[C@@H](CCCNC(N)=O)C(N)=O,SAL-INS-68b-2
N=C(N)NCCC[C@H](NC(=O)[C@H](Cc1ccccc1)NC(=O)[C@H](Cc1ccccc1)NC(=O)[C@@H](N)CO)C(=O)O,SAL-INS-68b-3
CC(=O)N[C@@H](CO)C(=O)N[C@@H](Cc1ccccc1)C(=O)N[C@@H](Cc1ccccc1)C(=O)N[C@@H](CCCNC(N)=O)C(N)=O,SAL-INS-68b-4
N=C(N)NCCC[C@H](NC(=O)[C@H](Cc1ccccc1)NC(=O)[C@H](Cc1c[nH]c2ccccc12)NC(=O)[C@@H](N)CO)C(=O)O,SAL-INS-68b-5
CC(=O)N[C@@H](CO)C(=O)N[C@@H](Cc1c[nH]c2ccccc12)C(=O)N[C@@H](Cc1ccccc1)C(=O)N[C@@H](CCCNC(N)=O)C(N)=O,SAL-INS-68b-6
N=C(N)NCCC[C@H](NC(=O)CNC(=O)[C@H](Cc1c[nH]c2ccccc12)NC(=O)[C@@H](N)CO)C(=O)O,SAL-INS-68b-7
CC(=O)N[C@@H](CO)C(=O)N[C@@H](Cc1c[nH]c2ccccc12)C(=O)NCC(=O)N[C@@H](CCCNC(N)=O)C(N)=O,SAL-INS-68b-8
N=C(N)NCCC[C@H](NC(=O)[C@@H](CO)NC(=O)[C@H](Cc1c[nH]c2ccccc12)NC(=O)[C@@H](N)CO)C(=O)O,SAL-INS-68b-9
CC(=O)N[C@@H](CO)C(=O)N[C@@H](Cc1c[nH]c2ccccc12)C(=O)N[C@H](CO)C(=O)N[C@@H](CCCNC(N)=O)C(N)=O,SAL-INS-68b-10
N=C(N)NCCC[C@H](NC(=O)[C@@H](CO)NC(=O)[C@H](Cc1ccccc1)NC(=O)[C@@H](N)CO)C(=O)O,SAL-INS-68b-11
CC(=O)N[C@@H](CO)C(=O)N[C@@H](Cc1ccccc1)C(=O)N[C@H](CO)C(=O)N[C@@H](CCCNC(N)=O)C(N)=O,SAL-INS-68b-12
C=CC(=O)NC1CN(c2cc(C)cc(Cl)c2)C(=O)N(c2cnccc2C)C1,AGN-NEW-63f-1
C=CC(=O)NC1CN(c2cc(C)cc(F)c2)C(=O)N(c2cnccc2C)C1,AGN-NEW-63f-2
CC(=O)Nc1cncc2c1CCNC2,KIM-UNI-60f-1
Cc1ccncc1N1C(=O)CCNC1=O,KIM-UNI-60f-2
Cc1ccncc1N1C(=O)CCN(CC(=N)N)C1=O,KIM-UNI-60f-3
Cc1ccncc1N1C(=O)CCN(CC(N)=O)C1=O,KIM-UNI-60f-4
Cc1ccncc1N1C(=O)CCN(CCC(=N)N)C1=O,KIM-UNI-60f-5
Cc1ccncc1N1C(=O)CCN(CCC(N)=O)C1=O,KIM-UNI-60f-6
Cc1ccncc1-n1c2c(ccc1=O)N(CC(=N)N)CCC2,KIM-UNI-60f-7
Cc1ccncc1-n1c2c(ccc1=O)N(CC(N)=O)CCC2,KIM-UNI-60f-8
Cc1ccncc1-n1c2c(ccc1=O)N(CCC(=N)N)CCC2,KIM-UNI-60f-9
Cc1ccncc1-n1c2c(ccc1=O)N(CCC(N)=O)CCC2,KIM-UNI-60f-10
NC(=O)CCN1CCC(=O)N(c2cncc3c2CCNC3)C1=O,KIM-UNI-60f-11
Cc1ncncc1NC(=O)Nc1ccccc1,HAN-NEW-5f5-1
CC(=O)NCCc1c[nH]c2c(CCNS(C)(=O)=O)cc(C)cc12,HAN-NEW-5f5-2
O=C(Nc1ccccc1)Nc1cnccc1CCNC(=O)NC1CCCCC1,HAN-NEW-5f5-3
CC(=O)NCCc1c[nH]c2c(CCCC3CN(C(=O)CCl)CCN3C(C)=O)cccc12,HAN-NEW-5f5-4
CC(=O)N(CCCC(=O)N(c1ccc(C)cc1)C1C=CS(=O)(=O)C1)c1cnccc1C,HAN-NEW-5f5-5
C=CC(=O)N1CC(CCN(C(=O)Nc2c(C)ncc(C)c2CCN2CCOCC2)c2cc(C)ccn2)C1,AGN-NEW-5f0-1
O=C(S)C1CCN(C(=O)c2ccccc2)CC1,GIA-UNK-5ec-1
O=C(S)C1CCN(C(=O)C2CCCCC2)CC1,GIA-UNK-5ec-2
O=C(S)C1CCN(Cc2ccccc2)CC1,GIA-UNK-5ec-3
O=C(S)C1CCN(S(=O)(=O)c2ccccc2)CC1,GIA-UNK-5ec-4
O=C(S)C1CCN(C(=O)Cc2ccccc2)CC1,GIA-UNK-5ec-5
COc1ccc2c(c1)C(CCNC(C)=O)C(=O)N2,JOH-MEM-5e3-1
COc1ccc2c(c1)C(O)(CC/N=C(/C)O)CN2,JOH-MEM-5e3-2
COc1ccc2c(c1)c(CCNC(C)=O)cn2C1OC(C(=O)O)C(O)C(O)C1O,JOH-MEM-5e3-3
COc1ccc2[nH]c3c(c2c1)CCN3C(C)=O,JOH-MEM-5e3-4
CC(=O)N1CCc2c1[nH]c1ccc(OC3OC(C(=O)O)C(O)C(O)C3O)cc21,JOH-MEM-5e3-5
COc1cc2c3c([nH]c2cc1O)N(C(C)=O)CC3,JOH-MEM-5e3-6
O=CCc1c[nH]c2ccc(O)cc12,JOH-MEM-5e3-7
COc1c(O)cc2[nH]cc(CCNC(C)=O)c2c1O,JOH-MEM-5e3-8
O=C(CC1(Cc2ccccc2)CCCC1)Nc1cccnc1,CHR-SOS-597-1
O=C(CC1(Cc2cccnc2)CCCC1)Nc1cccnc1,CHR-SOS-597-2
Cc1ncc(CC2(CC(=O)Nc3cccnc3)CCCC2)s1,CHR-SOS-597-3
Cc1ncc(CC2(CC(=O)Nc3cccnc3)CCCCC2)s1,CHR-SOS-597-4
O=C(CC1(Cc2ccccc2)CCCCC1)Nc1cccnc1,CHR-SOS-597-5
O=C(CC1(Cc2cccnc2)CCCCC1)Nc1cccnc1,CHR-SOS-597-6
CNC(=O)OC1CCN(C(=O)N2CCCCC2)CC1,GIA-UNK-595-1
CNC(=O)OC1CCN(C(=O)c2ccccc2)CC1,GIA-UNK-595-2
CNC(=O)OC1CCN(C(=O)c2ccncc2)CC1,GIA-UNK-595-3
CNC(=O)OC1CCN(S(=O)(=O)c2ccccc2)CC1,GIA-UNK-595-4
CNC(=O)OC1CCN(Cc2ccccc2)CC1,GIA-UNK-595-5
O=C(Nc1cccnc1)Nc1ccccc1CCN1CC(O)C1,BAR-COM-569-1
CC(=O)NCCOc1ccccc1NC(=O)Nc1cccnc1,BAR-COM-569-2
CC(C)(O)COCc1ccccc1NC(=O)Nc1cccnc1,BAR-COM-569-3
CC(C)[C@H](O)CCc1ccccc1NC(=O)Nc1cccnc1,BAR-COM-569-4
O=C(Nc1cccnc1)Nc1ccccc1CCC1(O)C[NH2+]C1,BAR-COM-569-5
O=C(CC1(C#CC2CCNC2)CCCCC1)Nc1cccnc1,CHR-SOS-54d-1
O=C(CC1(C#CC2CCCN2)CCCCC1)Nc1cccnc1,CHR-SOS-54d-2
O=C(CC1(C#CC2CCCNC2)CCCCC1)Nc1cccnc1,CHR-SOS-54d-3
O=C(CC1(C#CC2CCCCN2)CCCCC1)Nc1cccnc1,CHR-SOS-54d-4
Nc1nccc(C#CC2(CC(=O)Nc3cccnc3)CCCCC2)n1,CHR-SOS-54d-5
O=C(CC1(C#Cc2c[nH]cn2)CCCCC1)Nc1cccnc1,CHR-SOS-54d-6
O=C(CC1(C#Cc2cc[nH]n2)CCCCC1)Nc1cccnc1,CHR-SOS-54d-7
Cc1cc(C#CC2(CC(=O)Nc3cccnc3)CCCCC2)n[nH]1,CHR-SOS-54d-8
CC(=O)N1Cc2ccccc2[C@H](c2ccccc2)[C@H]1Cc1cccnc1,JAV-UNI-450-1
NC(=O)[C@H]1CC(Cc2cccnc2)=C[C@H]1c1cccc(Cl)c1,DAR-DIA-43a-1
NC(=O)[C@H]1CC(Cc2cccnc2)=C[C@H]1c1cccc(Br)c1,DAR-DIA-43a-2
NC(=O)[C@H]1CC(Cc2cccnc2)=C[C@H]1c1cccc(I)c1,DAR-DIA-43a-3
NC(=O)[C@H]1CC(Cc2cccnc2)=C[C@H]1c1cccc(C(F)(F)F)c1,DAR-DIA-43a-4
NC(=O)[C@H]1C(O)C(Cc2cccnc2)=C[C@H]1c1cccc(Cl)c1,DAR-DIA-43a-5
NC(=O)[C@H]1[C@@H](c2cccc(Cl)c2)C=C(Cc2cccnc2)[C@@H]1O,DAR-DIA-43a-6
NC(=O)[C@H]1CC(Cc2ccccc2)=C[C@H]1c1cccc(Cl)c1,DAR-DIA-43a-7
NC(=O)[C@H]1CC(Cc2cncs2)=C[C@H]1c1cccc(Cl)c1,DAR-DIA-43a-8
NC(=O)[C@H]1CC(Cc2cnco2)=C[C@H]1c1cccc(Cl)c1,DAR-DIA-43a-9
NC(=O)[C@H]1CC(CC2CC2)=C[C@H]1c1cccc(Cl)c1,DAR-DIA-43a-10
Cn1cc(CC2=C[C@@H](c3cccc(Cl)c3)[C@@H](C(N)=O)C2)cn1,DAR-DIA-43a-11
NCCCCNC(=O)[C@H]1CC(Cc2cccnc2)=C[C@H]1c1cccc(Cl)c1,DAR-DIA-43a-12
NCCNC(=O)[C@H]1CC(Cc2cccnc2)=C[C@H]1c1cccc(Cl)c1,DAR-DIA-43a-13
CC(C)CCNC(=O)[C@H]1CC(Cc2cccnc2)=C[C@H]1c1cccc(Cl)c1,DAR-DIA-43a-14
O=C(NCCN1CCCCC1)[C@H]1CC(Cc2cccnc2)=C[C@H]1c1cccc(Cl)c1,DAR-DIA-43a-15
O=C(NCCN1CCOCC1)[C@H]1CC(Cc2cccnc2)=C[C@H]1c1cccc(Cl)c1,DAR-DIA-43a-16
CN1CCN(CCNC(=O)[C@H]2CC(Cc3cccnc3)=C[C@H]2c2cccc(Cl)c2)CC1,DAR-DIA-43a-17
COc1ccc2nccc(C(=O)NN)c2c1,AMD-U.A-3d2-1
NNC(=O)c1ccc2ccc(O)cc2c1,AMD-U.A-3d2-2
N#Cc1ccccc1NC(=O)Cc1c[nH]c2ncccc12,ANT-DIA-3c7-1
N#Cc1ccccc1NC(=O)Cc1cccnc1,ANT-DIA-3c7-2
CCNc1ccc(C#N)c(NC(=O)Cc2c[nH]c3ncccc23)c1,ANT-DIA-3c7-3
CS(=O)(=O)Cc1ccc(C(=O)Nc2cccnc2)o1,ANT-DIA-3c7-4
O=C(Nc1cccnc1)c1ccc(N2CCC(O)CC2)o1,ANT-DIA-3c7-5
CC(=O)N1CCNC2NC(=O)N(c3cccnc3)C21,NIM-UNI-36e-1
CC(=O)N1CCN(Cc2ccccc2)C2NC(=O)N(c3cccnc3)C21,NIM-UNI-36e-2
CC(=O)c1ccc(Br)c2[nH]c(=O)n(-c3cccnc3)c12,NIM-UNI-36e-3
CC(=O)c1ccc(Cc2ccc(Br)cc2)c2[nH]c(=O)n(-c3cccnc3)c12,NIM-UNI-36e-4
CC(=O)c1ccc(C#N)c2[nH]c(=O)n(-c3cccnc3)c12,NIM-UNI-36e-5
N#Cc1cncc(NC(=O)Nc2cccnc2)c1,CHR-SOS-363-1
Cc1ccncc1NC(=O)Nc1cncc(C#N)c1,CHR-SOS-363-2
N#Cc1cncc(NC(=O)Nc2cccnc2)c1Oc1ccccc1,CHR-SOS-363-3
N#Cc1cncc(NC(=O)Nc2cccnc2)c1Oc1ccc(S(N)(=O)=O)cc1,CHR-SOS-363-4
N#Cc1cncc(NC(=O)Nc2cccnc2)c1Oc1cccc(S(N)(=O)=O)c1,CHR-SOS-363-5
Cc1ccncc1NC(=O)Nc1cncc(C#N)c1Oc1cccc(S(N)(=O)=O)c1,CHR-SOS-363-6
Cc1ccncc1NC(=O)Nc1cncc(C#N)c1Oc1ccccc1,CHR-SOS-363-7
Cc1ccncc1NC(=O)Nc1cncc(C#N)c1Oc1ccc(S(N)(=O)=O)cc1,CHR-SOS-363-8
COc1ccc2[nH]cc(CCNC(C)=O)c2c1,JOH-MSK-35a-1
C#Cc1ccc(CNC(=O)N2CCOCC2)cc1,PAT-GYR-359-1
O=C(NCc1ccc(C#CBr)cc1)N1CCOCC1,PAT-GYR-359-2
COC(=O)C#Cc1ccc(CNC(=O)N2CCOCC2)cc1,PAT-GYR-359-3
NC(=O)C#Cc1ccc(CNC(=O)N2CCOCC2)cc1,PAT-GYR-359-4
O=C(NCc1ccc(C#CCCO)cc1)N1CCOCC1,PAT-GYR-359-5
O=C(C(=O)N1CCN(C(=O)c2cccc(F)c2)CC1)c1c[nH]c2cnccc12,CAR-INS-33b-1
O=C(C(=O)N1CCN(C(=O)c2cccc(Cl)c2)CC1)c1c[nH]c2cnccc12,CAR-INS-33b-2
O=C(C(=O)N1CCN(C(=O)c2ccccc2)CC1)c1c[nH]c2cnccc12,CAR-INS-33b-3
COc1cncc2[nH]cc(C(=O)C(=O)N3CCN(C(=O)c4ccccc4)CC3)c12,CAR-INS-33b-4
O=C(Nc1ccncn1)Nc1sc2cc(CCc3ncc[nH]3)[nH]c2c1CC1CCC(O)CC1,SAL-INS-316-1
O=C(Nc1ccncn1)Nc1cc2[nH]cc(CCc3ncc[nH]3)c2s1,SAL-INS-316-2
O=C(Nc1ccncn1)Nc1sc2cc[nH]c2c1CC1CCC(O)CC1,SAL-INS-316-3
OC1CCC(Cc2csc3c(CCc4ncc[nH]4)c[nH]c23)CC1,SAL-INS-316-4
O=C(Nc1cccnc1)N(CN1CCOCC1)c1cccc(Cl)c1,JOR-UNI-2fc-1
N=C(N)CCN(C(=O)Nc1cccnc1)c1cccc(Cl)c1,JOR-UNI-2fc-2
O=C(Nc1cccnc1)N(CN1CCC(O)CC1)c1cccc(Cl)c1,JOR-UNI-2fc-3
O=C(Nc1cccnc1)N(CN1CCNCC1)c1cccc(Cl)c1,JOR-UNI-2fc-4
CN1CCN(CN(C(=O)Nc2cccnc2)c2cccc(Cl)c2)CC1,JOR-UNI-2fc-5
O=C(Nc1cccnc1)N(CCN1CCOCC1)c1cccc(Cl)c1,JOR-UNI-2fc-6
O=C(Nc1cccnc1)Nc1cccc(Cl)c1,JOR-UNI-2fc-7
O=C(Nc1cccnc1)N(CCC1CC1)c1cccc(Cl)c1,JOR-UNI-2fc-8
O=C(Nc1cccnc1)N(CCN1CCCOCC1)c1cccc(Cl)c1,JOR-UNI-2fc-9
O=C(Nc1cccnc1)N(CCN1CC[NH2+]CC1)c1cccc(Cl)c1,JOR-UNI-2fc-10
CN1CCN(CCN(C(=O)Nc2cccnc2)c2cccc(Cl)c2)CC1,JOR-UNI-2fc-11
O=C(Nc1cccnc1)N(CCC1CCCCC1)c1cccc(Cl)c1,JOR-UNI-2fc-12
O=C(Nc1cccnc1)N(CCN1CCC(O)CC1)c1cccc(Cl)c1,JOR-UNI-2fc-13
CC1CCN(CN(C(=O)Nc2cccnc2)c2cccc(Cl)c2)CC1,JOR-UNI-2fc-14
CC1CCN(CCN(C(=O)Nc2cccnc2)c2cccc(Cl)c2)CC1,JOR-UNI-2fc-15
O=C(Nc1cccnc1)N(CN1CCCCC1)c1cccc(Cl)c1,JOR-UNI-2fc-16
O=C(Nc1cccnc1)N(CCN1CCCCC1)c1cccc(Cl)c1,JOR-UNI-2fc-17
CC(=O)N1CCN(Cc2cc(O)cc(Cl)c2)CC1,KIM-UNI-2ee-1
CCNc1ccc(-c2cccc(=O)[nH]2)cn1,ANN-UNI-263-1
CCNc1ccc(-c2cnco2)cn1,ANN-UNI-263-2
N#Cc1ccc(NC(=O)Nc2cccnc2)cc1,ANN-UNI-263-3
N#Cc1cccc(NC(=O)Nc2cccnc2)c1,ANN-UNI-263-4
N#Cc1cccc(CC(=O)Nc2cccnc2)c1,ANN-UNI-263-5
COc1cccc(NC(=O)Nc2cccc(C#N)c2)c1,ANN-UNI-263-6
NC(=O)[C@H]1CN(Cc2ccncc2)C[C@H]1c1ccsc1,ANN-UNI-263-7
N#Cc1cccc(NC(=O)Cc2c[nH]c3ncccc23)c1,DAR-DIA-23a-1
N#Cc1cncc(NC(=O)Cc2c[nH]c3ncccc23)c1,DAR-DIA-23a-2
N#Cc1cccc(NC(=O)Cc2cncc(N)c2)c1,DAR-DIA-23a-3
N#Cc1cccc(NC(=O)Cc2cccnc2)c1,DAR-DIA-23a-4
N#Cc1cccc(NC(=O)Nc2cccnc2)c1,DAR-DIA-23a-5
N#Cc1cncc(NC(=O)Cc2cccnc2)c1,DAR-DIA-23a-6
N#Cc1cncc(NC(=O)Cc2cncc(N)c2)c1,DAR-DIA-23a-7
N#Cc1cccc(NC(=O)Nc2cncc(N)c2)c1,DAR-DIA-23a-8
N#Cc1cncc(NC(=O)Nc2cncc(N)c2)c1,DAR-DIA-23a-9
N#Cc1cncc(NC(=O)Nc2c[nH]c3ncccc23)c1,DAR-DIA-23a-10
N#Cc1cccc(NC(=O)Nc2c[nH]c3ncccc23)c1,DAR-DIA-23a-11
O=C(Cc1c[nH]c2ncccc12)Nc1cccc(Cl)c1,DAR-DIA-23a-12
Nc1cncc(NC(=O)Nc2cccc(Cl)c2)c1,DAR-DIA-23a-13
O=C(Nc1cccnc1)Nc1cccc(Cl)c1,DAR-DIA-23a-14
O=C(Nc1cccnc1)Nc1cncc(Cl)c1,DAR-DIA-23a-15
O=C(Cc1cncc(Cl)c1)Nc1cccnc1,DAR-DIA-23a-16
N#Cc1cncc(CC(=O)Nc2cccnc2)c1,DAR-DIA-23a-17
N#Cc1cccc(NC(=O)Cc2cncc3ncccc23)c1,DAR-DIA-23a-18
N#Cc1cccc(NC(=O)Cc2cncc3ccccc23)c1,DAR-DIA-23a-19
O=C(Cc1cncc2ccccc12)Nc1ccccc1,DAR-DIA-23a-20
[NH3+]C1([C@H](O)CCc2cccc(NC(=O)Nc3cccnc3)c2)CC1,BAR-COM-21d-1
C[C@]1(CCc2cccc(NC(=O)Nc3cccnc3)c2)[NH2+]C[C@@H]1O,BAR-COM-21d-2
O=C(Nc1cccnc1)Nc1cccc(CCCc2ccc[nH]2)c1,BAR-COM-21d-3
O=C(Nc1cccnc1)Nc1cccc(CCC2(CO)CC2)c1,BAR-COM-21d-4
Cc1ncc(CCc2cccc(NC(=O)Nc3cccnc3)c2)[nH]1,BAR-COM-21d-5
CCC[C@](C)(O)CCc1cccc(NC(=O)Nc2cccnc2)c1,BAR-COM-21d-6
N#CC1(CCc2cccc(NC(=O)Nc3cccnc3)c2)CCC1,BAR-COM-21d-7
CN(CCc1cccc(NC(=O)Nc2cccnc2)c1)C(N)=O,BAR-COM-21d-8
NC(=O)[C@@H](F)CCc1cccc(NC(=O)Nc2cccnc2)c1,BAR-COM-21d-9
CCNc1ncc(C#N)cc1CC(=O)Nc1cnccc1C,TRY-UNI-1fd-1
CCNc1ncc(C#N)cc1NC(=O)Nc1cnccc1C,TRY-UNI-1fd-2
Cc1ccncc1NC(=O)Nc1cc(C#N)cnc1CCNS(C)(=O)=O,TRY-UNI-1fd-3
NS(=O)(=O)c1ccc2scc(CN3CCC(O)CC3)c2c1,TRY-UNI-1fd-4
O=C(Cc1c[nH]c2ncccc12)NCc1cccc(Cl)c1,TRY-UNI-1fd-5
N#Cc1cccc(CNC(=O)Cc2c[nH]c3ncccc23)c1,TRY-UNI-1fd-6
O=C(Cc1c[nH]c2ncccc12)NCc1ccc(Cl)cc1,TRY-UNI-1fd-7
N#Cc1ccc(CNC(=O)Cc2c[nH]c3ncccc23)cc1,TRY-UNI-1fd-8
O=C(Cc1c[nH]c2ncccc12)NCc1cc(Cl)ccn1,TRY-UNI-1fd-9
N#Cc1ccnc(CNC(=O)Cc2c[nH]c3ncccc23)c1,TRY-UNI-1fd-10
O=C(Cc1c[nH]c2ncccc12)NCc1ccc(Cl)cn1,TRY-UNI-1fd-11
N#Cc1ccc(CNC(=O)Cc2c[nH]c3ncccc23)nc1,TRY-UNI-1fd-12
Cc1ccncc1NC(=O)NC1(Oc2ccccc2)CCCCC1,CHR-SOS-1f3-1
Cc1ccncc1NC(=O)NC1(Oc2cccc(S(N)(=O)=O)c2)CCCCC1,CHR-SOS-1f3-2
Cc1ccncc1NC(=O)NC1(Oc2ccc(S(N)(=O)=O)cc2)CCCCC1,CHR-SOS-1f3-3
Cc1ccncc1NC(=O)NC1(Oc2ccccc2)CCCC1,CHR-SOS-1f3-4
Cc1ccncc1NC(=O)NC1(Oc2cccc(S(N)(=O)=O)c2)CCCC1,CHR-SOS-1f3-5
Cc1ccncc1NC(=O)NC1(Oc2ccc(S(C)(=O)=O)cc2)CCCC1,CHR-SOS-1f3-6
Cc1ccncc1NC(=O)NC1(Oc2ccccc2)CCC1,CHR-SOS-1f3-7
Cc1ccncc1NC(=O)NC1(Oc2cccc(S(N)(=O)=O)c2)CCC1,CHR-SOS-1f3-8
Cc1ccncc1NC(=O)NC1(Oc2ccc(S(N)(=O)=O)cc2)CCC1,CHR-SOS-1f3-9
Cc1ccncc1NC(=O)NC1(Oc2ccccc2)CC1,CHR-SOS-1f3-10
Cc1ccncc1NC(=O)NC1(Oc2cccc(S(N)(=O)=O)c2)CC1,CHR-SOS-1f3-11
Cc1ccncc1NC(=O)NC1(Oc2ccc(S(N)(=O)=O)cc2)CC1,CHR-SOS-1f3-12
O=C(CCl)N1CCN(S(=O)(=O)c2ccc(Cl)cc2)C[C@@H]1Oc1ccc(F)cc1,SAL-INS-1ea-1
O=C(CCl)N1CCN(S(=O)(=O)c2ccc(Cl)s2)C[C@@H]1Oc1ccc(F)cc1,SAL-INS-1ea-2
O=C(CCl)N1CCN(S(=O)(=O)c2ccc(Cl)s2)[C@@H](CCc2ccccc2O)C1,SAL-INS-1ea-3
O=C(CCl)N1CCN(S(=O)(=O)c2ccc(Cl)cc2)[C@@H](CCc2ccccc2O)C1,SAL-INS-1ea-4
CC(C)N(C)C(=O)c1ccc2c(c1)CN(C(=O)CCl)CC2c1ccccc1,SAL-INS-1c7-1
CN(C(=O)c1ccc2c(c1)CN(C(=O)CCl)CC2c1ccccc1)c1c[nH]cn1,SAL-INS-1c7-2
CC(C)N(C)C(=O)c1ccc2c(c1)CN(C(=O)CCl)CC2c1c[nH]cn1,SAL-INS-1c7-3
CN(C(=O)c1ccc2c(c1)CN(C(=O)CCl)CC2c1c[nH]cn1)c1c[nH]cn1,SAL-INS-1c7-4
O=C(CCl)N1Cc2cc3c([N+](=O)[O-])cccc3cc2C(c2ccccc2)C1,SAL-INS-1c7-5
O=C(CCl)N1Cc2cc3c([N+](=O)[O-])cccc3cc2C(c2c[nH]cn2)C1,SAL-INS-1c7-6
Cc1ccc(N(C(=O)CCl)C2C=CS(=O)(=O)C2)c(Cc2ccccc2)c1,SAL-INS-1c7-7
O=C(CCl)N(c1ccc(F)cc1Cc1ccccc1)C1C=CS(=O)(=O)C1,SAL-INS-1c7-8
Cc1ccc(N(C(=O)CCl)C2C=CS(=O)(=O)C2)c(Cc2c[nH]cn2)c1,SAL-INS-1c7-9
O=C(CCl)N(c1ccc(F)cc1Cc1c[nH]cn1)C1C=CS(=O)(=O)C1,SAL-INS-1c7-10
O=C(CCl)N1CCN(Cc2ccc(Br)s2)C(c2ccccc2)C1,SAL-INS-1c7-11
O=C(CCl)N1CCN(Cc2ccc(Br)s2)C(c2cnc[nH]2)C1,SAL-INS-1c7-12
O=C(Nc1cc(O)c(O)c(O)c1)C(=O)Nc1cc(O)c(O)c(O)c1,ANT-LOU-17a-1
COc1cc(NC(=O)C(=O)Nc2cc(OC)c(OC)c(OC)c2)cc(OC)c1OC,ANT-LOU-17a-2
CCOC(=O)C(=O)Nc1cc(OC)c(OC)c(OC)c1,ANT-LOU-17a-3
CC(=O)N1CCN(CC2CCc3ccc(S(N)(=O)=O)cc3N2C)CC1,HEI-REL-0c9-1
CC(=O)N1CCN(CC2CCc3ccc(S(N)(=O)=O)cc3N2)CC1,HEI-REL-0c9-2
CC(=O)N1CCC(CN2CCc3ccc(S(N)(=O)=O)cc3C2=O)CC1,HEI-REL-0c9-3
CC(=O)N1CCN(Cc2cc(Cl)c3ccc(S(N)(=O)=O)cc3n2)CC1,HEI-REL-0c9-4
CC(=O)N1CCN(Cc2cc(Cl)c3c(c2)CC(S(N)(=O)=O)CC3)CC1,HEI-REL-0c9-5
CC(=O)N1Cc2ccccc2C(C2CCc3ccc(S(N)(=O)=O)cc3N2C)C1,HEI-REL-0c9-6
C=Cc1ncc(C)c(CCNC(=O)CN2CCNCC2)c1NC(=O)N(C)c1cc(C)ccn1,AGN-NEW-051-1
C=Cc1ncc(C)c(CCNC(=O)CN2CCNCC2)c1NC(=O)N(CN1CCOCC1)c1cc(C)ccn1,AGN-NEW-051-2
C#Cc1ncc(C)c(CCNC(=O)CN2CCNCC2)c1NC(=O)N(C)c1cc(C)ccn1,AGN-NEW-051-3
C#Cc1ncc(C)c(CCNC(=O)CN2CCNCC2)c1NC(=O)N(CN1CCOCC1)c1cc(C)ccn1,AGN-NEW-051-4
CNC(=O)[C@H]1CCC[C@H]1c1ccsc1,ANT-DIA-045-1
COCCNC(=O)[C@H]1CCC[C@H]1c1ccsc1,ANT-DIA-045-2
O=C(Nc1cncnc1)[C@H]1CCC[C@H]1c1ccsc1,ANT-DIA-045-3
O=C(NCc1ccccn1)[C@H]1CCC[C@H]1c1ccsc1,ANT-DIA-045-4
O=C(NCc1cccnc1)[C@H]1CCC[C@H]1c1ccsc1,ANT-DIA-045-5
O=C(Nc1ccccc1)Nc1cnccc1CCNC(=O)NC1CCCCC1,DAR-DIA-033-1
O=C(Cc1cnccc1CCNC(=O)NC1CCCCC1)Nc1ccccc1,DAR-DIA-033-2
O=C(Nc1cccc(Cl)c1)Nc1cnccc1CCNC(=O)NC1CCCCC1,DAR-DIA-033-3
N#Cc1cccc(NC(=O)Nc2cnccc2CCNC(=O)NC2CCCCC2)c1,DAR-DIA-033-4
O=C(CC1CCCCC1)Nc1cnccc1CCNC(=O)NC1CCCCC1,DAR-DIA-033-5
CN1CCN(CC(=O)Nc2cnccc2CCNC(=O)NC2CCCCC2)CC1,DAR-DIA-033-6
O=C(Cc1ccccc1)Nc1cnccc1CCNC(=O)NC1CCCCC1,DAR-DIA-033-7
CN1CCN(C(=O)NCCc2ccncc2NC(=O)Cc2ccccc2)CC1,DAR-DIA-033-8
O=C(Cc1ccccc1)Nc1cnccc1CCNC(=O)N1CCCCC1,DAR-DIA-033-9
O=C(Cc1ccccc1)Nc1cnccc1CCNC(=O)N1CCOCC1,DAR-DIA-033-10
O=C(Nc1ccccc1)Nc1cnccc1CCNC(=O)N1CCCCC1,DAR-DIA-033-11
CN1CCN(C(=O)Cc2c[nH]c3nccc(NC(=O)NC4CCCCC4)c23)CC1,DAR-DIA-033-12
O=C(Cc1ccccc1)Nc1c[nH]c2nccc(NC(=O)NC3CCCCC3)c12,DAR-DIA-033-13
O=C(Cc1ccccc1)Nc1c[nH]c2nccc(NC(=O)C3CCCCC3)c12,DAR-DIA-033-14
NCCc1ccncc1CC(=O)Nc1ccccc1,DAR-DIA-033-15