SMILES,ID,product_1,product_2,product_3,product_4
OCC#CCBr,EN300-83766,O=C(Nc1cncc2ccccc12)[C@]1(OCC#CCO)CCOc2ccc(Cl)cc21,O=C(Nc1cncc2ccccc12)[C@]1(COCC#CCO)CCOc2ccc(Cl)cc21,O=C(Nc1cncc2ccccc12)[C@]1(CCOCC#CCO)CCOc2ccc(Cl)cc21,O=C(Nc1cncc2ccccc12)[C@]1(CCCOCC#CCO)CCOc2ccc(Cl)cc21
C#CCNC(=O)CI,EN300-1659582,C#CCNC(=O)CO[C@@]1(C(=O)Nc2cncc3ccccc23)CCOc2ccc(Cl)cc21,C#CCNC(=O)COC[C@@]1(C(=O)Nc2cncc3ccccc23)CCOc2ccc(Cl)cc21,C#CCNC(=O)COCC[C@@]1(C(=O)Nc2cncc3ccccc23)CCOc2ccc(Cl)cc21,C#CCNC(=O)COCCC[C@@]1(C(=O)Nc2cncc3ccccc23)CCOc2ccc(Cl)cc21
C#CCNC(=O)CBr,EN300-129190,C#CCNC(=O)CO[C@@]1(C(=O)Nc2cncc3ccccc23)CCOc2ccc(Cl)cc21,C#CCNC(=O)COC[C@@]1(C(=O)Nc2cncc3ccccc23)CCOc2ccc(Cl)cc21,C#CCNC(=O)COCC[C@@]1(C(=O)Nc2cncc3ccccc23)CCOc2ccc(Cl)cc21,C#CCNC(=O)COCCC[C@@]1(C(=O)Nc2cncc3ccccc23)CCOc2ccc(Cl)cc21
C#CCNC(=O)C(C)Cl,EN300-28020,C#CCNC(=O)C(C)O[C@@]1(C(=O)Nc2cncc3ccccc23)CCOc2ccc(Cl)cc21,C#CCNC(=O)C(C)OC[C@@]1(C(=O)Nc2cncc3ccccc23)CCOc2ccc(Cl)cc21,C#CCNC(=O)C(C)OCC[C@@]1(C(=O)Nc2cncc3ccccc23)CCOc2ccc(Cl)cc21,C#CCNC(=O)C(C)OCCC[C@@]1(C(=O)Nc2cncc3ccccc23)CCOc2ccc(Cl)cc21
C#CCN1CCN(C(=O)CCl)CC1,EN300-97004,C#CCN1CCN(C(=O)CO[C@@]2(C(=O)Nc3cncc4ccccc34)CCOc3ccc(Cl)cc32)CC1,C#CCN1CCN(C(=O)COC[C@@]2(C(=O)Nc3cncc4ccccc34)CCOc3ccc(Cl)cc32)CC1,C#CCN1CCN(C(=O)COCC[C@@]2(C(=O)Nc3cncc4ccccc34)CCOc3ccc(Cl)cc32)CC1,C#CCN1CCN(C(=O)COCCC[C@@]2(C(=O)Nc3cncc4ccccc34)CCOc3ccc(Cl)cc32)CC1
C#CCNC(=O)CCl,EN300-23138,C#CCNC(=O)CO[C@@]1(C(=O)Nc2cncc3ccccc23)CCOc2ccc(Cl)cc21,C#CCNC(=O)COC[C@@]1(C(=O)Nc2cncc3ccccc23)CCOc2ccc(Cl)cc21,C#CCNC(=O)COCC[C@@]1(C(=O)Nc2cncc3ccccc23)CCOc2ccc(Cl)cc21,C#CCNC(=O)COCCC[C@@]1(C(=O)Nc2cncc3ccccc23)CCOc2ccc(Cl)cc21
OCCOCCOCCOCCCl,EN300-7463738,O=C(Nc1cncc2ccccc12)[C@]1(OCCOCCOCCOCCO)CCOc2ccc(Cl)cc21,O=C(Nc1cncc2ccccc12)[C@]1(COCCOCCOCCOCCO)CCOc2ccc(Cl)cc21,O=C(Nc1cncc2ccccc12)[C@]1(CCOCCOCCOCCOCCO)CCOc2ccc(Cl)cc21,O=C(Nc1cncc2ccccc12)[C@]1(CCCOCCOCCOCCOCCO)CCOc2ccc(Cl)cc21
OCCCI,EN300-221518,O=C(Nc1cncc2ccccc12)[C@]1(OCCCO)CCOc2ccc(Cl)cc21,O=C(Nc1cncc2ccccc12)[C@]1(COCCCO)CCOc2ccc(Cl)cc21,O=C(Nc1cncc2ccccc12)[C@]1(CCOCCCO)CCOc2ccc(Cl)cc21,O=C(Nc1cncc2ccccc12)[C@]1(CCCOCCCO)CCOc2ccc(Cl)cc21
OCCOCCOCCCl,EN300-134537,O=C(Nc1cncc2ccccc12)[C@]1(OCCOCCOCCO)CCOc2ccc(Cl)cc21,O=C(Nc1cncc2ccccc12)[C@]1(COCCOCCOCCO)CCOc2ccc(Cl)cc21,O=C(Nc1cncc2ccccc12)[C@]1(CCOCCOCCOCCO)CCOc2ccc(Cl)cc21,O=C(Nc1cncc2ccccc12)[C@]1(CCCOCCOCCOCCO)CCOc2ccc(Cl)cc21
CC(Br)CO,EN300-175186,CC(CO)O[C@@]1(C(=O)Nc2cncc3ccccc23)CCOc2ccc(Cl)cc21,CC(CO)OC[C@@]1(C(=O)Nc2cncc3ccccc23)CCOc2ccc(Cl)cc21,CC(CO)OCC[C@@]1(C(=O)Nc2cncc3ccccc23)CCOc2ccc(Cl)cc21,CC(CO)OCCC[C@@]1(C(=O)Nc2cncc3ccccc23)CCOc2ccc(Cl)cc21
O=S(=O)(CCBr)CCCO,EN300-7456499,O=C(Nc1cncc2ccccc12)[C@]1(OCCS(=O)(=O)CCCO)CCOc2ccc(Cl)cc21,O=C(Nc1cncc2ccccc12)[C@]1(COCCS(=O)(=O)CCCO)CCOc2ccc(Cl)cc21,O=C(Nc1cncc2ccccc12)[C@]1(CCOCCS(=O)(=O)CCCO)CCOc2ccc(Cl)cc21,O=C(Nc1cncc2ccccc12)[C@]1(CCCOCCS(=O)(=O)CCCO)CCOc2ccc(Cl)cc21
OC1(CC2CC(CCl)=NO2)COC1,EN300-7457160,O=C(Nc1cncc2ccccc12)[C@]1(OCC2=NOC(CC3(O)COC3)C2)CCOc2ccc(Cl)cc21,O=C(Nc1cncc2ccccc12)[C@]1(COCC2=NOC(CC3(O)COC3)C2)CCOc2ccc(Cl)cc21,O=C(Nc1cncc2ccccc12)[C@]1(CCOCC2=NOC(CC3(O)COC3)C2)CCOc2ccc(Cl)cc21,O=C(Nc1cncc2ccccc12)[C@]1(CCCOCC2=NOC(CC3(O)COC3)C2)CCOc2ccc(Cl)cc21
OCCCOCCOCCCl,EN300-7353728,O=C(Nc1cncc2ccccc12)[C@]1(OCCOCCOCCCO)CCOc2ccc(Cl)cc21,O=C(Nc1cncc2ccccc12)[C@]1(COCCOCCOCCCO)CCOc2ccc(Cl)cc21,O=C(Nc1cncc2ccccc12)[C@]1(CCOCCOCCOCCCO)CCOc2ccc(Cl)cc21,O=C(Nc1cncc2ccccc12)[C@]1(CCCOCCOCCOCCCO)CCOc2ccc(Cl)cc21
O=S(=O)(CCO)CCBr,EN300-7463171,O=C(Nc1cncc2ccccc12)[C@]1(OCCS(=O)(=O)CCO)CCOc2ccc(Cl)cc21,O=C(Nc1cncc2ccccc12)[C@]1(COCCS(=O)(=O)CCO)CCOc2ccc(Cl)cc21,O=C(Nc1cncc2ccccc12)[C@]1(CCOCCS(=O)(=O)CCO)CCOc2ccc(Cl)cc21,O=C(Nc1cncc2ccccc12)[C@]1(CCCOCCS(=O)(=O)CCO)CCOc2ccc(Cl)cc21
OC1(c2cc(CCl)no2)COC1,EN300-7457159,O=C(Nc1cncc2ccccc12)[C@]1(OCc2cc(C3(O)COC3)on2)CCOc2ccc(Cl)cc21,O=C(Nc1cncc2ccccc12)[C@]1(COCc2cc(C3(O)COC3)on2)CCOc2ccc(Cl)cc21,O=C(Nc1cncc2ccccc12)[C@]1(CCOCc2cc(C3(O)COC3)on2)CCOc2ccc(Cl)cc21,O=C(Nc1cncc2ccccc12)[C@]1(CCCOCc2cc(C3(O)COC3)on2)CCOc2ccc(Cl)cc21
OCC1(CCl)CN(C2CC2)C1,EN300-6735421,O=C(Nc1cncc2ccccc12)[C@]1(OCC2(CO)CN(C3CC3)C2)CCOc2ccc(Cl)cc21,O=C(Nc1cncc2ccccc12)[C@]1(COCC2(CO)CN(C3CC3)C2)CCOc2ccc(Cl)cc21,O=C(Nc1cncc2ccccc12)[C@]1(CCOCC2(CO)CN(C3CC3)C2)CCOc2ccc(Cl)cc21,O=C(Nc1cncc2ccccc12)[C@]1(CCCOCC2(CO)CN(C3CC3)C2)CCOc2ccc(Cl)cc21
Oc1nc(CCl)no1,EN300-1252913,O=C(Nc1cncc2ccccc12)[C@]1(OCc2noc(O)n2)CCOc2ccc(Cl)cc21,O=C(Nc1cncc2ccccc12)[C@]1(COCc2noc(O)n2)CCOc2ccc(Cl)cc21,O=C(Nc1cncc2ccccc12)[C@]1(CCOCc2noc(O)n2)CCOc2ccc(Cl)cc21,O=C(Nc1cncc2ccccc12)[C@]1(CCCOCc2noc(O)n2)CCOc2ccc(Cl)cc21
Cc1ncc([N+](=O)[O-])n1CC(O)CCl,EN300-6731079,Cc1ncc([N+](=O)[O-])n1CC(O)CO[C@@]1(C(=O)Nc2cncc3ccccc23)CCOc2ccc(Cl)cc21,Cc1ncc([N+](=O)[O-])n1CC(O)COC[C@@]1(C(=O)Nc2cncc3ccccc23)CCOc2ccc(Cl)cc21,Cc1ncc([N+](=O)[O-])n1CC(O)COCC[C@@]1(C(=O)Nc2cncc3ccccc23)CCOc2ccc(Cl)cc21,Cc1ncc([N+](=O)[O-])n1CC(O)COCCC[C@@]1(C(=O)Nc2cncc3ccccc23)CCOc2ccc(Cl)cc21
CN(C)C(=O)NCC(O)CCl,EN300-6501360,CN(C)C(=O)NCC(O)CO[C@@]1(C(=O)Nc2cncc3ccccc23)CCOc2ccc(Cl)cc21,CN(C)C(=O)NCC(O)COC[C@@]1(C(=O)Nc2cncc3ccccc23)CCOc2ccc(Cl)cc21,CN(C)C(=O)NCC(O)COCC[C@@]1(C(=O)Nc2cncc3ccccc23)CCOc2ccc(Cl)cc21,CN(C)C(=O)NCC(O)COCCC[C@@]1(C(=O)Nc2cncc3ccccc23)CCOc2ccc(Cl)cc21
OCC1COC(CI)C1,EN300-6494158,O=C(Nc1cncc2ccccc12)[C@]1(OCC2CC(CO)CO2)CCOc2ccc(Cl)cc21,O=C(Nc1cncc2ccccc12)[C@]1(COCC2CC(CO)CO2)CCOc2ccc(Cl)cc21,O=C(Nc1cncc2ccccc12)[C@]1(CCOCC2CC(CO)CO2)CCOc2ccc(Cl)cc21,O=C(Nc1cncc2ccccc12)[C@]1(CCCOCC2CC(CO)CO2)CCOc2ccc(Cl)cc21
O=C1C[C@H](O)[C@@H](CBr)O1,EN300-6487407,O=C1C[C@H](O)[C@@H](CO[C@@]2(C(=O)Nc3cncc4ccccc34)CCOc3ccc(Cl)cc32)O1,O=C1C[C@H](O)[C@@H](COC[C@@]2(C(=O)Nc3cncc4ccccc34)CCOc3ccc(Cl)cc32)O1,O=C1C[C@H](O)[C@@H](COCC[C@@]2(C(=O)Nc3cncc4ccccc34)CCOc3ccc(Cl)cc32)O1,O=C1C[C@H](O)[C@@H](COCCC[C@@]2(C(=O)Nc3cncc4ccccc34)CCOc3ccc(Cl)cc32)O1
OC(CBr)C1CCOC1,EN300-1911992,O=C(Nc1cncc2ccccc12)[C@]1(OCC(O)C2CCOC2)CCOc2ccc(Cl)cc21,O=C(Nc1cncc2ccccc12)[C@]1(COCC(O)C2CCOC2)CCOc2ccc(Cl)cc21,O=C(Nc1cncc2ccccc12)[C@]1(CCOCC(O)C2CCOC2)CCOc2ccc(Cl)cc21,O=C(Nc1cncc2ccccc12)[C@]1(CCCOCC(O)C2CCOC2)CCOc2ccc(Cl)cc21
COCC(O)CBr,EN300-1915260,COCC(O)CO[C@@]1(C(=O)Nc2cncc3ccccc23)CCOc2ccc(Cl)cc21,COCC(O)COC[C@@]1(C(=O)Nc2cncc3ccccc23)CCOc2ccc(Cl)cc21,COCC(O)COCC[C@@]1(C(=O)Nc2cncc3ccccc23)CCOc2ccc(Cl)cc21,COCC(O)COCCC[C@@]1(C(=O)Nc2cncc3ccccc23)CCOc2ccc(Cl)cc21
OC(CF)CCl,EN300-1968342,O=C(Nc1cncc2ccccc12)[C@]1(OCC(O)CF)CCOc2ccc(Cl)cc21,O=C(Nc1cncc2ccccc12)[C@]1(COCC(O)CF)CCOc2ccc(Cl)cc21,O=C(Nc1cncc2ccccc12)[C@]1(CCOCC(O)CF)CCOc2ccc(Cl)cc21,O=C(Nc1cncc2ccccc12)[C@]1(CCCOCC(O)CF)CCOc2ccc(Cl)cc21
O[C@@H]1COC[C@H]1Br,EN300-331828,O=C(Nc1cncc2ccccc12)[C@]1(O[C@@H]2COC[C@H]2O)CCOc2ccc(Cl)cc21,O=C(Nc1cncc2ccccc12)[C@]1(CO[C@@H]2COC[C@H]2O)CCOc2ccc(Cl)cc21,O=C(Nc1cncc2ccccc12)[C@]1(CCO[C@@H]2COC[C@H]2O)CCOc2ccc(Cl)cc21,O=C(Nc1cncc2ccccc12)[C@]1(CCCO[C@@H]2COC[C@H]2O)CCOc2ccc(Cl)cc21
O=C1C[C@H]2[C@@H]1C[C@@H](O)[C@@H]2Br,EN300-6481287,O=C1C[C@H]2[C@@H]1C[C@@H](O)[C@@H]2O[C@@]1(C(=O)Nc2cncc3ccccc23)CCOc2ccc(Cl)cc21,O=C1C[C@H]2[C@@H]1C[C@@H](O)[C@@H]2OC[C@@]1(C(=O)Nc2cncc3ccccc23)CCOc2ccc(Cl)cc21,O=C1C[C@H]2[C@@H]1C[C@@H](O)[C@@H]2OCC[C@@]1(C(=O)Nc2cncc3ccccc23)CCOc2ccc(Cl)cc21,O=C1C[C@H]2[C@@H]1C[C@@H](O)[C@@H]2OCCC[C@@]1(C(=O)Nc2cncc3ccccc23)CCOc2ccc(Cl)cc21
OCC(F)CBr,EN300-1600517,O=C(Nc1cncc2ccccc12)[C@]1(OCC(F)CO)CCOc2ccc(Cl)cc21,O=C(Nc1cncc2ccccc12)[C@]1(COCC(F)CO)CCOc2ccc(Cl)cc21,O=C(Nc1cncc2ccccc12)[C@]1(CCOCC(F)CO)CCOc2ccc(Cl)cc21,O=C(Nc1cncc2ccccc12)[C@]1(CCCOCC(F)CO)CCOc2ccc(Cl)cc21
OC(CF)CBr,EN300-1609255,O=C(Nc1cncc2ccccc12)[C@]1(OCC(O)CF)CCOc2ccc(Cl)cc21,O=C(Nc1cncc2ccccc12)[C@]1(COCC(O)CF)CCOc2ccc(Cl)cc21,O=C(Nc1cncc2ccccc12)[C@]1(CCOCC(O)CF)CCOc2ccc(Cl)cc21,O=C(Nc1cncc2ccccc12)[C@]1(CCCOCC(O)CF)CCOc2ccc(Cl)cc21
COC(=O)C[C@@H](O)CCl,EN300-73662,COC(=O)C[C@@H](O)CO[C@@]1(C(=O)Nc2cncc3ccccc23)CCOc2ccc(Cl)cc21,COC(=O)C[C@@H](O)COC[C@@]1(C(=O)Nc2cncc3ccccc23)CCOc2ccc(Cl)cc21,COC(=O)C[C@@H](O)COCC[C@@]1(C(=O)Nc2cncc3ccccc23)CCOc2ccc(Cl)cc21,COC(=O)C[C@@H](O)COCCC[C@@]1(C(=O)Nc2cncc3ccccc23)CCOc2ccc(Cl)cc21
CCOC(=O)CC(O)CCl,EN300-82539,CCOC(=O)CC(O)CO[C@@]1(C(=O)Nc2cncc3ccccc23)CCOc2ccc(Cl)cc21,CCOC(=O)CC(O)COC[C@@]1(C(=O)Nc2cncc3ccccc23)CCOc2ccc(Cl)cc21,CCOC(=O)CC(O)COCC[C@@]1(C(=O)Nc2cncc3ccccc23)CCOc2ccc(Cl)cc21,CCOC(=O)CC(O)COCCC[C@@]1(C(=O)Nc2cncc3ccccc23)CCOc2ccc(Cl)cc21
OCC(F)Br,EN300-861925,O=C(Nc1cncc2ccccc12)[C@]1(OC(F)CO)CCOc2ccc(Cl)cc21,O=C(Nc1cncc2ccccc12)[C@]1(COC(F)CO)CCOc2ccc(Cl)cc21,O=C(Nc1cncc2ccccc12)[C@]1(CCOC(F)CO)CCOc2ccc(Cl)cc21,O=C(Nc1cncc2ccccc12)[C@]1(CCCOC(F)CO)CCOc2ccc(Cl)cc21
OCCOCCCl,EN300-52467,O=C(Nc1cncc2ccccc12)[C@]1(OCCOCCO)CCOc2ccc(Cl)cc21,O=C(Nc1cncc2ccccc12)[C@]1(COCCOCCO)CCOc2ccc(Cl)cc21,O=C(Nc1cncc2ccccc12)[C@]1(CCOCCOCCO)CCOc2ccc(Cl)cc21,O=C(Nc1cncc2ccccc12)[C@]1(CCCOCCOCCO)CCOc2ccc(Cl)cc21
OCCCCl,EN300-22342,O=C(Nc1cncc2ccccc12)[C@]1(OCCCO)CCOc2ccc(Cl)cc21,O=C(Nc1cncc2ccccc12)[C@]1(COCCCO)CCOc2ccc(Cl)cc21,O=C(Nc1cncc2ccccc12)[C@]1(CCOCCCO)CCOc2ccc(Cl)cc21,O=C(Nc1cncc2ccccc12)[C@]1(CCCOCCCO)CCOc2ccc(Cl)cc21
CCOC(=O)C[C@@H](O)CCl,EN300-102988,CCOC(=O)C[C@@H](O)CO[C@@]1(C(=O)Nc2cncc3ccccc23)CCOc2ccc(Cl)cc21,CCOC(=O)C[C@@H](O)COC[C@@]1(C(=O)Nc2cncc3ccccc23)CCOc2ccc(Cl)cc21,CCOC(=O)C[C@@H](O)COCC[C@@]1(C(=O)Nc2cncc3ccccc23)CCOc2ccc(Cl)cc21,CCOC(=O)C[C@@H](O)COCCC[C@@]1(C(=O)Nc2cncc3ccccc23)CCOc2ccc(Cl)cc21
OCCBr,EN300-21258,O=C(Nc1cncc2ccccc12)[C@]1(OCCO)CCOc2ccc(Cl)cc21,O=C(Nc1cncc2ccccc12)[C@]1(COCCO)CCOc2ccc(Cl)cc21,O=C(Nc1cncc2ccccc12)[C@]1(CCOCCO)CCOc2ccc(Cl)cc21,O=C(Nc1cncc2ccccc12)[C@]1(CCCOCCO)CCOc2ccc(Cl)cc21
OCCCBr,EN300-67396,O=C(Nc1cncc2ccccc12)[C@]1(OCCCO)CCOc2ccc(Cl)cc21,O=C(Nc1cncc2ccccc12)[C@]1(COCCCO)CCOc2ccc(Cl)cc21,O=C(Nc1cncc2ccccc12)[C@]1(CCOCCCO)CCOc2ccc(Cl)cc21,O=C(Nc1cncc2ccccc12)[C@]1(CCCOCCCO)CCOc2ccc(Cl)cc21
CCOC(=O)CC(O)CI,EN300-314144,CCOC(=O)CC(O)CO[C@@]1(C(=O)Nc2cncc3ccccc23)CCOc2ccc(Cl)cc21,CCOC(=O)CC(O)COC[C@@]1(C(=O)Nc2cncc3ccccc23)CCOc2ccc(Cl)cc21,CCOC(=O)CC(O)COCC[C@@]1(C(=O)Nc2cncc3ccccc23)CCOc2ccc(Cl)cc21,CCOC(=O)CC(O)COCCC[C@@]1(C(=O)Nc2cncc3ccccc23)CCOc2ccc(Cl)cc21
OCCOCCI,EN300-298653,O=C(Nc1cncc2ccccc12)[C@]1(OCCOCCO)CCOc2ccc(Cl)cc21,O=C(Nc1cncc2ccccc12)[C@]1(COCCOCCO)CCOc2ccc(Cl)cc21,O=C(Nc1cncc2ccccc12)[C@]1(CCOCCOCCO)CCOc2ccc(Cl)cc21,O=C(Nc1cncc2ccccc12)[C@]1(CCCOCCOCCO)CCOc2ccc(Cl)cc21
NC(=O)C(O)(CBr)c1ccccc1,EN300-248526,NC(=O)C(O)(CO[C@@]1(C(=O)Nc2cncc3ccccc23)CCOc2ccc(Cl)cc21)c1ccccc1,NC(=O)C(O)(COC[C@@]1(C(=O)Nc2cncc3ccccc23)CCOc2ccc(Cl)cc21)c1ccccc1,NC(=O)C(O)(COCC[C@@]1(C(=O)Nc2cncc3ccccc23)CCOc2ccc(Cl)cc21)c1ccccc1,NC(=O)C(O)(COCCC[C@@]1(C(=O)Nc2cncc3ccccc23)CCOc2ccc(Cl)cc21)c1ccccc1
OCCOCCBr,EN300-116457,O=C(Nc1cncc2ccccc12)[C@]1(OCCOCCO)CCOc2ccc(Cl)cc21,O=C(Nc1cncc2ccccc12)[C@]1(COCCOCCO)CCOc2ccc(Cl)cc21,O=C(Nc1cncc2ccccc12)[C@]1(CCOCCOCCO)CCOc2ccc(Cl)cc21,O=C(Nc1cncc2ccccc12)[C@]1(CCCOCCOCCO)CCOc2ccc(Cl)cc21
CC(O)CI,EN300-185378,CC(O)CO[C@@]1(C(=O)Nc2cncc3ccccc23)CCOc2ccc(Cl)cc21,CC(O)COC[C@@]1(C(=O)Nc2cncc3ccccc23)CCOc2ccc(Cl)cc21,CC(O)COCC[C@@]1(C(=O)Nc2cncc3ccccc23)CCOc2ccc(Cl)cc21,CC(O)COCCC[C@@]1(C(=O)Nc2cncc3ccccc23)CCOc2ccc(Cl)cc21
OCC1(CBr)COC1,EN300-102347,O=C(Nc1cncc2ccccc12)[C@]1(OCC2(CO)COC2)CCOc2ccc(Cl)cc21,O=C(Nc1cncc2ccccc12)[C@]1(COCC2(CO)COC2)CCOc2ccc(Cl)cc21,O=C(Nc1cncc2ccccc12)[C@]1(CCOCC2(CO)COC2)CCOc2ccc(Cl)cc21,O=C(Nc1cncc2ccccc12)[C@]1(CCCOCC2(CO)COC2)CCOc2ccc(Cl)cc21
CNS(=O)(=O)CCBr,EN300-6482967,CNS(=O)(=O)CCO[C@@]1(C(=O)Nc2cncc3ccccc23)CCOc2ccc(Cl)cc21,CNS(=O)(=O)CCOC[C@@]1(C(=O)Nc2cncc3ccccc23)CCOc2ccc(Cl)cc21,CNS(=O)(=O)CCOCC[C@@]1(C(=O)Nc2cncc3ccccc23)CCOc2ccc(Cl)cc21,CNS(=O)(=O)CCOCCC[C@@]1(C(=O)Nc2cncc3ccccc23)CCOc2ccc(Cl)cc21
Cc1nn(CCBr)c(=O)o1,EN300-315588,Cc1nn(CCO[C@@]2(C(=O)Nc3cncc4ccccc34)CCOc3ccc(Cl)cc32)c(=O)o1,Cc1nn(CCOC[C@@]2(C(=O)Nc3cncc4ccccc34)CCOc3ccc(Cl)cc32)c(=O)o1,Cc1nn(CCOCC[C@@]2(C(=O)Nc3cncc4ccccc34)CCOc3ccc(Cl)cc32)c(=O)o1,Cc1nn(CCOCCC[C@@]2(C(=O)Nc3cncc4ccccc34)CCOc3ccc(Cl)cc32)c(=O)o1
CS(=O)(=O)NCCI,EN300-1238839,CS(=O)(=O)NCCO[C@@]1(C(=O)Nc2cncc3ccccc23)CCOc2ccc(Cl)cc21,CS(=O)(=O)NCCOC[C@@]1(C(=O)Nc2cncc3ccccc23)CCOc2ccc(Cl)cc21,CS(=O)(=O)NCCOCC[C@@]1(C(=O)Nc2cncc3ccccc23)CCOc2ccc(Cl)cc21,CS(=O)(=O)NCCOCCC[C@@]1(C(=O)Nc2cncc3ccccc23)CCOc2ccc(Cl)cc21
CC(=O)NNC(=O)C(C)Cl,EN300-129179,CC(=O)NNC(=O)C(C)O[C@@]1(C(=O)Nc2cncc3ccccc23)CCOc2ccc(Cl)cc21,CC(=O)NNC(=O)C(C)OC[C@@]1(C(=O)Nc2cncc3ccccc23)CCOc2ccc(Cl)cc21,CC(=O)NNC(=O)C(C)OCC[C@@]1(C(=O)Nc2cncc3ccccc23)CCOc2ccc(Cl)cc21,CC(=O)NNC(=O)C(C)OCCC[C@@]1(C(=O)Nc2cncc3ccccc23)CCOc2ccc(Cl)cc21
O=C1CNC(=O)N1CCCCl,EN300-51072,O=C1CNC(=O)N1CCCO[C@@]1(C(=O)Nc2cncc3ccccc23)CCOc2ccc(Cl)cc21,O=C1CNC(=O)N1CCCOC[C@@]1(C(=O)Nc2cncc3ccccc23)CCOc2ccc(Cl)cc21,O=C1CNC(=O)N1CCCOCC[C@@]1(C(=O)Nc2cncc3ccccc23)CCOc2ccc(Cl)cc21,O=C1CNC(=O)N1CCCOCCC[C@@]1(C(=O)Nc2cncc3ccccc23)CCOc2ccc(Cl)cc21
Cn1nc(CCl)[nH]c1=O,EN300-124918,Cn1nc(CO[C@@]2(C(=O)Nc3cncc4ccccc34)CCOc3ccc(Cl)cc32)[nH]c1=O,Cn1nc(COC[C@@]2(C(=O)Nc3cncc4ccccc34)CCOc3ccc(Cl)cc32)[nH]c1=O,Cn1nc(COCC[C@@]2(C(=O)Nc3cncc4ccccc34)CCOc3ccc(Cl)cc32)[nH]c1=O,Cn1nc(COCCC[C@@]2(C(=O)Nc3cncc4ccccc34)CCOc3ccc(Cl)cc32)[nH]c1=O
CS(=O)(=O)NCCCBr,EN300-45485,CS(=O)(=O)NCCCO[C@@]1(C(=O)Nc2cncc3ccccc23)CCOc2ccc(Cl)cc21,CS(=O)(=O)NCCCOC[C@@]1(C(=O)Nc2cncc3ccccc23)CCOc2ccc(Cl)cc21,CS(=O)(=O)NCCCOCC[C@@]1(C(=O)Nc2cncc3ccccc23)CCOc2ccc(Cl)cc21,CS(=O)(=O)NCCCOCCC[C@@]1(C(=O)Nc2cncc3ccccc23)CCOc2ccc(Cl)cc21
O=C(CCl)C1COCCO1,EN300-6238494,O=C(CO[C@@]1(C(=O)Nc2cncc3ccccc23)CCOc2ccc(Cl)cc21)C1COCCO1,O=C(COC[C@@]1(C(=O)Nc2cncc3ccccc23)CCOc2ccc(Cl)cc21)C1COCCO1,O=C(COCC[C@@]1(C(=O)Nc2cncc3ccccc23)CCOc2ccc(Cl)cc21)C1COCCO1,O=C(COCCC[C@@]1(C(=O)Nc2cncc3ccccc23)CCOc2ccc(Cl)cc21)C1COCCO1
ClCC1COCCO1,EN300-139167,O=C(Nc1cncc2ccccc12)[C@]1(OCC2COCCO2)CCOc2ccc(Cl)cc21,O=C(Nc1cncc2ccccc12)[C@]1(COCC2COCCO2)CCOc2ccc(Cl)cc21,O=C(Nc1cncc2ccccc12)[C@]1(CCOCC2COCCO2)CCOc2ccc(Cl)cc21,O=C(Nc1cncc2ccccc12)[C@]1(CCCOCC2COCCO2)CCOc2ccc(Cl)cc21
Cc1nnnn1CCCCl,EN300-197715,Cc1nnnn1CCCO[C@@]1(C(=O)Nc2cncc3ccccc23)CCOc2ccc(Cl)cc21,Cc1nnnn1CCCOC[C@@]1(C(=O)Nc2cncc3ccccc23)CCOc2ccc(Cl)cc21,Cc1nnnn1CCCOCC[C@@]1(C(=O)Nc2cncc3ccccc23)CCOc2ccc(Cl)cc21,Cc1nnnn1CCCOCCC[C@@]1(C(=O)Nc2cncc3ccccc23)CCOc2ccc(Cl)cc21
COC(=O)C1CCN(C(=O)CCl)CC1,EN300-08170,COC(=O)C1CCN(C(=O)CO[C@@]2(C(=O)Nc3cncc4ccccc34)CCOc3ccc(Cl)cc32)CC1,COC(=O)C1CCN(C(=O)COC[C@@]2(C(=O)Nc3cncc4ccccc34)CCOc3ccc(Cl)cc32)CC1,COC(=O)C1CCN(C(=O)COCC[C@@]2(C(=O)Nc3cncc4ccccc34)CCOc3ccc(Cl)cc32)CC1,COC(=O)C1CCN(C(=O)COCCC[C@@]2(C(=O)Nc3cncc4ccccc34)CCOc3ccc(Cl)cc32)CC1
O=C(CCl)NC(=O)c1ccc[nH]1,EN300-29897,O=C(CO[C@@]1(C(=O)Nc2cncc3ccccc23)CCOc2ccc(Cl)cc21)NC(=O)c1ccc[nH]1,O=C(COC[C@@]1(C(=O)Nc2cncc3ccccc23)CCOc2ccc(Cl)cc21)NC(=O)c1ccc[nH]1,O=C(COCC[C@@]1(C(=O)Nc2cncc3ccccc23)CCOc2ccc(Cl)cc21)NC(=O)c1ccc[nH]1,O=C(COCCC[C@@]1(C(=O)Nc2cncc3ccccc23)CCOc2ccc(Cl)cc21)NC(=O)c1ccc[nH]1
CCCNC(=O)NC(=O)CCl,EN300-06452,CCCNC(=O)NC(=O)CO[C@@]1(C(=O)Nc2cncc3ccccc23)CCOc2ccc(Cl)cc21,CCCNC(=O)NC(=O)COC[C@@]1(C(=O)Nc2cncc3ccccc23)CCOc2ccc(Cl)cc21,CCCNC(=O)NC(=O)COCC[C@@]1(C(=O)Nc2cncc3ccccc23)CCOc2ccc(Cl)cc21,CCCNC(=O)NC(=O)COCCC[C@@]1(C(=O)Nc2cncc3ccccc23)CCOc2ccc(Cl)cc21
CC(C)C(Br)C(=O)NC(N)=O,EN300-06511,CC(C)C(O[C@@]1(C(=O)Nc2cncc3ccccc23)CCOc2ccc(Cl)cc21)C(=O)NC(N)=O,CC(C)C(OC[C@@]1(C(=O)Nc2cncc3ccccc23)CCOc2ccc(Cl)cc21)C(=O)NC(N)=O,CC(C)C(OCC[C@@]1(C(=O)Nc2cncc3ccccc23)CCOc2ccc(Cl)cc21)C(=O)NC(N)=O,CC(C)C(OCCC[C@@]1(C(=O)Nc2cncc3ccccc23)CCOc2ccc(Cl)cc21)C(=O)NC(N)=O
ClCc1nc[nH]n1,EN300-306316,O=C(Nc1cncc2ccccc12)[C@]1(OCc2nc[nH]n2)CCOc2ccc(Cl)cc21,O=C(Nc1cncc2ccccc12)[C@]1(COCc2nc[nH]n2)CCOc2ccc(Cl)cc21,O=C(Nc1cncc2ccccc12)[C@]1(CCOCc2nc[nH]n2)CCOc2ccc(Cl)cc21,O=C(Nc1cncc2ccccc12)[C@]1(CCCOCc2nc[nH]n2)CCOc2ccc(Cl)cc21
O=C(CCl)NC1CCCCNC1=O,EN300-37195,O=C(CO[C@@]1(C(=O)Nc2cncc3ccccc23)CCOc2ccc(Cl)cc21)NC1CCCCNC1=O,O=C(COC[C@@]1(C(=O)Nc2cncc3ccccc23)CCOc2ccc(Cl)cc21)NC1CCCCNC1=O,O=C(COCC[C@@]1(C(=O)Nc2cncc3ccccc23)CCOc2ccc(Cl)cc21)NC1CCCCNC1=O,O=C(COCCC[C@@]1(C(=O)Nc2cncc3ccccc23)CCOc2ccc(Cl)cc21)NC1CCCCNC1=O
COCCNC(=O)C(C)Cl,EN300-23317,COCCNC(=O)C(C)O[C@@]1(C(=O)Nc2cncc3ccccc23)CCOc2ccc(Cl)cc21,COCCNC(=O)C(C)OC[C@@]1(C(=O)Nc2cncc3ccccc23)CCOc2ccc(Cl)cc21,COCCNC(=O)C(C)OCC[C@@]1(C(=O)Nc2cncc3ccccc23)CCOc2ccc(Cl)cc21,COCCNC(=O)C(C)OCCC[C@@]1(C(=O)Nc2cncc3ccccc23)CCOc2ccc(Cl)cc21
CC1(NC(=O)CCl)CCS(=O)(=O)C1,EN300-10414,CC1(NC(=O)CO[C@@]2(C(=O)Nc3cncc4ccccc34)CCOc3ccc(Cl)cc32)CCS(=O)(=O)C1,CC1(NC(=O)COC[C@@]2(C(=O)Nc3cncc4ccccc34)CCOc3ccc(Cl)cc32)CCS(=O)(=O)C1,CC1(NC(=O)COCC[C@@]2(C(=O)Nc3cncc4ccccc34)CCOc3ccc(Cl)cc32)CCS(=O)(=O)C1,CC1(NC(=O)COCCC[C@@]2(C(=O)Nc3cncc4ccccc34)CCOc3ccc(Cl)cc32)CCS(=O)(=O)C1
O=C(OCCl)N1CCOCC1,EN300-1272308,O=C(OCO[C@@]1(C(=O)Nc2cncc3ccccc23)CCOc2ccc(Cl)cc21)N1CCOCC1,O=C(OCOC[C@@]1(C(=O)Nc2cncc3ccccc23)CCOc2ccc(Cl)cc21)N1CCOCC1,O=C(OCOCC[C@@]1(C(=O)Nc2cncc3ccccc23)CCOc2ccc(Cl)cc21)N1CCOCC1,O=C(OCOCCC[C@@]1(C(=O)Nc2cncc3ccccc23)CCOc2ccc(Cl)cc21)N1CCOCC1
ICCn1cncn1,EN300-6255179,O=C(Nc1cncc2ccccc12)[C@]1(OCCn2cncn2)CCOc2ccc(Cl)cc21,O=C(Nc1cncc2ccccc12)[C@]1(COCCn2cncn2)CCOc2ccc(Cl)cc21,O=C(Nc1cncc2ccccc12)[C@]1(CCOCCn2cncn2)CCOc2ccc(Cl)cc21,O=C(Nc1cncc2ccccc12)[C@]1(CCCOCCn2cncn2)CCOc2ccc(Cl)cc21
O=C(CBr)NC1CC1,EN300-1253178,O=C(CO[C@@]1(C(=O)Nc2cncc3ccccc23)CCOc2ccc(Cl)cc21)NC1CC1,O=C(COC[C@@]1(C(=O)Nc2cncc3ccccc23)CCOc2ccc(Cl)cc21)NC1CC1,O=C(COCC[C@@]1(C(=O)Nc2cncc3ccccc23)CCOc2ccc(Cl)cc21)NC1CC1,O=C(COCCC[C@@]1(C(=O)Nc2cncc3ccccc23)CCOc2ccc(Cl)cc21)NC1CC1
CC(Cl)C(=O)N1CCS(=O)(=O)CC1,EN300-1265949,CC(O[C@@]1(C(=O)Nc2cncc3ccccc23)CCOc2ccc(Cl)cc21)C(=O)N1CCS(=O)(=O)CC1,CC(OC[C@@]1(C(=O)Nc2cncc3ccccc23)CCOc2ccc(Cl)cc21)C(=O)N1CCS(=O)(=O)CC1,CC(OCC[C@@]1(C(=O)Nc2cncc3ccccc23)CCOc2ccc(Cl)cc21)C(=O)N1CCS(=O)(=O)CC1,CC(OCCC[C@@]1(C(=O)Nc2cncc3ccccc23)CCOc2ccc(Cl)cc21)C(=O)N1CCS(=O)(=O)CC1
O=c1[nH]nc(CCl)c(=O)[nH]1,EN300-761746,O=C(Nc1cncc2ccccc12)[C@]1(OCc2n[nH]c(=O)[nH]c2=O)CCOc2ccc(Cl)cc21,O=C(Nc1cncc2ccccc12)[C@]1(COCc2n[nH]c(=O)[nH]c2=O)CCOc2ccc(Cl)cc21,O=C(Nc1cncc2ccccc12)[C@]1(CCOCc2n[nH]c(=O)[nH]c2=O)CCOc2ccc(Cl)cc21,O=C(Nc1cncc2ccccc12)[C@]1(CCCOCc2n[nH]c(=O)[nH]c2=O)CCOc2ccc(Cl)cc21
CNC(=O)CI,EN300-2977549,CNC(=O)CO[C@@]1(C(=O)Nc2cncc3ccccc23)CCOc2ccc(Cl)cc21,CNC(=O)COC[C@@]1(C(=O)Nc2cncc3ccccc23)CCOc2ccc(Cl)cc21,CNC(=O)COCC[C@@]1(C(=O)Nc2cncc3ccccc23)CCOc2ccc(Cl)cc21,CNC(=O)COCCC[C@@]1(C(=O)Nc2cncc3ccccc23)CCOc2ccc(Cl)cc21
O=S1(=O)CC(CI)C1,EN300-5638430,O=C(Nc1cncc2ccccc12)[C@]1(OCC2CS(=O)(=O)C2)CCOc2ccc(Cl)cc21,O=C(Nc1cncc2ccccc12)[C@]1(COCC2CS(=O)(=O)C2)CCOc2ccc(Cl)cc21,O=C(Nc1cncc2ccccc12)[C@]1(CCOCC2CS(=O)(=O)C2)CCOc2ccc(Cl)cc21,O=C(Nc1cncc2ccccc12)[C@]1(CCCOCC2CS(=O)(=O)C2)CCOc2ccc(Cl)cc21
Cc1nn(C)c(CCl)c1S(N)(=O)=O,EN300-6732040,Cc1nn(C)c(CO[C@@]2(C(=O)Nc3cncc4ccccc34)CCOc3ccc(Cl)cc32)c1S(N)(=O)=O,Cc1nn(C)c(COC[C@@]2(C(=O)Nc3cncc4ccccc34)CCOc3ccc(Cl)cc32)c1S(N)(=O)=O,Cc1nn(C)c(COCC[C@@]2(C(=O)Nc3cncc4ccccc34)CCOc3ccc(Cl)cc32)c1S(N)(=O)=O,Cc1nn(C)c(COCCC[C@@]2(C(=O)Nc3cncc4ccccc34)CCOc3ccc(Cl)cc32)c1S(N)(=O)=O
Cn1cc(S(N)(=O)=O)c(CCl)n1,EN300-7355737,Cn1cc(S(N)(=O)=O)c(CO[C@@]2(C(=O)Nc3cncc4ccccc34)CCOc3ccc(Cl)cc32)n1,Cn1cc(S(N)(=O)=O)c(COC[C@@]2(C(=O)Nc3cncc4ccccc34)CCOc3ccc(Cl)cc32)n1,Cn1cc(S(N)(=O)=O)c(COCC[C@@]2(C(=O)Nc3cncc4ccccc34)CCOc3ccc(Cl)cc32)n1,Cn1cc(S(N)(=O)=O)c(COCCC[C@@]2(C(=O)Nc3cncc4ccccc34)CCOc3ccc(Cl)cc32)n1
CCNC(=O)CI,EN300-7003350,CCNC(=O)CO[C@@]1(C(=O)Nc2cncc3ccccc23)CCOc2ccc(Cl)cc21,CCNC(=O)COC[C@@]1(C(=O)Nc2cncc3ccccc23)CCOc2ccc(Cl)cc21,CCNC(=O)COCC[C@@]1(C(=O)Nc2cncc3ccccc23)CCOc2ccc(Cl)cc21,CCNC(=O)COCCC[C@@]1(C(=O)Nc2cncc3ccccc23)CCOc2ccc(Cl)cc21
ClCC1=NO[C@@H]2COC[C@H]12,EN300-7436306,O=C(Nc1cncc2ccccc12)[C@]1(OCC2=NO[C@@H]3COC[C@H]23)CCOc2ccc(Cl)cc21,O=C(Nc1cncc2ccccc12)[C@]1(COCC2=NO[C@@H]3COC[C@H]23)CCOc2ccc(Cl)cc21,O=C(Nc1cncc2ccccc12)[C@]1(CCOCC2=NO[C@@H]3COC[C@H]23)CCOc2ccc(Cl)cc21,O=C(Nc1cncc2ccccc12)[C@]1(CCCOCC2=NO[C@@H]3COC[C@H]23)CCOc2ccc(Cl)cc21
CN(C)S(=O)(=NC(=O)CCl)N(C)C,EN300-7436554,CN(C)S(=O)(=NC(=O)CO[C@@]1(C(=O)Nc2cncc3ccccc23)CCOc2ccc(Cl)cc21)N(C)C,CN(C)S(=O)(=NC(=O)COC[C@@]1(C(=O)Nc2cncc3ccccc23)CCOc2ccc(Cl)cc21)N(C)C,CN(C)S(=O)(=NC(=O)COCC[C@@]1(C(=O)Nc2cncc3ccccc23)CCOc2ccc(Cl)cc21)N(C)C,CN(C)S(=O)(=NC(=O)COCCC[C@@]1(C(=O)Nc2cncc3ccccc23)CCOc2ccc(Cl)cc21)N(C)C
O=C1NC(=O)C(CCBr)N1,EN300-6498856,O=C1NC(=O)C(CCO[C@@]2(C(=O)Nc3cncc4ccccc34)CCOc3ccc(Cl)cc32)N1,O=C1NC(=O)C(CCOC[C@@]2(C(=O)Nc3cncc4ccccc34)CCOc3ccc(Cl)cc32)N1,O=C1NC(=O)C(CCOCC[C@@]2(C(=O)Nc3cncc4ccccc34)CCOc3ccc(Cl)cc32)N1,O=C1NC(=O)C(CCOCCC[C@@]2(C(=O)Nc3cncc4ccccc34)CCOc3ccc(Cl)cc32)N1
CS(C)(=O)=NC(=O)NC(=O)CCl,EN300-6496255,CS(C)(=O)=NC(=O)NC(=O)CO[C@@]1(C(=O)Nc2cncc3ccccc23)CCOc2ccc(Cl)cc21,CS(C)(=O)=NC(=O)NC(=O)COC[C@@]1(C(=O)Nc2cncc3ccccc23)CCOc2ccc(Cl)cc21,CS(C)(=O)=NC(=O)NC(=O)COCC[C@@]1(C(=O)Nc2cncc3ccccc23)CCOc2ccc(Cl)cc21,CS(C)(=O)=NC(=O)NC(=O)COCCC[C@@]1(C(=O)Nc2cncc3ccccc23)CCOc2ccc(Cl)cc21
CN1CCC(Cl)C1=O,EN300-98648,CN1CCC(O[C@@]2(C(=O)Nc3cncc4ccccc34)CCOc3ccc(Cl)cc32)C1=O,CN1CCC(OC[C@@]2(C(=O)Nc3cncc4ccccc34)CCOc3ccc(Cl)cc32)C1=O,CN1CCC(OCC[C@@]2(C(=O)Nc3cncc4ccccc34)CCOc3ccc(Cl)cc32)C1=O,CN1CCC(OCCC[C@@]2(C(=O)Nc3cncc4ccccc34)CCOc3ccc(Cl)cc32)C1=O
O=C1NCCC1Cl,EN300-6736413,O=C1NCCC1O[C@@]1(C(=O)Nc2cncc3ccccc23)CCOc2ccc(Cl)cc21,O=C1NCCC1OC[C@@]1(C(=O)Nc2cncc3ccccc23)CCOc2ccc(Cl)cc21,O=C1NCCC1OCC[C@@]1(C(=O)Nc2cncc3ccccc23)CCOc2ccc(Cl)cc21,O=C1NCCC1OCCC[C@@]1(C(=O)Nc2cncc3ccccc23)CCOc2ccc(Cl)cc21
O=S1(=O)NC(CI)CC12CC2,EN300-6504697,O=C(Nc1cncc2ccccc12)[C@]1(OCC2CC3(CC3)S(=O)(=O)N2)CCOc2ccc(Cl)cc21,O=C(Nc1cncc2ccccc12)[C@]1(COCC2CC3(CC3)S(=O)(=O)N2)CCOc2ccc(Cl)cc21,O=C(Nc1cncc2ccccc12)[C@]1(CCOCC2CC3(CC3)S(=O)(=O)N2)CCOc2ccc(Cl)cc21,O=C(Nc1cncc2ccccc12)[C@]1(CCCOCC2CC3(CC3)S(=O)(=O)N2)CCOc2ccc(Cl)cc21
CCN(C)C(=O)CBr,EN300-1253122,CCN(C)C(=O)CO[C@@]1(C(=O)Nc2cncc3ccccc23)CCOc2ccc(Cl)cc21,CCN(C)C(=O)COC[C@@]1(C(=O)Nc2cncc3ccccc23)CCOc2ccc(Cl)cc21,CCN(C)C(=O)COCC[C@@]1(C(=O)Nc2cncc3ccccc23)CCOc2ccc(Cl)cc21,CCN(C)C(=O)COCCC[C@@]1(C(=O)Nc2cncc3ccccc23)CCOc2ccc(Cl)cc21
ClCc1nnc(N2CCOCC2)o1,EN300-6486576,O=C(Nc1cncc2ccccc12)[C@]1(OCc2nnc(N3CCOCC3)o2)CCOc2ccc(Cl)cc21,O=C(Nc1cncc2ccccc12)[C@]1(COCc2nnc(N3CCOCC3)o2)CCOc2ccc(Cl)cc21,O=C(Nc1cncc2ccccc12)[C@]1(CCOCc2nnc(N3CCOCC3)o2)CCOc2ccc(Cl)cc21,O=C(Nc1cncc2ccccc12)[C@]1(CCCOCc2nnc(N3CCOCC3)o2)CCOc2ccc(Cl)cc21
ICC1COCCO1,EN300-746941,O=C(Nc1cncc2ccccc12)[C@]1(OCC2COCCO2)CCOc2ccc(Cl)cc21,O=C(Nc1cncc2ccccc12)[C@]1(COCC2COCCO2)CCOc2ccc(Cl)cc21,O=C(Nc1cncc2ccccc12)[C@]1(CCOCC2COCCO2)CCOc2ccc(Cl)cc21,O=C(Nc1cncc2ccccc12)[C@]1(CCCOCC2COCCO2)CCOc2ccc(Cl)cc21
CCNC(=O)CBr,EN300-211460,CCNC(=O)CO[C@@]1(C(=O)Nc2cncc3ccccc23)CCOc2ccc(Cl)cc21,CCNC(=O)COC[C@@]1(C(=O)Nc2cncc3ccccc23)CCOc2ccc(Cl)cc21,CCNC(=O)COCC[C@@]1(C(=O)Nc2cncc3ccccc23)CCOc2ccc(Cl)cc21,CCNC(=O)COCCC[C@@]1(C(=O)Nc2cncc3ccccc23)CCOc2ccc(Cl)cc21
COc1cc(OC)nc(NC(=O)CCl)n1,EN300-04379,COc1cc(OC)nc(NC(=O)CO[C@@]2(C(=O)Nc3cncc4ccccc34)CCOc3ccc(Cl)cc32)n1,COc1cc(OC)nc(NC(=O)COC[C@@]2(C(=O)Nc3cncc4ccccc34)CCOc3ccc(Cl)cc32)n1,COc1cc(OC)nc(NC(=O)COCC[C@@]2(C(=O)Nc3cncc4ccccc34)CCOc3ccc(Cl)cc32)n1,COc1cc(OC)nc(NC(=O)COCCC[C@@]2(C(=O)Nc3cncc4ccccc34)CCOc3ccc(Cl)cc32)n1
CC(Cl)C(=O)N1CCOCC1,EN300-05754,CC(O[C@@]1(C(=O)Nc2cncc3ccccc23)CCOc2ccc(Cl)cc21)C(=O)N1CCOCC1,CC(OC[C@@]1(C(=O)Nc2cncc3ccccc23)CCOc2ccc(Cl)cc21)C(=O)N1CCOCC1,CC(OCC[C@@]1(C(=O)Nc2cncc3ccccc23)CCOc2ccc(Cl)cc21)C(=O)N1CCOCC1,CC(OCCC[C@@]1(C(=O)Nc2cncc3ccccc23)CCOc2ccc(Cl)cc21)C(=O)N1CCOCC1
O=C(CBr)N1CCOCC1,EN300-1241327,O=C(CO[C@@]1(C(=O)Nc2cncc3ccccc23)CCOc2ccc(Cl)cc21)N1CCOCC1,O=C(COC[C@@]1(C(=O)Nc2cncc3ccccc23)CCOc2ccc(Cl)cc21)N1CCOCC1,O=C(COCC[C@@]1(C(=O)Nc2cncc3ccccc23)CCOc2ccc(Cl)cc21)N1CCOCC1,O=C(COCCC[C@@]1(C(=O)Nc2cncc3ccccc23)CCOc2ccc(Cl)cc21)N1CCOCC1
CN(C)C1COCC1Br,EN300-2723070,CN(C)C1COCC1O[C@@]1(C(=O)Nc2cncc3ccccc23)CCOc2ccc(Cl)cc21,CN(C)C1COCC1OC[C@@]1(C(=O)Nc2cncc3ccccc23)CCOc2ccc(Cl)cc21,CN(C)C1COCC1OCC[C@@]1(C(=O)Nc2cncc3ccccc23)CCOc2ccc(Cl)cc21,CN(C)C1COCC1OCCC[C@@]1(C(=O)Nc2cncc3ccccc23)CCOc2ccc(Cl)cc21
O=C1CCC2CN1CC(CI)O2,EN300-2008102,O=C1CCC2CN1CC(CO[C@@]1(C(=O)Nc3cncc4ccccc34)CCOc3ccc(Cl)cc31)O2,O=C1CCC2CN1CC(COC[C@@]1(C(=O)Nc3cncc4ccccc34)CCOc3ccc(Cl)cc31)O2,O=C1CCC2CN1CC(COCC[C@@]1(C(=O)Nc3cncc4ccccc34)CCOc3ccc(Cl)cc31)O2,O=C1CCC2CN1CC(COCCC[C@@]1(C(=O)Nc3cncc4ccccc34)CCOc3ccc(Cl)cc31)O2
CN1CC(=O)N(CCCCl)C1=O,EN300-2693627,CN1CC(=O)N(CCCO[C@@]2(C(=O)Nc3cncc4ccccc34)CCOc3ccc(Cl)cc32)C1=O,CN1CC(=O)N(CCCOC[C@@]2(C(=O)Nc3cncc4ccccc34)CCOc3ccc(Cl)cc32)C1=O,CN1CC(=O)N(CCCOCC[C@@]2(C(=O)Nc3cncc4ccccc34)CCOc3ccc(Cl)cc32)C1=O,CN1CC(=O)N(CCCOCCC[C@@]2(C(=O)Nc3cncc4ccccc34)CCOc3ccc(Cl)cc32)C1=O
CC1(C)NC(=O)N(CCCl)C1=O,EN300-1263056,CC1(C)NC(=O)N(CCO[C@@]2(C(=O)Nc3cncc4ccccc34)CCOc3ccc(Cl)cc32)C1=O,CC1(C)NC(=O)N(CCOC[C@@]2(C(=O)Nc3cncc4ccccc34)CCOc3ccc(Cl)cc32)C1=O,CC1(C)NC(=O)N(CCOCC[C@@]2(C(=O)Nc3cncc4ccccc34)CCOc3ccc(Cl)cc32)C1=O,CC1(C)NC(=O)N(CCOCCC[C@@]2(C(=O)Nc3cncc4ccccc34)CCOc3ccc(Cl)cc32)C1=O
O=C1NCCC1CBr,EN300-246248,O=C1NCCC1CO[C@@]1(C(=O)Nc2cncc3ccccc23)CCOc2ccc(Cl)cc21,O=C1NCCC1COC[C@@]1(C(=O)Nc2cncc3ccccc23)CCOc2ccc(Cl)cc21,O=C1NCCC1COCC[C@@]1(C(=O)Nc2cncc3ccccc23)CCOc2ccc(Cl)cc21,O=C1NCCC1COCCC[C@@]1(C(=O)Nc2cncc3ccccc23)CCOc2ccc(Cl)cc21
CS(=O)(=O)CCC(=O)CCl,EN300-1988306,CS(=O)(=O)CCC(=O)CO[C@@]1(C(=O)Nc2cncc3ccccc23)CCOc2ccc(Cl)cc21,CS(=O)(=O)CCC(=O)COC[C@@]1(C(=O)Nc2cncc3ccccc23)CCOc2ccc(Cl)cc21,CS(=O)(=O)CCC(=O)COCC[C@@]1(C(=O)Nc2cncc3ccccc23)CCOc2ccc(Cl)cc21,CS(=O)(=O)CCC(=O)COCCC[C@@]1(C(=O)Nc2cncc3ccccc23)CCOc2ccc(Cl)cc21
CN1CCN(C(=O)CCBr)CC1,EN300-178293,CN1CCN(C(=O)CCO[C@@]2(C(=O)Nc3cncc4ccccc34)CCOc3ccc(Cl)cc32)CC1,CN1CCN(C(=O)CCOC[C@@]2(C(=O)Nc3cncc4ccccc34)CCOc3ccc(Cl)cc32)CC1,CN1CCN(C(=O)CCOCC[C@@]2(C(=O)Nc3cncc4ccccc34)CCOc3ccc(Cl)cc32)CC1,CN1CCN(C(=O)CCOCCC[C@@]2(C(=O)Nc3cncc4ccccc34)CCOc3ccc(Cl)cc32)CC1
CN(C)C(=O)CI,EN300-216063,CN(C)C(=O)CO[C@@]1(C(=O)Nc2cncc3ccccc23)CCOc2ccc(Cl)cc21,CN(C)C(=O)COC[C@@]1(C(=O)Nc2cncc3ccccc23)CCOc2ccc(Cl)cc21,CN(C)C(=O)COCC[C@@]1(C(=O)Nc2cncc3ccccc23)CCOc2ccc(Cl)cc21,CN(C)C(=O)COCCC[C@@]1(C(=O)Nc2cncc3ccccc23)CCOc2ccc(Cl)cc21
CC1(CBr)CS(=O)(=O)C1,EN300-1705754,CC1(CO[C@@]2(C(=O)Nc3cncc4ccccc34)CCOc3ccc(Cl)cc32)CS(=O)(=O)C1,CC1(COC[C@@]2(C(=O)Nc3cncc4ccccc34)CCOc3ccc(Cl)cc32)CS(=O)(=O)C1,CC1(COCC[C@@]2(C(=O)Nc3cncc4ccccc34)CCOc3ccc(Cl)cc32)CS(=O)(=O)C1,CC1(COCCC[C@@]2(C(=O)Nc3cncc4ccccc34)CCOc3ccc(Cl)cc32)CS(=O)(=O)C1
O=C1NCCOC1CCl,EN300-1706036,O=C1NCCOC1CO[C@@]1(C(=O)Nc2cncc3ccccc23)CCOc2ccc(Cl)cc21,O=C1NCCOC1COC[C@@]1(C(=O)Nc2cncc3ccccc23)CCOc2ccc(Cl)cc21,O=C1NCCOC1COCC[C@@]1(C(=O)Nc2cncc3ccccc23)CCOc2ccc(Cl)cc21,O=C1NCCOC1COCCC[C@@]1(C(=O)Nc2cncc3ccccc23)CCOc2ccc(Cl)cc21
BrCCn1ccnn1,EN300-1715993,O=C(Nc1cncc2ccccc12)[C@]1(OCCn2ccnn2)CCOc2ccc(Cl)cc21,O=C(Nc1cncc2ccccc12)[C@]1(COCCn2ccnn2)CCOc2ccc(Cl)cc21,O=C(Nc1cncc2ccccc12)[C@]1(CCOCCn2ccnn2)CCOc2ccc(Cl)cc21,O=C(Nc1cncc2ccccc12)[C@]1(CCCOCCn2ccnn2)CCOc2ccc(Cl)cc21
ClCc1nnc2n1CCOCC2,EN300-310888,O=C(Nc1cncc2ccccc12)[C@]1(OCc2nnc3n2CCOCC3)CCOc2ccc(Cl)cc21,O=C(Nc1cncc2ccccc12)[C@]1(COCc2nnc3n2CCOCC3)CCOc2ccc(Cl)cc21,O=C(Nc1cncc2ccccc12)[C@]1(CCOCc2nnc3n2CCOCC3)CCOc2ccc(Cl)cc21,O=C(Nc1cncc2ccccc12)[C@]1(CCCOCc2nnc3n2CCOCC3)CCOc2ccc(Cl)cc21
CC(=O)N1CCN(C(=O)CBr)CC1,EN300-1724771,CC(=O)N1CCN(C(=O)CO[C@@]2(C(=O)Nc3cncc4ccccc34)CCOc3ccc(Cl)cc32)CC1,CC(=O)N1CCN(C(=O)COC[C@@]2(C(=O)Nc3cncc4ccccc34)CCOc3ccc(Cl)cc32)CC1,CC(=O)N1CCN(C(=O)COCC[C@@]2(C(=O)Nc3cncc4ccccc34)CCOc3ccc(Cl)cc32)CC1,CC(=O)N1CCN(C(=O)COCCC[C@@]2(C(=O)Nc3cncc4ccccc34)CCOc3ccc(Cl)cc32)CC1
O=C(CCl)N1CCS(=O)(=O)CC1,EN300-1265948,O=C(CO[C@@]1(C(=O)Nc2cncc3ccccc23)CCOc2ccc(Cl)cc21)N1CCS(=O)(=O)CC1,O=C(COC[C@@]1(C(=O)Nc2cncc3ccccc23)CCOc2ccc(Cl)cc21)N1CCS(=O)(=O)CC1,O=C(COCC[C@@]1(C(=O)Nc2cncc3ccccc23)CCOc2ccc(Cl)cc21)N1CCS(=O)(=O)CC1,O=C(COCCC[C@@]1(C(=O)Nc2cncc3ccccc23)CCOc2ccc(Cl)cc21)N1CCS(=O)(=O)CC1
Cn1cc(CCBr)nn1,EN300-1600786,Cn1cc(CCO[C@@]2(C(=O)Nc3cncc4ccccc34)CCOc3ccc(Cl)cc32)nn1,Cn1cc(CCOC[C@@]2(C(=O)Nc3cncc4ccccc34)CCOc3ccc(Cl)cc32)nn1,Cn1cc(CCOCC[C@@]2(C(=O)Nc3cncc4ccccc34)CCOc3ccc(Cl)cc32)nn1,Cn1cc(CCOCCC[C@@]2(C(=O)Nc3cncc4ccccc34)CCOc3ccc(Cl)cc32)nn1
CC(=O)NC(=O)CBr,EN300-249475,CC(=O)NC(=O)CO[C@@]1(C(=O)Nc2cncc3ccccc23)CCOc2ccc(Cl)cc21,CC(=O)NC(=O)COC[C@@]1(C(=O)Nc2cncc3ccccc23)CCOc2ccc(Cl)cc21,CC(=O)NC(=O)COCC[C@@]1(C(=O)Nc2cncc3ccccc23)CCOc2ccc(Cl)cc21,CC(=O)NC(=O)COCCC[C@@]1(C(=O)Nc2cncc3ccccc23)CCOc2ccc(Cl)cc21
O=S1(=O)CCC(CI)N1,EN300-1699871,O=C(Nc1cncc2ccccc12)[C@]1(OCC2CCS(=O)(=O)N2)CCOc2ccc(Cl)cc21,O=C(Nc1cncc2ccccc12)[C@]1(COCC2CCS(=O)(=O)N2)CCOc2ccc(Cl)cc21,O=C(Nc1cncc2ccccc12)[C@]1(CCOCC2CCS(=O)(=O)N2)CCOc2ccc(Cl)cc21,O=C(Nc1cncc2ccccc12)[C@]1(CCCOCC2CCS(=O)(=O)N2)CCOc2ccc(Cl)cc21
ClCc1noc(N2CCOCC2)n1,EN300-1608590,O=C(Nc1cncc2ccccc12)[C@]1(OCc2noc(N3CCOCC3)n2)CCOc2ccc(Cl)cc21,O=C(Nc1cncc2ccccc12)[C@]1(COCc2noc(N3CCOCC3)n2)CCOc2ccc(Cl)cc21,O=C(Nc1cncc2ccccc12)[C@]1(CCOCc2noc(N3CCOCC3)n2)CCOc2ccc(Cl)cc21,O=C(Nc1cncc2ccccc12)[C@]1(CCCOCc2noc(N3CCOCC3)n2)CCOc2ccc(Cl)cc21
COCCN(CCOC)C(=O)CCl,EN300-04491,COCCN(CCOC)C(=O)CO[C@@]1(C(=O)Nc2cncc3ccccc23)CCOc2ccc(Cl)cc21,COCCN(CCOC)C(=O)COC[C@@]1(C(=O)Nc2cncc3ccccc23)CCOc2ccc(Cl)cc21,COCCN(CCOC)C(=O)COCC[C@@]1(C(=O)Nc2cncc3ccccc23)CCOc2ccc(Cl)cc21,COCCN(CCOC)C(=O)COCCC[C@@]1(C(=O)Nc2cncc3ccccc23)CCOc2ccc(Cl)cc21
ClCCCn1cnnn1,EN300-1696962,O=C(Nc1cncc2ccccc12)[C@]1(OCCCn2cnnn2)CCOc2ccc(Cl)cc21,O=C(Nc1cncc2ccccc12)[C@]1(COCCCn2cnnn2)CCOc2ccc(Cl)cc21,O=C(Nc1cncc2ccccc12)[C@]1(CCOCCCn2cnnn2)CCOc2ccc(Cl)cc21,O=C(Nc1cncc2ccccc12)[C@]1(CCCOCCCn2cnnn2)CCOc2ccc(Cl)cc21
C[S+]([O-])CCCl,EN300-258426,C[S+]([O-])CCO[C@@]1(C(=O)Nc2cncc3ccccc23)CCOc2ccc(Cl)cc21,C[S+]([O-])CCOC[C@@]1(C(=O)Nc2cncc3ccccc23)CCOc2ccc(Cl)cc21,C[S+]([O-])CCOCC[C@@]1(C(=O)Nc2cncc3ccccc23)CCOc2ccc(Cl)cc21,C[S+]([O-])CCOCCC[C@@]1(C(=O)Nc2cncc3ccccc23)CCOc2ccc(Cl)cc21
Cc1c(S(N)(=O)=O)c(CCl)nn1C,EN300-1629199,Cc1c(S(N)(=O)=O)c(CO[C@@]2(C(=O)Nc3cncc4ccccc34)CCOc3ccc(Cl)cc32)nn1C,Cc1c(S(N)(=O)=O)c(COC[C@@]2(C(=O)Nc3cncc4ccccc34)CCOc3ccc(Cl)cc32)nn1C,Cc1c(S(N)(=O)=O)c(COCC[C@@]2(C(=O)Nc3cncc4ccccc34)CCOc3ccc(Cl)cc32)nn1C,Cc1c(S(N)(=O)=O)c(COCCC[C@@]2(C(=O)Nc3cncc4ccccc34)CCOc3ccc(Cl)cc32)nn1C
CS(=O)(=O)NCCCl,EN300-73615,CS(=O)(=O)NCCO[C@@]1(C(=O)Nc2cncc3ccccc23)CCOc2ccc(Cl)cc21,CS(=O)(=O)NCCOC[C@@]1(C(=O)Nc2cncc3ccccc23)CCOc2ccc(Cl)cc21,CS(=O)(=O)NCCOCC[C@@]1(C(=O)Nc2cncc3ccccc23)CCOc2ccc(Cl)cc21,CS(=O)(=O)NCCOCCC[C@@]1(C(=O)Nc2cncc3ccccc23)CCOc2ccc(Cl)cc21
BrCCn1cncn1,EN300-65084,O=C(Nc1cncc2ccccc12)[C@]1(OCCn2cncn2)CCOc2ccc(Cl)cc21,O=C(Nc1cncc2ccccc12)[C@]1(COCCn2cncn2)CCOc2ccc(Cl)cc21,O=C(Nc1cncc2ccccc12)[C@]1(CCOCCn2cncn2)CCOc2ccc(Cl)cc21,O=C(Nc1cncc2ccccc12)[C@]1(CCCOCCn2cncn2)CCOc2ccc(Cl)cc21
CCOC(=O)CCCNC(=O)CCl,EN300-04430,CCOC(=O)CCCNC(=O)CO[C@@]1(C(=O)Nc2cncc3ccccc23)CCOc2ccc(Cl)cc21,CCOC(=O)CCCNC(=O)COC[C@@]1(C(=O)Nc2cncc3ccccc23)CCOc2ccc(Cl)cc21,CCOC(=O)CCCNC(=O)COCC[C@@]1(C(=O)Nc2cncc3ccccc23)CCOc2ccc(Cl)cc21,CCOC(=O)CCCNC(=O)COCCC[C@@]1(C(=O)Nc2cncc3ccccc23)CCOc2ccc(Cl)cc21
O=c1nc(CCl)[nH][nH]1,EN300-73772,O=C(Nc1cncc2ccccc12)[C@]1(OCc2nc(=O)[nH][nH]2)CCOc2ccc(Cl)cc21,O=C(Nc1cncc2ccccc12)[C@]1(COCc2nc(=O)[nH][nH]2)CCOc2ccc(Cl)cc21,O=C(Nc1cncc2ccccc12)[C@]1(CCOCc2nc(=O)[nH][nH]2)CCOc2ccc(Cl)cc21,O=C(Nc1cncc2ccccc12)[C@]1(CCCOCc2nc(=O)[nH][nH]2)CCOc2ccc(Cl)cc21
N#CCCNC(=O)CCl,EN300-10895,N#CCCNC(=O)CO[C@@]1(C(=O)Nc2cncc3ccccc23)CCOc2ccc(Cl)cc21,N#CCCNC(=O)COC[C@@]1(C(=O)Nc2cncc3ccccc23)CCOc2ccc(Cl)cc21,N#CCCNC(=O)COCC[C@@]1(C(=O)Nc2cncc3ccccc23)CCOc2ccc(Cl)cc21,N#CCCNC(=O)COCCC[C@@]1(C(=O)Nc2cncc3ccccc23)CCOc2ccc(Cl)cc21
Cn1c(CCl)cc(=O)n(C)c1=O,EN300-25386,Cn1c(CO[C@@]2(C(=O)Nc3cncc4ccccc34)CCOc3ccc(Cl)cc32)cc(=O)n(C)c1=O,Cn1c(COC[C@@]2(C(=O)Nc3cncc4ccccc34)CCOc3ccc(Cl)cc32)cc(=O)n(C)c1=O,Cn1c(COCC[C@@]2(C(=O)Nc3cncc4ccccc34)CCOc3ccc(Cl)cc32)cc(=O)n(C)c1=O,Cn1c(COCCC[C@@]2(C(=O)Nc3cncc4ccccc34)CCOc3ccc(Cl)cc32)cc(=O)n(C)c1=O
COCCS(=O)(=O)CCCBr,EN300-62857,COCCS(=O)(=O)CCCO[C@@]1(C(=O)Nc2cncc3ccccc23)CCOc2ccc(Cl)cc21,COCCS(=O)(=O)CCCOC[C@@]1(C(=O)Nc2cncc3ccccc23)CCOc2ccc(Cl)cc21,COCCS(=O)(=O)CCCOCC[C@@]1(C(=O)Nc2cncc3ccccc23)CCOc2ccc(Cl)cc21,COCCS(=O)(=O)CCCOCCC[C@@]1(C(=O)Nc2cncc3ccccc23)CCOc2ccc(Cl)cc21
O=C(CCl)NCCCn1cccn1,EN300-47500,O=C(CO[C@@]1(C(=O)Nc2cncc3ccccc23)CCOc2ccc(Cl)cc21)NCCCn1cccn1,O=C(COC[C@@]1(C(=O)Nc2cncc3ccccc23)CCOc2ccc(Cl)cc21)NCCCn1cccn1,O=C(COCC[C@@]1(C(=O)Nc2cncc3ccccc23)CCOc2ccc(Cl)cc21)NCCCn1cccn1,O=C(COCCC[C@@]1(C(=O)Nc2cncc3ccccc23)CCOc2ccc(Cl)cc21)NCCCn1cccn1
O=S1(=O)CCC(CCl)C1,EN300-1448603,O=C(Nc1cncc2ccccc12)[C@]1(OCC2CCS(=O)(=O)C2)CCOc2ccc(Cl)cc21,O=C(Nc1cncc2ccccc12)[C@]1(COCC2CCS(=O)(=O)C2)CCOc2ccc(Cl)cc21,O=C(Nc1cncc2ccccc12)[C@]1(CCOCC2CCS(=O)(=O)C2)CCOc2ccc(Cl)cc21,O=C(Nc1cncc2ccccc12)[C@]1(CCCOCC2CCS(=O)(=O)C2)CCOc2ccc(Cl)cc21
CN1CC(C)(CCl)C1=O,EN300-1273362,CN1CC(C)(CO[C@@]2(C(=O)Nc3cncc4ccccc34)CCOc3ccc(Cl)cc32)C1=O,CN1CC(C)(COC[C@@]2(C(=O)Nc3cncc4ccccc34)CCOc3ccc(Cl)cc32)C1=O,CN1CC(C)(COCC[C@@]2(C(=O)Nc3cncc4ccccc34)CCOc3ccc(Cl)cc32)C1=O,CN1CC(C)(COCCC[C@@]2(C(=O)Nc3cncc4ccccc34)CCOc3ccc(Cl)cc32)C1=O
CN(C)C(=O)CCl,EN300-17863,CN(C)C(=O)CO[C@@]1(C(=O)Nc2cncc3ccccc23)CCOc2ccc(Cl)cc21,CN(C)C(=O)COC[C@@]1(C(=O)Nc2cncc3ccccc23)CCOc2ccc(Cl)cc21,CN(C)C(=O)COCC[C@@]1(C(=O)Nc2cncc3ccccc23)CCOc2ccc(Cl)cc21,CN(C)C(=O)COCCC[C@@]1(C(=O)Nc2cncc3ccccc23)CCOc2ccc(Cl)cc21
CN1C(CBr)CCS1(=O)=O,EN300-393148,CN1C(CO[C@@]2(C(=O)Nc3cncc4ccccc34)CCOc3ccc(Cl)cc32)CCS1(=O)=O,CN1C(COC[C@@]2(C(=O)Nc3cncc4ccccc34)CCOc3ccc(Cl)cc32)CCS1(=O)=O,CN1C(COCC[C@@]2(C(=O)Nc3cncc4ccccc34)CCOc3ccc(Cl)cc32)CCS1(=O)=O,CN1C(COCCC[C@@]2(C(=O)Nc3cncc4ccccc34)CCOc3ccc(Cl)cc32)CCS1(=O)=O
O=C(CCl)Nc1cccnn1,EN300-761618,O=C(CO[C@@]1(C(=O)Nc2cncc3ccccc23)CCOc2ccc(Cl)cc21)Nc1cccnn1,O=C(COC[C@@]1(C(=O)Nc2cncc3ccccc23)CCOc2ccc(Cl)cc21)Nc1cccnn1,O=C(COCC[C@@]1(C(=O)Nc2cncc3ccccc23)CCOc2ccc(Cl)cc21)Nc1cccnn1,O=C(COCCC[C@@]1(C(=O)Nc2cncc3ccccc23)CCOc2ccc(Cl)cc21)Nc1cccnn1
NC(=O)NC(=O)CBr,EN300-658404,NC(=O)NC(=O)CO[C@@]1(C(=O)Nc2cncc3ccccc23)CCOc2ccc(Cl)cc21,NC(=O)NC(=O)COC[C@@]1(C(=O)Nc2cncc3ccccc23)CCOc2ccc(Cl)cc21,NC(=O)NC(=O)COCC[C@@]1(C(=O)Nc2cncc3ccccc23)CCOc2ccc(Cl)cc21,NC(=O)NC(=O)COCCC[C@@]1(C(=O)Nc2cncc3ccccc23)CCOc2ccc(Cl)cc21
CC(=O)C(=O)CBr,EN300-53897,CC(=O)C(=O)CO[C@@]1(C(=O)Nc2cncc3ccccc23)CCOc2ccc(Cl)cc21,CC(=O)C(=O)COC[C@@]1(C(=O)Nc2cncc3ccccc23)CCOc2ccc(Cl)cc21,CC(=O)C(=O)COCC[C@@]1(C(=O)Nc2cncc3ccccc23)CCOc2ccc(Cl)cc21,CC(=O)C(=O)COCCC[C@@]1(C(=O)Nc2cncc3ccccc23)CCOc2ccc(Cl)cc21
BrC1COC1,EN300-317082,O=C(Nc1cncc2ccccc12)[C@]1(OC2COC2)CCOc2ccc(Cl)cc21,O=C(Nc1cncc2ccccc12)[C@]1(COC2COC2)CCOc2ccc(Cl)cc21,O=C(Nc1cncc2ccccc12)[C@]1(CCOC2COC2)CCOc2ccc(Cl)cc21,O=C(Nc1cncc2ccccc12)[C@]1(CCCOC2COC2)CCOc2ccc(Cl)cc21
O=c1[nH]ccn2c(CCl)nnc12,EN300-378316,O=C(Nc1cncc2ccccc12)[C@]1(OCc2nnc3c(=O)[nH]ccn23)CCOc2ccc(Cl)cc21,O=C(Nc1cncc2ccccc12)[C@]1(COCc2nnc3c(=O)[nH]ccn23)CCOc2ccc(Cl)cc21,O=C(Nc1cncc2ccccc12)[C@]1(CCOCc2nnc3c(=O)[nH]ccn23)CCOc2ccc(Cl)cc21,O=C(Nc1cncc2ccccc12)[C@]1(CCCOCc2nnc3c(=O)[nH]ccn23)CCOc2ccc(Cl)cc21
CS(=O)(=O)[C@@H]1C[C@@]1(C#N)CCl,EN300-633533,CS(=O)(=O)[C@@H]1C[C@@]1(C#N)CO[C@@]1(C(=O)Nc2cncc3ccccc23)CCOc2ccc(Cl)cc21,CS(=O)(=O)[C@@H]1C[C@@]1(C#N)COC[C@@]1(C(=O)Nc2cncc3ccccc23)CCOc2ccc(Cl)cc21,CS(=O)(=O)[C@@H]1C[C@@]1(C#N)COCC[C@@]1(C(=O)Nc2cncc3ccccc23)CCOc2ccc(Cl)cc21,CS(=O)(=O)[C@@H]1C[C@@]1(C#N)COCCC[C@@]1(C(=O)Nc2cncc3ccccc23)CCOc2ccc(Cl)cc21
CON1CCC(Br)C1=O,EN300-302058,CON1CCC(O[C@@]2(C(=O)Nc3cncc4ccccc34)CCOc3ccc(Cl)cc32)C1=O,CON1CCC(OC[C@@]2(C(=O)Nc3cncc4ccccc34)CCOc3ccc(Cl)cc32)C1=O,CON1CCC(OCC[C@@]2(C(=O)Nc3cncc4ccccc34)CCOc3ccc(Cl)cc32)C1=O,CON1CCC(OCCC[C@@]2(C(=O)Nc3cncc4ccccc34)CCOc3ccc(Cl)cc32)C1=O
COCCCNC(=O)CCl,EN300-04492,COCCCNC(=O)CO[C@@]1(C(=O)Nc2cncc3ccccc23)CCOc2ccc(Cl)cc21,COCCCNC(=O)COC[C@@]1(C(=O)Nc2cncc3ccccc23)CCOc2ccc(Cl)cc21,COCCCNC(=O)COCC[C@@]1(C(=O)Nc2cncc3ccccc23)CCOc2ccc(Cl)cc21,COCCCNC(=O)COCCC[C@@]1(C(=O)Nc2cncc3ccccc23)CCOc2ccc(Cl)cc21
COCC(C)NC(=O)CCl,EN300-02067,COCC(C)NC(=O)CO[C@@]1(C(=O)Nc2cncc3ccccc23)CCOc2ccc(Cl)cc21,COCC(C)NC(=O)COC[C@@]1(C(=O)Nc2cncc3ccccc23)CCOc2ccc(Cl)cc21,COCC(C)NC(=O)COCC[C@@]1(C(=O)Nc2cncc3ccccc23)CCOc2ccc(Cl)cc21,COCC(C)NC(=O)COCCC[C@@]1(C(=O)Nc2cncc3ccccc23)CCOc2ccc(Cl)cc21
NS(=O)(=O)CCCl,EN300-270710,NS(=O)(=O)CCO[C@@]1(C(=O)Nc2cncc3ccccc23)CCOc2ccc(Cl)cc21,NS(=O)(=O)CCOC[C@@]1(C(=O)Nc2cncc3ccccc23)CCOc2ccc(Cl)cc21,NS(=O)(=O)CCOCC[C@@]1(C(=O)Nc2cncc3ccccc23)CCOc2ccc(Cl)cc21,NS(=O)(=O)CCOCCC[C@@]1(C(=O)Nc2cncc3ccccc23)CCOc2ccc(Cl)cc21
O=C1OCCC1Br,EN300-20496,O=C1OCCC1O[C@@]1(C(=O)Nc2cncc3ccccc23)CCOc2ccc(Cl)cc21,O=C1OCCC1OC[C@@]1(C(=O)Nc2cncc3ccccc23)CCOc2ccc(Cl)cc21,O=C1OCCC1OCC[C@@]1(C(=O)Nc2cncc3ccccc23)CCOc2ccc(Cl)cc21,O=C1OCCC1OCCC[C@@]1(C(=O)Nc2cncc3ccccc23)CCOc2ccc(Cl)cc21
COC(=O)CCl,EN300-19700,COC(=O)CO[C@@]1(C(=O)Nc2cncc3ccccc23)CCOc2ccc(Cl)cc21,COC(=O)COC[C@@]1(C(=O)Nc2cncc3ccccc23)CCOc2ccc(Cl)cc21,COC(=O)COCC[C@@]1(C(=O)Nc2cncc3ccccc23)CCOc2ccc(Cl)cc21,COC(=O)COCCC[C@@]1(C(=O)Nc2cncc3ccccc23)CCOc2ccc(Cl)cc21
NC(=O)CCl,EN300-18249,NC(=O)CO[C@@]1(C(=O)Nc2cncc3ccccc23)CCOc2ccc(Cl)cc21,NC(=O)COC[C@@]1(C(=O)Nc2cncc3ccccc23)CCOc2ccc(Cl)cc21,NC(=O)COCC[C@@]1(C(=O)Nc2cncc3ccccc23)CCOc2ccc(Cl)cc21,NC(=O)COCCC[C@@]1(C(=O)Nc2cncc3ccccc23)CCOc2ccc(Cl)cc21
Cn1ccn2c(CCl)nnc2c1=O,EN300-379020,Cn1ccn2c(CO[C@@]3(C(=O)Nc4cncc5ccccc45)CCOc4ccc(Cl)cc43)nnc2c1=O,Cn1ccn2c(COC[C@@]3(C(=O)Nc4cncc5ccccc45)CCOc4ccc(Cl)cc43)nnc2c1=O,Cn1ccn2c(COCC[C@@]3(C(=O)Nc4cncc5ccccc45)CCOc4ccc(Cl)cc43)nnc2c1=O,Cn1ccn2c(COCCC[C@@]3(C(=O)Nc4cncc5ccccc45)CCOc4ccc(Cl)cc43)nnc2c1=O
O=C1OCCN1CCBr,EN300-370967,O=C1OCCN1CCO[C@@]1(C(=O)Nc2cncc3ccccc23)CCOc2ccc(Cl)cc21,O=C1OCCN1CCOC[C@@]1(C(=O)Nc2cncc3ccccc23)CCOc2ccc(Cl)cc21,O=C1OCCN1CCOCC[C@@]1(C(=O)Nc2cncc3ccccc23)CCOc2ccc(Cl)cc21,O=C1OCCN1CCOCCC[C@@]1(C(=O)Nc2cncc3ccccc23)CCOc2ccc(Cl)cc21
ClCCn1cnnn1,EN300-364679,O=C(Nc1cncc2ccccc12)[C@]1(OCCn2cnnn2)CCOc2ccc(Cl)cc21,O=C(Nc1cncc2ccccc12)[C@]1(COCCn2cnnn2)CCOc2ccc(Cl)cc21,O=C(Nc1cncc2ccccc12)[C@]1(CCOCCn2cnnn2)CCOc2ccc(Cl)cc21,O=C(Nc1cncc2ccccc12)[C@]1(CCCOCCn2cnnn2)CCOc2ccc(Cl)cc21
Cn1nnnc1CCCl,EN300-365398,Cn1nnnc1CCO[C@@]1(C(=O)Nc2cncc3ccccc23)CCOc2ccc(Cl)cc21,Cn1nnnc1CCOC[C@@]1(C(=O)Nc2cncc3ccccc23)CCOc2ccc(Cl)cc21,Cn1nnnc1CCOCC[C@@]1(C(=O)Nc2cncc3ccccc23)CCOc2ccc(Cl)cc21,Cn1nnnc1CCOCCC[C@@]1(C(=O)Nc2cncc3ccccc23)CCOc2ccc(Cl)cc21
O=c1[nH]c(CCl)nc2c1COCC2,EN300-343103,O=C(Nc1cncc2ccccc12)[C@]1(OCc2nc3c(c(=O)[nH]2)COCC3)CCOc2ccc(Cl)cc21,O=C(Nc1cncc2ccccc12)[C@]1(COCc2nc3c(c(=O)[nH]2)COCC3)CCOc2ccc(Cl)cc21,O=C(Nc1cncc2ccccc12)[C@]1(CCOCc2nc3c(c(=O)[nH]2)COCC3)CCOc2ccc(Cl)cc21,O=C(Nc1cncc2ccccc12)[C@]1(CCCOCc2nc3c(c(=O)[nH]2)COCC3)CCOc2ccc(Cl)cc21
O=C(CCl)Nc1ncc[nH]1,EN300-331993,O=C(CO[C@@]1(C(=O)Nc2cncc3ccccc23)CCOc2ccc(Cl)cc21)Nc1ncc[nH]1,O=C(COC[C@@]1(C(=O)Nc2cncc3ccccc23)CCOc2ccc(Cl)cc21)Nc1ncc[nH]1,O=C(COCC[C@@]1(C(=O)Nc2cncc3ccccc23)CCOc2ccc(Cl)cc21)Nc1ncc[nH]1,O=C(COCCC[C@@]1(C(=O)Nc2cncc3ccccc23)CCOc2ccc(Cl)cc21)Nc1ncc[nH]1
CN1CCC(NC(=O)CCl)CC1,EN300-342462,CN1CCC(NC(=O)CO[C@@]2(C(=O)Nc3cncc4ccccc34)CCOc3ccc(Cl)cc32)CC1,CN1CCC(NC(=O)COC[C@@]2(C(=O)Nc3cncc4ccccc34)CCOc3ccc(Cl)cc32)CC1,CN1CCC(NC(=O)COCC[C@@]2(C(=O)Nc3cncc4ccccc34)CCOc3ccc(Cl)cc32)CC1,CN1CCC(NC(=O)COCCC[C@@]2(C(=O)Nc3cncc4ccccc34)CCOc3ccc(Cl)cc32)CC1
ICCN1CCOCC1,EN300-321161,O=C(Nc1cncc2ccccc12)[C@]1(OCCN2CCOCC2)CCOc2ccc(Cl)cc21,O=C(Nc1cncc2ccccc12)[C@]1(COCCN2CCOCC2)CCOc2ccc(Cl)cc21,O=C(Nc1cncc2ccccc12)[C@]1(CCOCCN2CCOCC2)CCOc2ccc(Cl)cc21,O=C(Nc1cncc2ccccc12)[C@]1(CCCOCCN2CCOCC2)CCOc2ccc(Cl)cc21
ClCC1=NCCO1,EN300-317555,O=C(Nc1cncc2ccccc12)[C@]1(OCC2=NCCO2)CCOc2ccc(Cl)cc21,O=C(Nc1cncc2ccccc12)[C@]1(COCC2=NCCO2)CCOc2ccc(Cl)cc21,O=C(Nc1cncc2ccccc12)[C@]1(CCOCC2=NCCO2)CCOc2ccc(Cl)cc21,O=C(Nc1cncc2ccccc12)[C@]1(CCCOCC2=NCCO2)CCOc2ccc(Cl)cc21
Cn1cc(CCCl)nn1,EN300-312666,Cn1cc(CCO[C@@]2(C(=O)Nc3cncc4ccccc34)CCOc3ccc(Cl)cc32)nn1,Cn1cc(CCOC[C@@]2(C(=O)Nc3cncc4ccccc34)CCOc3ccc(Cl)cc32)nn1,Cn1cc(CCOCC[C@@]2(C(=O)Nc3cncc4ccccc34)CCOc3ccc(Cl)cc32)nn1,Cn1cc(CCOCCC[C@@]2(C(=O)Nc3cncc4ccccc34)CCOc3ccc(Cl)cc32)nn1
CS(=O)(=O)N1CCC(Br)CC1,EN300-301416,CS(=O)(=O)N1CCC(O[C@@]2(C(=O)Nc3cncc4ccccc34)CCOc3ccc(Cl)cc32)CC1,CS(=O)(=O)N1CCC(OC[C@@]2(C(=O)Nc3cncc4ccccc34)CCOc3ccc(Cl)cc32)CC1,CS(=O)(=O)N1CCC(OCC[C@@]2(C(=O)Nc3cncc4ccccc34)CCOc3ccc(Cl)cc32)CC1,CS(=O)(=O)N1CCC(OCCC[C@@]2(C(=O)Nc3cncc4ccccc34)CCOc3ccc(Cl)cc32)CC1
CC1(CCl)NC(=O)NC1=O,EN300-306774,CC1(CO[C@@]2(C(=O)Nc3cncc4ccccc34)CCOc3ccc(Cl)cc32)NC(=O)NC1=O,CC1(COC[C@@]2(C(=O)Nc3cncc4ccccc34)CCOc3ccc(Cl)cc32)NC(=O)NC1=O,CC1(COCC[C@@]2(C(=O)Nc3cncc4ccccc34)CCOc3ccc(Cl)cc32)NC(=O)NC1=O,CC1(COCCC[C@@]2(C(=O)Nc3cncc4ccccc34)CCOc3ccc(Cl)cc32)NC(=O)NC1=O
CN1CCC(CBr)C1=O,EN300-260816,CN1CCC(CO[C@@]2(C(=O)Nc3cncc4ccccc34)CCOc3ccc(Cl)cc32)C1=O,CN1CCC(COC[C@@]2(C(=O)Nc3cncc4ccccc34)CCOc3ccc(Cl)cc32)C1=O,CN1CCC(COCC[C@@]2(C(=O)Nc3cncc4ccccc34)CCOc3ccc(Cl)cc32)C1=O,CN1CCC(COCCC[C@@]2(C(=O)Nc3cncc4ccccc34)CCOc3ccc(Cl)cc32)C1=O
NS(=O)(=O)c1cc(CBr)co1,EN300-262305,NS(=O)(=O)c1cc(CO[C@@]2(C(=O)Nc3cncc4ccccc34)CCOc3ccc(Cl)cc32)co1,NS(=O)(=O)c1cc(COC[C@@]2(C(=O)Nc3cncc4ccccc34)CCOc3ccc(Cl)cc32)co1,NS(=O)(=O)c1cc(COCC[C@@]2(C(=O)Nc3cncc4ccccc34)CCOc3ccc(Cl)cc32)co1,NS(=O)(=O)c1cc(COCCC[C@@]2(C(=O)Nc3cncc4ccccc34)CCOc3ccc(Cl)cc32)co1
CN(C)S(C)(=O)=NC(=O)CCl,EN300-304142,CN(C)S(C)(=O)=NC(=O)CO[C@@]1(C(=O)Nc2cncc3ccccc23)CCOc2ccc(Cl)cc21,CN(C)S(C)(=O)=NC(=O)COC[C@@]1(C(=O)Nc2cncc3ccccc23)CCOc2ccc(Cl)cc21,CN(C)S(C)(=O)=NC(=O)COCC[C@@]1(C(=O)Nc2cncc3ccccc23)CCOc2ccc(Cl)cc21,CN(C)S(C)(=O)=NC(=O)COCCC[C@@]1(C(=O)Nc2cncc3ccccc23)CCOc2ccc(Cl)cc21
CS(=O)(=O)N1CC(CBr)C1,EN300-302290,CS(=O)(=O)N1CC(CO[C@@]2(C(=O)Nc3cncc4ccccc34)CCOc3ccc(Cl)cc32)C1,CS(=O)(=O)N1CC(COC[C@@]2(C(=O)Nc3cncc4ccccc34)CCOc3ccc(Cl)cc32)C1,CS(=O)(=O)N1CC(COCC[C@@]2(C(=O)Nc3cncc4ccccc34)CCOc3ccc(Cl)cc32)C1,CS(=O)(=O)N1CC(COCCC[C@@]2(C(=O)Nc3cncc4ccccc34)CCOc3ccc(Cl)cc32)C1
CS(=O)(=O)N1CCC(Br)C1,EN300-301690,CS(=O)(=O)N1CCC(O[C@@]2(C(=O)Nc3cncc4ccccc34)CCOc3ccc(Cl)cc32)C1,CS(=O)(=O)N1CCC(OC[C@@]2(C(=O)Nc3cncc4ccccc34)CCOc3ccc(Cl)cc32)C1,CS(=O)(=O)N1CCC(OCC[C@@]2(C(=O)Nc3cncc4ccccc34)CCOc3ccc(Cl)cc32)C1,CS(=O)(=O)N1CCC(OCCC[C@@]2(C(=O)Nc3cncc4ccccc34)CCOc3ccc(Cl)cc32)C1
O=C1CC[C@@H](CBr)N1,EN300-264301,O=C1CC[C@@H](CO[C@@]2(C(=O)Nc3cncc4ccccc34)CCOc3ccc(Cl)cc32)N1,O=C1CC[C@@H](COC[C@@]2(C(=O)Nc3cncc4ccccc34)CCOc3ccc(Cl)cc32)N1,O=C1CC[C@@H](COCC[C@@]2(C(=O)Nc3cncc4ccccc34)CCOc3ccc(Cl)cc32)N1,O=C1CC[C@@H](COCCC[C@@]2(C(=O)Nc3cncc4ccccc34)CCOc3ccc(Cl)cc32)N1
COC(=O)CCN1CCC(Br)C1=O,EN300-298579,COC(=O)CCN1CCC(O[C@@]2(C(=O)Nc3cncc4ccccc34)CCOc3ccc(Cl)cc32)C1=O,COC(=O)CCN1CCC(OC[C@@]2(C(=O)Nc3cncc4ccccc34)CCOc3ccc(Cl)cc32)C1=O,COC(=O)CCN1CCC(OCC[C@@]2(C(=O)Nc3cncc4ccccc34)CCOc3ccc(Cl)cc32)C1=O,COC(=O)CCN1CCC(OCCC[C@@]2(C(=O)Nc3cncc4ccccc34)CCOc3ccc(Cl)cc32)C1=O
CN1CC(=O)N(CCCl)C1=O,EN300-262866,CN1CC(=O)N(CCO[C@@]2(C(=O)Nc3cncc4ccccc34)CCOc3ccc(Cl)cc32)C1=O,CN1CC(=O)N(CCOC[C@@]2(C(=O)Nc3cncc4ccccc34)CCOc3ccc(Cl)cc32)C1=O,CN1CC(=O)N(CCOCC[C@@]2(C(=O)Nc3cncc4ccccc34)CCOc3ccc(Cl)cc32)C1=O,CN1CC(=O)N(CCOCCC[C@@]2(C(=O)Nc3cncc4ccccc34)CCOc3ccc(Cl)cc32)C1=O
O=C1OCCN1CCCl,EN300-263428,O=C1OCCN1CCO[C@@]1(C(=O)Nc2cncc3ccccc23)CCOc2ccc(Cl)cc21,O=C1OCCN1CCOC[C@@]1(C(=O)Nc2cncc3ccccc23)CCOc2ccc(Cl)cc21,O=C1OCCN1CCOCC[C@@]1(C(=O)Nc2cncc3ccccc23)CCOc2ccc(Cl)cc21,O=C1OCCN1CCOCCC[C@@]1(C(=O)Nc2cncc3ccccc23)CCOc2ccc(Cl)cc21
CS(C)(=O)=NC(=O)CCl,EN300-267469,CS(C)(=O)=NC(=O)CO[C@@]1(C(=O)Nc2cncc3ccccc23)CCOc2ccc(Cl)cc21,CS(C)(=O)=NC(=O)COC[C@@]1(C(=O)Nc2cncc3ccccc23)CCOc2ccc(Cl)cc21,CS(C)(=O)=NC(=O)COCC[C@@]1(C(=O)Nc2cncc3ccccc23)CCOc2ccc(Cl)cc21,CS(C)(=O)=NC(=O)COCCC[C@@]1(C(=O)Nc2cncc3ccccc23)CCOc2ccc(Cl)cc21
Cn1cc(C(=O)CCl)nn1,EN300-263153,Cn1cc(C(=O)CO[C@@]2(C(=O)Nc3cncc4ccccc34)CCOc3ccc(Cl)cc32)nn1,Cn1cc(C(=O)COC[C@@]2(C(=O)Nc3cncc4ccccc34)CCOc3ccc(Cl)cc32)nn1,Cn1cc(C(=O)COCC[C@@]2(C(=O)Nc3cncc4ccccc34)CCOc3ccc(Cl)cc32)nn1,Cn1cc(C(=O)COCCC[C@@]2(C(=O)Nc3cncc4ccccc34)CCOc3ccc(Cl)cc32)nn1
COC(=O)CBr,EN300-59820,COC(=O)CO[C@@]1(C(=O)Nc2cncc3ccccc23)CCOc2ccc(Cl)cc21,COC(=O)COC[C@@]1(C(=O)Nc2cncc3ccccc23)CCOc2ccc(Cl)cc21,COC(=O)COCC[C@@]1(C(=O)Nc2cncc3ccccc23)CCOc2ccc(Cl)cc21,COC(=O)COCCC[C@@]1(C(=O)Nc2cncc3ccccc23)CCOc2ccc(Cl)cc21
CS(=O)(=O)N1CCC(CBr)C1,EN300-261986,CS(=O)(=O)N1CCC(CO[C@@]2(C(=O)Nc3cncc4ccccc34)CCOc3ccc(Cl)cc32)C1,CS(=O)(=O)N1CCC(COC[C@@]2(C(=O)Nc3cncc4ccccc34)CCOc3ccc(Cl)cc32)C1,CS(=O)(=O)N1CCC(COCC[C@@]2(C(=O)Nc3cncc4ccccc34)CCOc3ccc(Cl)cc32)C1,CS(=O)(=O)N1CCC(COCCC[C@@]2(C(=O)Nc3cncc4ccccc34)CCOc3ccc(Cl)cc32)C1
CNC(=O)Cc1noc(CCl)n1,EN300-99983,CNC(=O)Cc1noc(CO[C@@]2(C(=O)Nc3cncc4ccccc34)CCOc3ccc(Cl)cc32)n1,CNC(=O)Cc1noc(COC[C@@]2(C(=O)Nc3cncc4ccccc34)CCOc3ccc(Cl)cc32)n1,CNC(=O)Cc1noc(COCC[C@@]2(C(=O)Nc3cncc4ccccc34)CCOc3ccc(Cl)cc32)n1,CNC(=O)Cc1noc(COCCC[C@@]2(C(=O)Nc3cncc4ccccc34)CCOc3ccc(Cl)cc32)n1
ClCCc1nnn[nH]1,EN300-183231,O=C(Nc1cncc2ccccc12)[C@]1(OCCc2nnn[nH]2)CCOc2ccc(Cl)cc21,O=C(Nc1cncc2ccccc12)[C@]1(COCCc2nnn[nH]2)CCOc2ccc(Cl)cc21,O=C(Nc1cncc2ccccc12)[C@]1(CCOCCc2nnn[nH]2)CCOc2ccc(Cl)cc21,O=C(Nc1cncc2ccccc12)[C@]1(CCCOCCc2nnn[nH]2)CCOc2ccc(Cl)cc21
CC1NC(=O)N(CCCl)C1=O,EN300-251578,CC1NC(=O)N(CCO[C@@]2(C(=O)Nc3cncc4ccccc34)CCOc3ccc(Cl)cc32)C1=O,CC1NC(=O)N(CCOC[C@@]2(C(=O)Nc3cncc4ccccc34)CCOc3ccc(Cl)cc32)C1=O,CC1NC(=O)N(CCOCC[C@@]2(C(=O)Nc3cncc4ccccc34)CCOc3ccc(Cl)cc32)C1=O,CC1NC(=O)N(CCOCCC[C@@]2(C(=O)Nc3cncc4ccccc34)CCOc3ccc(Cl)cc32)C1=O
CNC(=O)C(C)Br,EN300-211482,CNC(=O)C(C)O[C@@]1(C(=O)Nc2cncc3ccccc23)CCOc2ccc(Cl)cc21,CNC(=O)C(C)OC[C@@]1(C(=O)Nc2cncc3ccccc23)CCOc2ccc(Cl)cc21,CNC(=O)C(C)OCC[C@@]1(C(=O)Nc2cncc3ccccc23)CCOc2ccc(Cl)cc21,CNC(=O)C(C)OCCC[C@@]1(C(=O)Nc2cncc3ccccc23)CCOc2ccc(Cl)cc21
CC(C)(C)NC(=O)CNC(=O)CCl,EN300-48760,CC(C)(C)NC(=O)CNC(=O)CO[C@@]1(C(=O)Nc2cncc3ccccc23)CCOc2ccc(Cl)cc21,CC(C)(C)NC(=O)CNC(=O)COC[C@@]1(C(=O)Nc2cncc3ccccc23)CCOc2ccc(Cl)cc21,CC(C)(C)NC(=O)CNC(=O)COCC[C@@]1(C(=O)Nc2cncc3ccccc23)CCOc2ccc(Cl)cc21,CC(C)(C)NC(=O)CNC(=O)COCCC[C@@]1(C(=O)Nc2cncc3ccccc23)CCOc2ccc(Cl)cc21
COC(=O)CNC(=O)C(C)Cl,EN300-27928,COC(=O)CNC(=O)C(C)O[C@@]1(C(=O)Nc2cncc3ccccc23)CCOc2ccc(Cl)cc21,COC(=O)CNC(=O)C(C)OC[C@@]1(C(=O)Nc2cncc3ccccc23)CCOc2ccc(Cl)cc21,COC(=O)CNC(=O)C(C)OCC[C@@]1(C(=O)Nc2cncc3ccccc23)CCOc2ccc(Cl)cc21,COC(=O)CNC(=O)C(C)OCCC[C@@]1(C(=O)Nc2cncc3ccccc23)CCOc2ccc(Cl)cc21
O=c1[nH]nc(CCl)s1,EN300-171766,O=C(Nc1cncc2ccccc12)[C@]1(OCc2n[nH]c(=O)s2)CCOc2ccc(Cl)cc21,O=C(Nc1cncc2ccccc12)[C@]1(COCc2n[nH]c(=O)s2)CCOc2ccc(Cl)cc21,O=C(Nc1cncc2ccccc12)[C@]1(CCOCc2n[nH]c(=O)s2)CCOc2ccc(Cl)cc21,O=C(Nc1cncc2ccccc12)[C@]1(CCCOCc2n[nH]c(=O)s2)CCOc2ccc(Cl)cc21
O=C1CN(C(=O)CCl)CCN1,EN300-22884,O=C1CN(C(=O)CO[C@@]2(C(=O)Nc3cncc4ccccc34)CCOc3ccc(Cl)cc32)CCN1,O=C1CN(C(=O)COC[C@@]2(C(=O)Nc3cncc4ccccc34)CCOc3ccc(Cl)cc32)CCN1,O=C1CN(C(=O)COCC[C@@]2(C(=O)Nc3cncc4ccccc34)CCOc3ccc(Cl)cc32)CCN1,O=C1CN(C(=O)COCCC[C@@]2(C(=O)Nc3cncc4ccccc34)CCOc3ccc(Cl)cc32)CCN1
CN1CC(CBr)OC1=O,EN300-222969,CN1CC(CO[C@@]2(C(=O)Nc3cncc4ccccc34)CCOc3ccc(Cl)cc32)OC1=O,CN1CC(COC[C@@]2(C(=O)Nc3cncc4ccccc34)CCOc3ccc(Cl)cc32)OC1=O,CN1CC(COCC[C@@]2(C(=O)Nc3cncc4ccccc34)CCOc3ccc(Cl)cc32)OC1=O,CN1CC(COCCC[C@@]2(C(=O)Nc3cncc4ccccc34)CCOc3ccc(Cl)cc32)OC1=O
O=C1CC(CBr)CN1,EN300-246747,O=C1CC(CO[C@@]2(C(=O)Nc3cncc4ccccc34)CCOc3ccc(Cl)cc32)CN1,O=C1CC(COC[C@@]2(C(=O)Nc3cncc4ccccc34)CCOc3ccc(Cl)cc32)CN1,O=C1CC(COCC[C@@]2(C(=O)Nc3cncc4ccccc34)CCOc3ccc(Cl)cc32)CN1,O=C1CC(COCCC[C@@]2(C(=O)Nc3cncc4ccccc34)CCOc3ccc(Cl)cc32)CN1
O=S1(=O)CCC(CBr)C1,EN300-189038,O=C(Nc1cncc2ccccc12)[C@]1(OCC2CCS(=O)(=O)C2)CCOc2ccc(Cl)cc21,O=C(Nc1cncc2ccccc12)[C@]1(COCC2CCS(=O)(=O)C2)CCOc2ccc(Cl)cc21,O=C(Nc1cncc2ccccc12)[C@]1(CCOCC2CCS(=O)(=O)C2)CCOc2ccc(Cl)cc21,O=C(Nc1cncc2ccccc12)[C@]1(CCCOCC2CCS(=O)(=O)C2)CCOc2ccc(Cl)cc21
Cn1nncc1C(=O)CCl,EN300-204936,Cn1nncc1C(=O)CO[C@@]1(C(=O)Nc2cncc3ccccc23)CCOc2ccc(Cl)cc21,Cn1nncc1C(=O)COC[C@@]1(C(=O)Nc2cncc3ccccc23)CCOc2ccc(Cl)cc21,Cn1nncc1C(=O)COCC[C@@]1(C(=O)Nc2cncc3ccccc23)CCOc2ccc(Cl)cc21,Cn1nncc1C(=O)COCCC[C@@]1(C(=O)Nc2cncc3ccccc23)CCOc2ccc(Cl)cc21
CS(=O)(=O)CCCCl,EN300-68794,CS(=O)(=O)CCCO[C@@]1(C(=O)Nc2cncc3ccccc23)CCOc2ccc(Cl)cc21,CS(=O)(=O)CCCOC[C@@]1(C(=O)Nc2cncc3ccccc23)CCOc2ccc(Cl)cc21,CS(=O)(=O)CCCOCC[C@@]1(C(=O)Nc2cncc3ccccc23)CCOc2ccc(Cl)cc21,CS(=O)(=O)CCCOCCC[C@@]1(C(=O)Nc2cncc3ccccc23)CCOc2ccc(Cl)cc21
CCNC(=O)NC(=O)C(C)Cl,EN300-06047,CCNC(=O)NC(=O)C(C)O[C@@]1(C(=O)Nc2cncc3ccccc23)CCOc2ccc(Cl)cc21,CCNC(=O)NC(=O)C(C)OC[C@@]1(C(=O)Nc2cncc3ccccc23)CCOc2ccc(Cl)cc21,CCNC(=O)NC(=O)C(C)OCC[C@@]1(C(=O)Nc2cncc3ccccc23)CCOc2ccc(Cl)cc21,CCNC(=O)NC(=O)C(C)OCCC[C@@]1(C(=O)Nc2cncc3ccccc23)CCOc2ccc(Cl)cc21
Cn1ncnc1CCl,EN300-87334,Cn1ncnc1CO[C@@]1(C(=O)Nc2cncc3ccccc23)CCOc2ccc(Cl)cc21,Cn1ncnc1COC[C@@]1(C(=O)Nc2cncc3ccccc23)CCOc2ccc(Cl)cc21,Cn1ncnc1COCC[C@@]1(C(=O)Nc2cncc3ccccc23)CCOc2ccc(Cl)cc21,Cn1ncnc1COCCC[C@@]1(C(=O)Nc2cncc3ccccc23)CCOc2ccc(Cl)cc21
CN(Cc1cnn(C)c1)C(=O)CCl,EN300-65978,CN(Cc1cnn(C)c1)C(=O)CO[C@@]1(C(=O)Nc2cncc3ccccc23)CCOc2ccc(Cl)cc21,CN(Cc1cnn(C)c1)C(=O)COC[C@@]1(C(=O)Nc2cncc3ccccc23)CCOc2ccc(Cl)cc21,CN(Cc1cnn(C)c1)C(=O)COCC[C@@]1(C(=O)Nc2cncc3ccccc23)CCOc2ccc(Cl)cc21,CN(Cc1cnn(C)c1)C(=O)COCCC[C@@]1(C(=O)Nc2cncc3ccccc23)CCOc2ccc(Cl)cc21
O=C(CCl)N1CCCC1=O,EN300-05387,O=C1CCCN1C(=O)CO[C@@]1(C(=O)Nc2cncc3ccccc23)CCOc2ccc(Cl)cc21,O=C1CCCN1C(=O)COC[C@@]1(C(=O)Nc2cncc3ccccc23)CCOc2ccc(Cl)cc21,O=C1CCCN1C(=O)COCC[C@@]1(C(=O)Nc2cncc3ccccc23)CCOc2ccc(Cl)cc21,O=C1CCCN1C(=O)COCCC[C@@]1(C(=O)Nc2cncc3ccccc23)CCOc2ccc(Cl)cc21
O=C(CCl)N1CCOCC1,EN300-01805,O=C(CO[C@@]1(C(=O)Nc2cncc3ccccc23)CCOc2ccc(Cl)cc21)N1CCOCC1,O=C(COC[C@@]1(C(=O)Nc2cncc3ccccc23)CCOc2ccc(Cl)cc21)N1CCOCC1,O=C(COCC[C@@]1(C(=O)Nc2cncc3ccccc23)CCOc2ccc(Cl)cc21)N1CCOCC1,O=C(COCCC[C@@]1(C(=O)Nc2cncc3ccccc23)CCOc2ccc(Cl)cc21)N1CCOCC1
O=C(CCl)NCC1CCCO1,EN300-01527,O=C(CO[C@@]1(C(=O)Nc2cncc3ccccc23)CCOc2ccc(Cl)cc21)NCC1CCCO1,O=C(COC[C@@]1(C(=O)Nc2cncc3ccccc23)CCOc2ccc(Cl)cc21)NCC1CCCO1,O=C(COCC[C@@]1(C(=O)Nc2cncc3ccccc23)CCOc2ccc(Cl)cc21)NCC1CCCO1,O=C(COCCC[C@@]1(C(=O)Nc2cncc3ccccc23)CCOc2ccc(Cl)cc21)NCC1CCCO1
COC(=O)Cn1cc(CCl)nn1,EN300-226325,COC(=O)Cn1cc(CO[C@@]2(C(=O)Nc3cncc4ccccc34)CCOc3ccc(Cl)cc32)nn1,COC(=O)Cn1cc(COC[C@@]2(C(=O)Nc3cncc4ccccc34)CCOc3ccc(Cl)cc32)nn1,COC(=O)Cn1cc(COCC[C@@]2(C(=O)Nc3cncc4ccccc34)CCOc3ccc(Cl)cc32)nn1,COC(=O)Cn1cc(COCCC[C@@]2(C(=O)Nc3cncc4ccccc34)CCOc3ccc(Cl)cc32)nn1
O=C(CBr)C1CCS(=O)(=O)C1,EN300-226314,O=C(CO[C@@]1(C(=O)Nc2cncc3ccccc23)CCOc2ccc(Cl)cc21)C1CCS(=O)(=O)C1,O=C(COC[C@@]1(C(=O)Nc2cncc3ccccc23)CCOc2ccc(Cl)cc21)C1CCS(=O)(=O)C1,O=C(COCC[C@@]1(C(=O)Nc2cncc3ccccc23)CCOc2ccc(Cl)cc21)C1CCS(=O)(=O)C1,O=C(COCCC[C@@]1(C(=O)Nc2cncc3ccccc23)CCOc2ccc(Cl)cc21)C1CCS(=O)(=O)C1
C=CCNC(=O)CCl,EN300-17184,C=CCNC(=O)CO[C@@]1(C(=O)Nc2cncc3ccccc23)CCOc2ccc(Cl)cc21,C=CCNC(=O)COC[C@@]1(C(=O)Nc2cncc3ccccc23)CCOc2ccc(Cl)cc21,C=CCNC(=O)COCC[C@@]1(C(=O)Nc2cncc3ccccc23)CCOc2ccc(Cl)cc21,C=CCNC(=O)COCCC[C@@]1(C(=O)Nc2cncc3ccccc23)CCOc2ccc(Cl)cc21
CCNC(=O)CCl,EN300-02026,CCNC(=O)CO[C@@]1(C(=O)Nc2cncc3ccccc23)CCOc2ccc(Cl)cc21,CCNC(=O)COC[C@@]1(C(=O)Nc2cncc3ccccc23)CCOc2ccc(Cl)cc21,CCNC(=O)COCC[C@@]1(C(=O)Nc2cncc3ccccc23)CCOc2ccc(Cl)cc21,CCNC(=O)COCCC[C@@]1(C(=O)Nc2cncc3ccccc23)CCOc2ccc(Cl)cc21
O=C1COCCN1CCCl,EN300-219330,O=C1COCCN1CCO[C@@]1(C(=O)Nc2cncc3ccccc23)CCOc2ccc(Cl)cc21,O=C1COCCN1CCOC[C@@]1(C(=O)Nc2cncc3ccccc23)CCOc2ccc(Cl)cc21,O=C1COCCN1CCOCC[C@@]1(C(=O)Nc2cncc3ccccc23)CCOc2ccc(Cl)cc21,O=C1COCCN1CCOCCC[C@@]1(C(=O)Nc2cncc3ccccc23)CCOc2ccc(Cl)cc21
Cn1ncc(CCl)n1,EN300-219020,Cn1ncc(CO[C@@]2(C(=O)Nc3cncc4ccccc34)CCOc3ccc(Cl)cc32)n1,Cn1ncc(COC[C@@]2(C(=O)Nc3cncc4ccccc34)CCOc3ccc(Cl)cc32)n1,Cn1ncc(COCC[C@@]2(C(=O)Nc3cncc4ccccc34)CCOc3ccc(Cl)cc32)n1,Cn1ncc(COCCC[C@@]2(C(=O)Nc3cncc4ccccc34)CCOc3ccc(Cl)cc32)n1
CC(=O)NCCOCCBr,EN300-219006,CC(=O)NCCOCCO[C@@]1(C(=O)Nc2cncc3ccccc23)CCOc2ccc(Cl)cc21,CC(=O)NCCOCCOC[C@@]1(C(=O)Nc2cncc3ccccc23)CCOc2ccc(Cl)cc21,CC(=O)NCCOCCOCC[C@@]1(C(=O)Nc2cncc3ccccc23)CCOc2ccc(Cl)cc21,CC(=O)NCCOCCOCCC[C@@]1(C(=O)Nc2cncc3ccccc23)CCOc2ccc(Cl)cc21
ClCCc1c[nH]nn1,EN300-222357,O=C(Nc1cncc2ccccc12)[C@]1(OCCc2c[nH]nn2)CCOc2ccc(Cl)cc21,O=C(Nc1cncc2ccccc12)[C@]1(COCCc2c[nH]nn2)CCOc2ccc(Cl)cc21,O=C(Nc1cncc2ccccc12)[C@]1(CCOCCc2c[nH]nn2)CCOc2ccc(Cl)cc21,O=C(Nc1cncc2ccccc12)[C@]1(CCCOCCc2c[nH]nn2)CCOc2ccc(Cl)cc21
CC(CO)(CO)CBr,EN300-218116,CC(CO)(CO)CO[C@@]1(C(=O)Nc2cncc3ccccc23)CCOc2ccc(Cl)cc21,CC(CO)(CO)COC[C@@]1(C(=O)Nc2cncc3ccccc23)CCOc2ccc(Cl)cc21,CC(CO)(CO)COCC[C@@]1(C(=O)Nc2cncc3ccccc23)CCOc2ccc(Cl)cc21,CC(CO)(CO)COCCC[C@@]1(C(=O)Nc2cncc3ccccc23)CCOc2ccc(Cl)cc21
COC(=O)CI,EN300-160101,COC(=O)CO[C@@]1(C(=O)Nc2cncc3ccccc23)CCOc2ccc(Cl)cc21,COC(=O)COC[C@@]1(C(=O)Nc2cncc3ccccc23)CCOc2ccc(Cl)cc21,COC(=O)COCC[C@@]1(C(=O)Nc2cncc3ccccc23)CCOc2ccc(Cl)cc21,COC(=O)COCCC[C@@]1(C(=O)Nc2cncc3ccccc23)CCOc2ccc(Cl)cc21
O=C1NCCN1CCCl,EN300-214800,O=C1NCCN1CCO[C@@]1(C(=O)Nc2cncc3ccccc23)CCOc2ccc(Cl)cc21,O=C1NCCN1CCOC[C@@]1(C(=O)Nc2cncc3ccccc23)CCOc2ccc(Cl)cc21,O=C1NCCN1CCOCC[C@@]1(C(=O)Nc2cncc3ccccc23)CCOc2ccc(Cl)cc21,O=C1NCCN1CCOCCC[C@@]1(C(=O)Nc2cncc3ccccc23)CCOc2ccc(Cl)cc21
Cn1ncc(CBr)n1,EN300-215689,Cn1ncc(CO[C@@]2(C(=O)Nc3cncc4ccccc34)CCOc3ccc(Cl)cc32)n1,Cn1ncc(COC[C@@]2(C(=O)Nc3cncc4ccccc34)CCOc3ccc(Cl)cc32)n1,Cn1ncc(COCC[C@@]2(C(=O)Nc3cncc4ccccc34)CCOc3ccc(Cl)cc32)n1,Cn1ncc(COCCC[C@@]2(C(=O)Nc3cncc4ccccc34)CCOc3ccc(Cl)cc32)n1
COC(=O)[C@@H](NC(=O)CBr)C(C)C,EN300-213813,COC(=O)[C@@H](NC(=O)CO[C@@]1(C(=O)Nc2cncc3ccccc23)CCOc2ccc(Cl)cc21)C(C)C,COC(=O)[C@@H](NC(=O)COC[C@@]1(C(=O)Nc2cncc3ccccc23)CCOc2ccc(Cl)cc21)C(C)C,COC(=O)[C@@H](NC(=O)COCC[C@@]1(C(=O)Nc2cncc3ccccc23)CCOc2ccc(Cl)cc21)C(C)C,COC(=O)[C@@H](NC(=O)COCCC[C@@]1(C(=O)Nc2cncc3ccccc23)CCOc2ccc(Cl)cc21)C(C)C
Cn1nncc1CCl,EN300-216673,Cn1nncc1CO[C@@]1(C(=O)Nc2cncc3ccccc23)CCOc2ccc(Cl)cc21,Cn1nncc1COC[C@@]1(C(=O)Nc2cncc3ccccc23)CCOc2ccc(Cl)cc21,Cn1nncc1COCC[C@@]1(C(=O)Nc2cncc3ccccc23)CCOc2ccc(Cl)cc21,Cn1nncc1COCCC[C@@]1(C(=O)Nc2cncc3ccccc23)CCOc2ccc(Cl)cc21
CC(=O)C(=O)CCl,EN300-215210,CC(=O)C(=O)CO[C@@]1(C(=O)Nc2cncc3ccccc23)CCOc2ccc(Cl)cc21,CC(=O)C(=O)COC[C@@]1(C(=O)Nc2cncc3ccccc23)CCOc2ccc(Cl)cc21,CC(=O)C(=O)COCC[C@@]1(C(=O)Nc2cncc3ccccc23)CCOc2ccc(Cl)cc21,CC(=O)C(=O)COCCC[C@@]1(C(=O)Nc2cncc3ccccc23)CCOc2ccc(Cl)cc21
CNC(=O)CBr,EN300-211444,CNC(=O)CO[C@@]1(C(=O)Nc2cncc3ccccc23)CCOc2ccc(Cl)cc21,CNC(=O)COC[C@@]1(C(=O)Nc2cncc3ccccc23)CCOc2ccc(Cl)cc21,CNC(=O)COCC[C@@]1(C(=O)Nc2cncc3ccccc23)CCOc2ccc(Cl)cc21,CNC(=O)COCCC[C@@]1(C(=O)Nc2cncc3ccccc23)CCOc2ccc(Cl)cc21
Cn1ncc(C(=O)CCl)n1,EN300-204935,Cn1ncc(C(=O)CO[C@@]2(C(=O)Nc3cncc4ccccc34)CCOc3ccc(Cl)cc32)n1,Cn1ncc(C(=O)COC[C@@]2(C(=O)Nc3cncc4ccccc34)CCOc3ccc(Cl)cc32)n1,Cn1ncc(C(=O)COCC[C@@]2(C(=O)Nc3cncc4ccccc34)CCOc3ccc(Cl)cc32)n1,Cn1ncc(C(=O)COCCC[C@@]2(C(=O)Nc3cncc4ccccc34)CCOc3ccc(Cl)cc32)n1
CS(=O)(=O)N1CCC(CCl)C1,EN300-202893,CS(=O)(=O)N1CCC(CO[C@@]2(C(=O)Nc3cncc4ccccc34)CCOc3ccc(Cl)cc32)C1,CS(=O)(=O)N1CCC(COC[C@@]2(C(=O)Nc3cncc4ccccc34)CCOc3ccc(Cl)cc32)C1,CS(=O)(=O)N1CCC(COCC[C@@]2(C(=O)Nc3cncc4ccccc34)CCOc3ccc(Cl)cc32)C1,CS(=O)(=O)N1CCC(COCCC[C@@]2(C(=O)Nc3cncc4ccccc34)CCOc3ccc(Cl)cc32)C1
O=C1NCC(CBr)O1,EN300-203293,O=C1NCC(CO[C@@]2(C(=O)Nc3cncc4ccccc34)CCOc3ccc(Cl)cc32)O1,O=C1NCC(COC[C@@]2(C(=O)Nc3cncc4ccccc34)CCOc3ccc(Cl)cc32)O1,O=C1NCC(COCC[C@@]2(C(=O)Nc3cncc4ccccc34)CCOc3ccc(Cl)cc32)O1,O=C1NCC(COCCC[C@@]2(C(=O)Nc3cncc4ccccc34)CCOc3ccc(Cl)cc32)O1
COCCNC(=O)CCl,EN300-02015,COCCNC(=O)CO[C@@]1(C(=O)Nc2cncc3ccccc23)CCOc2ccc(Cl)cc21,COCCNC(=O)COC[C@@]1(C(=O)Nc2cncc3ccccc23)CCOc2ccc(Cl)cc21,COCCNC(=O)COCC[C@@]1(C(=O)Nc2cncc3ccccc23)CCOc2ccc(Cl)cc21,COCCNC(=O)COCCC[C@@]1(C(=O)Nc2cncc3ccccc23)CCOc2ccc(Cl)cc21
O=C1CCC(CBr)N1,EN300-195756,O=C1CCC(CO[C@@]2(C(=O)Nc3cncc4ccccc34)CCOc3ccc(Cl)cc32)N1,O=C1CCC(COC[C@@]2(C(=O)Nc3cncc4ccccc34)CCOc3ccc(Cl)cc32)N1,O=C1CCC(COCC[C@@]2(C(=O)Nc3cncc4ccccc34)CCOc3ccc(Cl)cc32)N1,O=C1CCC(COCCC[C@@]2(C(=O)Nc3cncc4ccccc34)CCOc3ccc(Cl)cc32)N1
Cn1nnc(CCl)n1,EN300-90225,Cn1nnc(CO[C@@]2(C(=O)Nc3cncc4ccccc34)CCOc3ccc(Cl)cc32)n1,Cn1nnc(COC[C@@]2(C(=O)Nc3cncc4ccccc34)CCOc3ccc(Cl)cc32)n1,Cn1nnc(COCC[C@@]2(C(=O)Nc3cncc4ccccc34)CCOc3ccc(Cl)cc32)n1,Cn1nnc(COCCC[C@@]2(C(=O)Nc3cncc4ccccc34)CCOc3ccc(Cl)cc32)n1
COCC(=O)CCl,EN300-125140,COCC(=O)CO[C@@]1(C(=O)Nc2cncc3ccccc23)CCOc2ccc(Cl)cc21,COCC(=O)COC[C@@]1(C(=O)Nc2cncc3ccccc23)CCOc2ccc(Cl)cc21,COCC(=O)COCC[C@@]1(C(=O)Nc2cncc3ccccc23)CCOc2ccc(Cl)cc21,COCC(=O)COCCC[C@@]1(C(=O)Nc2cncc3ccccc23)CCOc2ccc(Cl)cc21
O=S1(=O)CC(CCBr)C1,EN300-189563,O=C(Nc1cncc2ccccc12)[C@]1(OCCC2CS(=O)(=O)C2)CCOc2ccc(Cl)cc21,O=C(Nc1cncc2ccccc12)[C@]1(COCCC2CS(=O)(=O)C2)CCOc2ccc(Cl)cc21,O=C(Nc1cncc2ccccc12)[C@]1(CCOCCC2CS(=O)(=O)C2)CCOc2ccc(Cl)cc21,O=C(Nc1cncc2ccccc12)[C@]1(CCCOCCC2CS(=O)(=O)C2)CCOc2ccc(Cl)cc21
CON(C)C(=O)CCCl,EN300-174603,CON(C)C(=O)CCO[C@@]1(C(=O)Nc2cncc3ccccc23)CCOc2ccc(Cl)cc21,CON(C)C(=O)CCOC[C@@]1(C(=O)Nc2cncc3ccccc23)CCOc2ccc(Cl)cc21,CON(C)C(=O)CCOCC[C@@]1(C(=O)Nc2cncc3ccccc23)CCOc2ccc(Cl)cc21,CON(C)C(=O)CCOCCC[C@@]1(C(=O)Nc2cncc3ccccc23)CCOc2ccc(Cl)cc21
CC(Cl)c1nnnn1C,EN300-173006,CC(O[C@@]1(C(=O)Nc2cncc3ccccc23)CCOc2ccc(Cl)cc21)c1nnnn1C,CC(OC[C@@]1(C(=O)Nc2cncc3ccccc23)CCOc2ccc(Cl)cc21)c1nnnn1C,CC(OCC[C@@]1(C(=O)Nc2cncc3ccccc23)CCOc2ccc(Cl)cc21)c1nnnn1C,CC(OCCC[C@@]1(C(=O)Nc2cncc3ccccc23)CCOc2ccc(Cl)cc21)c1nnnn1C
CS(=O)(=O)c1nnc(CCl)s1,EN300-160080,CS(=O)(=O)c1nnc(CO[C@@]2(C(=O)Nc3cncc4ccccc34)CCOc3ccc(Cl)cc32)s1,CS(=O)(=O)c1nnc(COC[C@@]2(C(=O)Nc3cncc4ccccc34)CCOc3ccc(Cl)cc32)s1,CS(=O)(=O)c1nnc(COCC[C@@]2(C(=O)Nc3cncc4ccccc34)CCOc3ccc(Cl)cc32)s1,CS(=O)(=O)c1nnc(COCCC[C@@]2(C(=O)Nc3cncc4ccccc34)CCOc3ccc(Cl)cc32)s1
CC(Cl)C(N)=O,EN300-17381,CC(O[C@@]1(C(=O)Nc2cncc3ccccc23)CCOc2ccc(Cl)cc21)C(N)=O,CC(OC[C@@]1(C(=O)Nc2cncc3ccccc23)CCOc2ccc(Cl)cc21)C(N)=O,CC(OCC[C@@]1(C(=O)Nc2cncc3ccccc23)CCOc2ccc(Cl)cc21)C(N)=O,CC(OCCC[C@@]1(C(=O)Nc2cncc3ccccc23)CCOc2ccc(Cl)cc21)C(N)=O
CC(=O)CNC(=O)C(C)Cl,EN300-131093,CC(=O)CNC(=O)C(C)O[C@@]1(C(=O)Nc2cncc3ccccc23)CCOc2ccc(Cl)cc21,CC(=O)CNC(=O)C(C)OC[C@@]1(C(=O)Nc2cncc3ccccc23)CCOc2ccc(Cl)cc21,CC(=O)CNC(=O)C(C)OCC[C@@]1(C(=O)Nc2cncc3ccccc23)CCOc2ccc(Cl)cc21,CC(=O)CNC(=O)C(C)OCCC[C@@]1(C(=O)Nc2cncc3ccccc23)CCOc2ccc(Cl)cc21
CCC(=O)CNC(=O)CCl,EN300-132624,CCC(=O)CNC(=O)CO[C@@]1(C(=O)Nc2cncc3ccccc23)CCOc2ccc(Cl)cc21,CCC(=O)CNC(=O)COC[C@@]1(C(=O)Nc2cncc3ccccc23)CCOc2ccc(Cl)cc21,CCC(=O)CNC(=O)COCC[C@@]1(C(=O)Nc2cncc3ccccc23)CCOc2ccc(Cl)cc21,CCC(=O)CNC(=O)COCCC[C@@]1(C(=O)Nc2cncc3ccccc23)CCOc2ccc(Cl)cc21
O=C1CCC(Br)C(=O)N1,EN300-120920,O=C1CCC(O[C@@]2(C(=O)Nc3cncc4ccccc34)CCOc3ccc(Cl)cc32)C(=O)N1,O=C1CCC(OC[C@@]2(C(=O)Nc3cncc4ccccc34)CCOc3ccc(Cl)cc32)C(=O)N1,O=C1CCC(OCC[C@@]2(C(=O)Nc3cncc4ccccc34)CCOc3ccc(Cl)cc32)C(=O)N1,O=C1CCC(OCCC[C@@]2(C(=O)Nc3cncc4ccccc34)CCOc3ccc(Cl)cc32)C(=O)N1
CCN(C)C(=O)CCl,EN300-37588,CCN(C)C(=O)CO[C@@]1(C(=O)Nc2cncc3ccccc23)CCOc2ccc(Cl)cc21,CCN(C)C(=O)COC[C@@]1(C(=O)Nc2cncc3ccccc23)CCOc2ccc(Cl)cc21,CCN(C)C(=O)COCC[C@@]1(C(=O)Nc2cncc3ccccc23)CCOc2ccc(Cl)cc21,CCN(C)C(=O)COCCC[C@@]1(C(=O)Nc2cncc3ccccc23)CCOc2ccc(Cl)cc21
Cn1nnnc1CCl,EN300-62574,Cn1nnnc1CO[C@@]1(C(=O)Nc2cncc3ccccc23)CCOc2ccc(Cl)cc21,Cn1nnnc1COC[C@@]1(C(=O)Nc2cncc3ccccc23)CCOc2ccc(Cl)cc21,Cn1nnnc1COCC[C@@]1(C(=O)Nc2cncc3ccccc23)CCOc2ccc(Cl)cc21,Cn1nnnc1COCCC[C@@]1(C(=O)Nc2cncc3ccccc23)CCOc2ccc(Cl)cc21
CC(Br)C(N)=O,EN300-136868,CC(O[C@@]1(C(=O)Nc2cncc3ccccc23)CCOc2ccc(Cl)cc21)C(N)=O,CC(OC[C@@]1(C(=O)Nc2cncc3ccccc23)CCOc2ccc(Cl)cc21)C(N)=O,CC(OCC[C@@]1(C(=O)Nc2cncc3ccccc23)CCOc2ccc(Cl)cc21)C(N)=O,CC(OCCC[C@@]1(C(=O)Nc2cncc3ccccc23)CCOc2ccc(Cl)cc21)C(N)=O
CC(C)(C)OC(=O)CNC(=O)CCl,EN300-131249,CC(C)(C)OC(=O)CNC(=O)CO[C@@]1(C(=O)Nc2cncc3ccccc23)CCOc2ccc(Cl)cc21,CC(C)(C)OC(=O)CNC(=O)COC[C@@]1(C(=O)Nc2cncc3ccccc23)CCOc2ccc(Cl)cc21,CC(C)(C)OC(=O)CNC(=O)COCC[C@@]1(C(=O)Nc2cncc3ccccc23)CCOc2ccc(Cl)cc21,CC(C)(C)OC(=O)CNC(=O)COCCC[C@@]1(C(=O)Nc2cncc3ccccc23)CCOc2ccc(Cl)cc21
CC(=O)N1CCN(C(=O)CCl)CC1,EN300-04558,CC(=O)N1CCN(C(=O)CO[C@@]2(C(=O)Nc3cncc4ccccc34)CCOc3ccc(Cl)cc32)CC1,CC(=O)N1CCN(C(=O)COC[C@@]2(C(=O)Nc3cncc4ccccc34)CCOc3ccc(Cl)cc32)CC1,CC(=O)N1CCN(C(=O)COCC[C@@]2(C(=O)Nc3cncc4ccccc34)CCOc3ccc(Cl)cc32)CC1,CC(=O)N1CCN(C(=O)COCCC[C@@]2(C(=O)Nc3cncc4ccccc34)CCOc3ccc(Cl)cc32)CC1
CC(I)C(N)=O,EN300-133750,CC(O[C@@]1(C(=O)Nc2cncc3ccccc23)CCOc2ccc(Cl)cc21)C(N)=O,CC(OC[C@@]1(C(=O)Nc2cncc3ccccc23)CCOc2ccc(Cl)cc21)C(N)=O,CC(OCC[C@@]1(C(=O)Nc2cncc3ccccc23)CCOc2ccc(Cl)cc21)C(N)=O,CC(OCCC[C@@]1(C(=O)Nc2cncc3ccccc23)CCOc2ccc(Cl)cc21)C(N)=O
O=C(CCl)NC1CC1,EN300-01637,O=C(CO[C@@]1(C(=O)Nc2cncc3ccccc23)CCOc2ccc(Cl)cc21)NC1CC1,O=C(COC[C@@]1(C(=O)Nc2cncc3ccccc23)CCOc2ccc(Cl)cc21)NC1CC1,O=C(COCC[C@@]1(C(=O)Nc2cncc3ccccc23)CCOc2ccc(Cl)cc21)NC1CC1,O=C(COCCC[C@@]1(C(=O)Nc2cncc3ccccc23)CCOc2ccc(Cl)cc21)NC1CC1
CN(C)C(=O)CBr,EN300-116022,CN(C)C(=O)CO[C@@]1(C(=O)Nc2cncc3ccccc23)CCOc2ccc(Cl)cc21,CN(C)C(=O)COC[C@@]1(C(=O)Nc2cncc3ccccc23)CCOc2ccc(Cl)cc21,CN(C)C(=O)COCC[C@@]1(C(=O)Nc2cncc3ccccc23)CCOc2ccc(Cl)cc21,CN(C)C(=O)COCCC[C@@]1(C(=O)Nc2cncc3ccccc23)CCOc2ccc(Cl)cc21
Cn1cc(CCl)nn1,EN300-120282,Cn1cc(CO[C@@]2(C(=O)Nc3cncc4ccccc34)CCOc3ccc(Cl)cc32)nn1,Cn1cc(COC[C@@]2(C(=O)Nc3cncc4ccccc34)CCOc3ccc(Cl)cc32)nn1,Cn1cc(COCC[C@@]2(C(=O)Nc3cncc4ccccc34)CCOc3ccc(Cl)cc32)nn1,Cn1cc(COCCC[C@@]2(C(=O)Nc3cncc4ccccc34)CCOc3ccc(Cl)cc32)nn1
O=C(CBr)NCC(F)F,EN300-120586,O=C(CO[C@@]1(C(=O)Nc2cncc3ccccc23)CCOc2ccc(Cl)cc21)NCC(F)F,O=C(COC[C@@]1(C(=O)Nc2cncc3ccccc23)CCOc2ccc(Cl)cc21)NCC(F)F,O=C(COCC[C@@]1(C(=O)Nc2cncc3ccccc23)CCOc2ccc(Cl)cc21)NCC(F)F,O=C(COCCC[C@@]1(C(=O)Nc2cncc3ccccc23)CCOc2ccc(Cl)cc21)NCC(F)F
O=C(CBr)Nc1cnccn1,EN300-105267,O=C(CO[C@@]1(C(=O)Nc2cncc3ccccc23)CCOc2ccc(Cl)cc21)Nc1cnccn1,O=C(COC[C@@]1(C(=O)Nc2cncc3ccccc23)CCOc2ccc(Cl)cc21)Nc1cnccn1,O=C(COCC[C@@]1(C(=O)Nc2cncc3ccccc23)CCOc2ccc(Cl)cc21)Nc1cnccn1,O=C(COCCC[C@@]1(C(=O)Nc2cncc3ccccc23)CCOc2ccc(Cl)cc21)Nc1cnccn1
CNC(=O)C(C)Cl,EN300-14459,CNC(=O)C(C)O[C@@]1(C(=O)Nc2cncc3ccccc23)CCOc2ccc(Cl)cc21,CNC(=O)C(C)OC[C@@]1(C(=O)Nc2cncc3ccccc23)CCOc2ccc(Cl)cc21,CNC(=O)C(C)OCC[C@@]1(C(=O)Nc2cncc3ccccc23)CCOc2ccc(Cl)cc21,CNC(=O)C(C)OCCC[C@@]1(C(=O)Nc2cncc3ccccc23)CCOc2ccc(Cl)cc21
O=C(CCl)NNC(=O)c1ccco1,EN300-10485,O=C(CO[C@@]1(C(=O)Nc2cncc3ccccc23)CCOc2ccc(Cl)cc21)NNC(=O)c1ccco1,O=C(COC[C@@]1(C(=O)Nc2cncc3ccccc23)CCOc2ccc(Cl)cc21)NNC(=O)c1ccco1,O=C(COCC[C@@]1(C(=O)Nc2cncc3ccccc23)CCOc2ccc(Cl)cc21)NNC(=O)c1ccco1,O=C(COCCC[C@@]1(C(=O)Nc2cncc3ccccc23)CCOc2ccc(Cl)cc21)NNC(=O)c1ccco1
CNS(=O)(=O)CCCCl,EN300-68875,CNS(=O)(=O)CCCO[C@@]1(C(=O)Nc2cncc3ccccc23)CCOc2ccc(Cl)cc21,CNS(=O)(=O)CCCOC[C@@]1(C(=O)Nc2cncc3ccccc23)CCOc2ccc(Cl)cc21,CNS(=O)(=O)CCCOCC[C@@]1(C(=O)Nc2cncc3ccccc23)CCOc2ccc(Cl)cc21,CNS(=O)(=O)CCCOCCC[C@@]1(C(=O)Nc2cncc3ccccc23)CCOc2ccc(Cl)cc21
O=C(CCl)N1CCC1,EN300-11195,O=C(CO[C@@]1(C(=O)Nc2cncc3ccccc23)CCOc2ccc(Cl)cc21)N1CCC1,O=C(COC[C@@]1(C(=O)Nc2cncc3ccccc23)CCOc2ccc(Cl)cc21)N1CCC1,O=C(COCC[C@@]1(C(=O)Nc2cncc3ccccc23)CCOc2ccc(Cl)cc21)N1CCC1,O=C(COCCC[C@@]1(C(=O)Nc2cncc3ccccc23)CCOc2ccc(Cl)cc21)N1CCC1
CCCNC(=O)CN(C)C(=O)CCl,EN300-12204,CCCNC(=O)CN(C)C(=O)CO[C@@]1(C(=O)Nc2cncc3ccccc23)CCOc2ccc(Cl)cc21,CCCNC(=O)CN(C)C(=O)COC[C@@]1(C(=O)Nc2cncc3ccccc23)CCOc2ccc(Cl)cc21,CCCNC(=O)CN(C)C(=O)COCC[C@@]1(C(=O)Nc2cncc3ccccc23)CCOc2ccc(Cl)cc21,CCCNC(=O)CN(C)C(=O)COCCC[C@@]1(C(=O)Nc2cncc3ccccc23)CCOc2ccc(Cl)cc21
CCS(=O)(=O)NCCCBr,EN300-116092,CCS(=O)(=O)NCCCO[C@@]1(C(=O)Nc2cncc3ccccc23)CCOc2ccc(Cl)cc21,CCS(=O)(=O)NCCCOC[C@@]1(C(=O)Nc2cncc3ccccc23)CCOc2ccc(Cl)cc21,CCS(=O)(=O)NCCCOCC[C@@]1(C(=O)Nc2cncc3ccccc23)CCOc2ccc(Cl)cc21,CCS(=O)(=O)NCCCOCCC[C@@]1(C(=O)Nc2cncc3ccccc23)CCOc2ccc(Cl)cc21
CC1(C)NC(=O)N(CCBr)C1=O,EN300-30824,CC1(C)NC(=O)N(CCO[C@@]2(C(=O)Nc3cncc4ccccc34)CCOc3ccc(Cl)cc32)C1=O,CC1(C)NC(=O)N(CCOC[C@@]2(C(=O)Nc3cncc4ccccc34)CCOc3ccc(Cl)cc32)C1=O,CC1(C)NC(=O)N(CCOCC[C@@]2(C(=O)Nc3cncc4ccccc34)CCOc3ccc(Cl)cc32)C1=O,CC1(C)NC(=O)N(CCOCCC[C@@]2(C(=O)Nc3cncc4ccccc34)CCOc3ccc(Cl)cc32)C1=O
NC(=O)NC(=O)CCCl,EN300-24427,NC(=O)NC(=O)CCO[C@@]1(C(=O)Nc2cncc3ccccc23)CCOc2ccc(Cl)cc21,NC(=O)NC(=O)CCOC[C@@]1(C(=O)Nc2cncc3ccccc23)CCOc2ccc(Cl)cc21,NC(=O)NC(=O)CCOCC[C@@]1(C(=O)Nc2cncc3ccccc23)CCOc2ccc(Cl)cc21,NC(=O)NC(=O)CCOCCC[C@@]1(C(=O)Nc2cncc3ccccc23)CCOc2ccc(Cl)cc21
CC(Cl)C(=O)NC1CCS(=O)(=O)C1,EN300-23318,CC(O[C@@]1(C(=O)Nc2cncc3ccccc23)CCOc2ccc(Cl)cc21)C(=O)NC1CCS(=O)(=O)C1,CC(OC[C@@]1(C(=O)Nc2cncc3ccccc23)CCOc2ccc(Cl)cc21)C(=O)NC1CCS(=O)(=O)C1,CC(OCC[C@@]1(C(=O)Nc2cncc3ccccc23)CCOc2ccc(Cl)cc21)C(=O)NC1CCS(=O)(=O)C1,CC(OCCC[C@@]1(C(=O)Nc2cncc3ccccc23)CCOc2ccc(Cl)cc21)C(=O)NC1CCS(=O)(=O)C1
NC(=O)C1CCCCN1C(=O)CCl,EN300-22879,NC(=O)C1CCCCN1C(=O)CO[C@@]1(C(=O)Nc2cncc3ccccc23)CCOc2ccc(Cl)cc21,NC(=O)C1CCCCN1C(=O)COC[C@@]1(C(=O)Nc2cncc3ccccc23)CCOc2ccc(Cl)cc21,NC(=O)C1CCCCN1C(=O)COCC[C@@]1(C(=O)Nc2cncc3ccccc23)CCOc2ccc(Cl)cc21,NC(=O)C1CCCCN1C(=O)COCCC[C@@]1(C(=O)Nc2cncc3ccccc23)CCOc2ccc(Cl)cc21
N#CCN(CC#N)C(=O)CCCl,EN300-60988,N#CCN(CC#N)C(=O)CCO[C@@]1(C(=O)Nc2cncc3ccccc23)CCOc2ccc(Cl)cc21,N#CCN(CC#N)C(=O)CCOC[C@@]1(C(=O)Nc2cncc3ccccc23)CCOc2ccc(Cl)cc21,N#CCN(CC#N)C(=O)CCOCC[C@@]1(C(=O)Nc2cncc3ccccc23)CCOc2ccc(Cl)cc21,N#CCN(CC#N)C(=O)CCOCCC[C@@]1(C(=O)Nc2cncc3ccccc23)CCOc2ccc(Cl)cc21
COC(=O)C(=O)C(C)Br,EN300-115517,COC(=O)C(=O)C(C)O[C@@]1(C(=O)Nc2cncc3ccccc23)CCOc2ccc(Cl)cc21,COC(=O)C(=O)C(C)OC[C@@]1(C(=O)Nc2cncc3ccccc23)CCOc2ccc(Cl)cc21,COC(=O)C(=O)C(C)OCC[C@@]1(C(=O)Nc2cncc3ccccc23)CCOc2ccc(Cl)cc21,COC(=O)C(=O)C(C)OCCC[C@@]1(C(=O)Nc2cncc3ccccc23)CCOc2ccc(Cl)cc21
O=C1CNC(=O)N1CCCl,EN300-69852,O=C1CNC(=O)N1CCO[C@@]1(C(=O)Nc2cncc3ccccc23)CCOc2ccc(Cl)cc21,O=C1CNC(=O)N1CCOC[C@@]1(C(=O)Nc2cncc3ccccc23)CCOc2ccc(Cl)cc21,O=C1CNC(=O)N1CCOCC[C@@]1(C(=O)Nc2cncc3ccccc23)CCOc2ccc(Cl)cc21,O=C1CNC(=O)N1CCOCCC[C@@]1(C(=O)Nc2cncc3ccccc23)CCOc2ccc(Cl)cc21
CC(Cl)C(=O)N1CCCC(C(N)=O)C1,EN300-28177,CC(O[C@@]1(C(=O)Nc2cncc3ccccc23)CCOc2ccc(Cl)cc21)C(=O)N1CCCC(C(N)=O)C1,CC(OC[C@@]1(C(=O)Nc2cncc3ccccc23)CCOc2ccc(Cl)cc21)C(=O)N1CCCC(C(N)=O)C1,CC(OCC[C@@]1(C(=O)Nc2cncc3ccccc23)CCOc2ccc(Cl)cc21)C(=O)N1CCCC(C(N)=O)C1,CC(OCCC[C@@]1(C(=O)Nc2cncc3ccccc23)CCOc2ccc(Cl)cc21)C(=O)N1CCCC(C(N)=O)C1
CC(C)NC(=O)NC(=O)CCl,EN300-04324,CC(C)NC(=O)NC(=O)CO[C@@]1(C(=O)Nc2cncc3ccccc23)CCOc2ccc(Cl)cc21,CC(C)NC(=O)NC(=O)COC[C@@]1(C(=O)Nc2cncc3ccccc23)CCOc2ccc(Cl)cc21,CC(C)NC(=O)NC(=O)COCC[C@@]1(C(=O)Nc2cncc3ccccc23)CCOc2ccc(Cl)cc21,CC(C)NC(=O)NC(=O)COCCC[C@@]1(C(=O)Nc2cncc3ccccc23)CCOc2ccc(Cl)cc21
CNC(=O)NC(=O)CCCl,EN300-29872,CNC(=O)NC(=O)CCO[C@@]1(C(=O)Nc2cncc3ccccc23)CCOc2ccc(Cl)cc21,CNC(=O)NC(=O)CCOC[C@@]1(C(=O)Nc2cncc3ccccc23)CCOc2ccc(Cl)cc21,CNC(=O)NC(=O)CCOCC[C@@]1(C(=O)Nc2cncc3ccccc23)CCOc2ccc(Cl)cc21,CNC(=O)NC(=O)CCOCCC[C@@]1(C(=O)Nc2cncc3ccccc23)CCOc2ccc(Cl)cc21
NC(=O)NC(=O)CCl,EN300-02061,NC(=O)NC(=O)CO[C@@]1(C(=O)Nc2cncc3ccccc23)CCOc2ccc(Cl)cc21,NC(=O)NC(=O)COC[C@@]1(C(=O)Nc2cncc3ccccc23)CCOc2ccc(Cl)cc21,NC(=O)NC(=O)COCC[C@@]1(C(=O)Nc2cncc3ccccc23)CCOc2ccc(Cl)cc21,NC(=O)NC(=O)COCCC[C@@]1(C(=O)Nc2cncc3ccccc23)CCOc2ccc(Cl)cc21
COC(=O)Cn1cc(CCCl)nn1,EN300-113710,COC(=O)Cn1cc(CCO[C@@]2(C(=O)Nc3cncc4ccccc34)CCOc3ccc(Cl)cc32)nn1,COC(=O)Cn1cc(CCOC[C@@]2(C(=O)Nc3cncc4ccccc34)CCOc3ccc(Cl)cc32)nn1,COC(=O)Cn1cc(CCOCC[C@@]2(C(=O)Nc3cncc4ccccc34)CCOc3ccc(Cl)cc32)nn1,COC(=O)Cn1cc(CCOCCC[C@@]2(C(=O)Nc3cncc4ccccc34)CCOc3ccc(Cl)cc32)nn1
O=S1(=O)CCCN1CCBr,EN300-114134,O=C(Nc1cncc2ccccc12)[C@]1(OCCN2CCCS2(=O)=O)CCOc2ccc(Cl)cc21,O=C(Nc1cncc2ccccc12)[C@]1(COCCN2CCCS2(=O)=O)CCOc2ccc(Cl)cc21,O=C(Nc1cncc2ccccc12)[C@]1(CCOCCN2CCCS2(=O)=O)CCOc2ccc(Cl)cc21,O=C(Nc1cncc2ccccc12)[C@]1(CCCOCCN2CCCS2(=O)=O)CCOc2ccc(Cl)cc21
Cn1cnnc1CCl,EN300-113112,Cn1cnnc1CO[C@@]1(C(=O)Nc2cncc3ccccc23)CCOc2ccc(Cl)cc21,Cn1cnnc1COC[C@@]1(C(=O)Nc2cncc3ccccc23)CCOc2ccc(Cl)cc21,Cn1cnnc1COCC[C@@]1(C(=O)Nc2cncc3ccccc23)CCOc2ccc(Cl)cc21,Cn1cnnc1COCCC[C@@]1(C(=O)Nc2cncc3ccccc23)CCOc2ccc(Cl)cc21
O=C1NCCCC1Br,EN300-107267,O=C1NCCCC1O[C@@]1(C(=O)Nc2cncc3ccccc23)CCOc2ccc(Cl)cc21,O=C1NCCCC1OC[C@@]1(C(=O)Nc2cncc3ccccc23)CCOc2ccc(Cl)cc21,O=C1NCCCC1OCC[C@@]1(C(=O)Nc2cncc3ccccc23)CCOc2ccc(Cl)cc21,O=C1NCCCC1OCCC[C@@]1(C(=O)Nc2cncc3ccccc23)CCOc2ccc(Cl)cc21
CS(=O)(=O)CCCBr,EN300-73984,CS(=O)(=O)CCCO[C@@]1(C(=O)Nc2cncc3ccccc23)CCOc2ccc(Cl)cc21,CS(=O)(=O)CCCOC[C@@]1(C(=O)Nc2cncc3ccccc23)CCOc2ccc(Cl)cc21,CS(=O)(=O)CCCOCC[C@@]1(C(=O)Nc2cncc3ccccc23)CCOc2ccc(Cl)cc21,CS(=O)(=O)CCCOCCC[C@@]1(C(=O)Nc2cncc3ccccc23)CCOc2ccc(Cl)cc21
CS(=O)(=O)NCCBr,EN300-71323,CS(=O)(=O)NCCO[C@@]1(C(=O)Nc2cncc3ccccc23)CCOc2ccc(Cl)cc21,CS(=O)(=O)NCCOC[C@@]1(C(=O)Nc2cncc3ccccc23)CCOc2ccc(Cl)cc21,CS(=O)(=O)NCCOCC[C@@]1(C(=O)Nc2cncc3ccccc23)CCOc2ccc(Cl)cc21,CS(=O)(=O)NCCOCCC[C@@]1(C(=O)Nc2cncc3ccccc23)CCOc2ccc(Cl)cc21
CS(=O)(=O)CCCI,EN300-97718,CS(=O)(=O)CCCO[C@@]1(C(=O)Nc2cncc3ccccc23)CCOc2ccc(Cl)cc21,CS(=O)(=O)CCCOC[C@@]1(C(=O)Nc2cncc3ccccc23)CCOc2ccc(Cl)cc21,CS(=O)(=O)CCCOCC[C@@]1(C(=O)Nc2cncc3ccccc23)CCOc2ccc(Cl)cc21,CS(=O)(=O)CCCOCCC[C@@]1(C(=O)Nc2cncc3ccccc23)CCOc2ccc(Cl)cc21
BrCC1COCCO1,EN300-101857,O=C(Nc1cncc2ccccc12)[C@]1(OCC2COCCO2)CCOc2ccc(Cl)cc21,O=C(Nc1cncc2ccccc12)[C@]1(COCC2COCCO2)CCOc2ccc(Cl)cc21,O=C(Nc1cncc2ccccc12)[C@]1(CCOCC2COCCO2)CCOc2ccc(Cl)cc21,O=C(Nc1cncc2ccccc12)[C@]1(CCCOCC2COCCO2)CCOc2ccc(Cl)cc21
COCCCS(=O)(=O)NCCBr,EN300-97453,COCCCS(=O)(=O)NCCO[C@@]1(C(=O)Nc2cncc3ccccc23)CCOc2ccc(Cl)cc21,COCCCS(=O)(=O)NCCOC[C@@]1(C(=O)Nc2cncc3ccccc23)CCOc2ccc(Cl)cc21,COCCCS(=O)(=O)NCCOCC[C@@]1(C(=O)Nc2cncc3ccccc23)CCOc2ccc(Cl)cc21,COCCCS(=O)(=O)NCCOCCC[C@@]1(C(=O)Nc2cncc3ccccc23)CCOc2ccc(Cl)cc21
ClCc1nc(-c2nc[nH]n2)no1,EN300-92031,O=C(Nc1cncc2ccccc12)[C@]1(OCc2nc(-c3nc[nH]n3)no2)CCOc2ccc(Cl)cc21,O=C(Nc1cncc2ccccc12)[C@]1(COCc2nc(-c3nc[nH]n3)no2)CCOc2ccc(Cl)cc21,O=C(Nc1cncc2ccccc12)[C@]1(CCOCc2nc(-c3nc[nH]n3)no2)CCOc2ccc(Cl)cc21,O=C(Nc1cncc2ccccc12)[C@]1(CCCOCc2nc(-c3nc[nH]n3)no2)CCOc2ccc(Cl)cc21
Cn1cc(S(=O)(=O)NCCBr)cn1,EN300-95598,Cn1cc(S(=O)(=O)NCCO[C@@]2(C(=O)Nc3cncc4ccccc34)CCOc3ccc(Cl)cc32)cn1,Cn1cc(S(=O)(=O)NCCOC[C@@]2(C(=O)Nc3cncc4ccccc34)CCOc3ccc(Cl)cc32)cn1,Cn1cc(S(=O)(=O)NCCOCC[C@@]2(C(=O)Nc3cncc4ccccc34)CCOc3ccc(Cl)cc32)cn1,Cn1cc(S(=O)(=O)NCCOCCC[C@@]2(C(=O)Nc3cncc4ccccc34)CCOc3ccc(Cl)cc32)cn1
CS(=O)(=O)Cc1noc(CCl)n1,EN300-94900,CS(=O)(=O)Cc1noc(CO[C@@]2(C(=O)Nc3cncc4ccccc34)CCOc3ccc(Cl)cc32)n1,CS(=O)(=O)Cc1noc(COC[C@@]2(C(=O)Nc3cncc4ccccc34)CCOc3ccc(Cl)cc32)n1,CS(=O)(=O)Cc1noc(COCC[C@@]2(C(=O)Nc3cncc4ccccc34)CCOc3ccc(Cl)cc32)n1,CS(=O)(=O)Cc1noc(COCCC[C@@]2(C(=O)Nc3cncc4ccccc34)CCOc3ccc(Cl)cc32)n1
CCOCCNC(=O)CBr,EN300-103187,CCOCCNC(=O)CO[C@@]1(C(=O)Nc2cncc3ccccc23)CCOc2ccc(Cl)cc21,CCOCCNC(=O)COC[C@@]1(C(=O)Nc2cncc3ccccc23)CCOc2ccc(Cl)cc21,CCOCCNC(=O)COCC[C@@]1(C(=O)Nc2cncc3ccccc23)CCOc2ccc(Cl)cc21,CCOCCNC(=O)COCCC[C@@]1(C(=O)Nc2cncc3ccccc23)CCOc2ccc(Cl)cc21
NS(=O)(=O)CCCBr,EN300-79588,NS(=O)(=O)CCCO[C@@]1(C(=O)Nc2cncc3ccccc23)CCOc2ccc(Cl)cc21,NS(=O)(=O)CCCOC[C@@]1(C(=O)Nc2cncc3ccccc23)CCOc2ccc(Cl)cc21,NS(=O)(=O)CCCOCC[C@@]1(C(=O)Nc2cncc3ccccc23)CCOc2ccc(Cl)cc21,NS(=O)(=O)CCCOCCC[C@@]1(C(=O)Nc2cncc3ccccc23)CCOc2ccc(Cl)cc21
O=C1NCCC1Br,EN300-75540,O=C1NCCC1O[C@@]1(C(=O)Nc2cncc3ccccc23)CCOc2ccc(Cl)cc21,O=C1NCCC1OC[C@@]1(C(=O)Nc2cncc3ccccc23)CCOc2ccc(Cl)cc21,O=C1NCCC1OCC[C@@]1(C(=O)Nc2cncc3ccccc23)CCOc2ccc(Cl)cc21,O=C1NCCC1OCCC[C@@]1(C(=O)Nc2cncc3ccccc23)CCOc2ccc(Cl)cc21
CN1CCC(Br)C1=O,EN300-77436,CN1CCC(O[C@@]2(C(=O)Nc3cncc4ccccc34)CCOc3ccc(Cl)cc32)C1=O,CN1CCC(OC[C@@]2(C(=O)Nc3cncc4ccccc34)CCOc3ccc(Cl)cc32)C1=O,CN1CCC(OCC[C@@]2(C(=O)Nc3cncc4ccccc34)CCOc3ccc(Cl)cc32)C1=O,CN1CCC(OCCC[C@@]2(C(=O)Nc3cncc4ccccc34)CCOc3ccc(Cl)cc32)C1=O
CCC(=O)NNC(=O)C(C)Cl,EN300-74390,CCC(=O)NNC(=O)C(C)O[C@@]1(C(=O)Nc2cncc3ccccc23)CCOc2ccc(Cl)cc21,CCC(=O)NNC(=O)C(C)OC[C@@]1(C(=O)Nc2cncc3ccccc23)CCOc2ccc(Cl)cc21,CCC(=O)NNC(=O)C(C)OCC[C@@]1(C(=O)Nc2cncc3ccccc23)CCOc2ccc(Cl)cc21,CCC(=O)NNC(=O)C(C)OCCC[C@@]1(C(=O)Nc2cncc3ccccc23)CCOc2ccc(Cl)cc21
CCOC(=O)CN(C)C(=O)CCl,EN300-74239,CCOC(=O)CN(C)C(=O)CO[C@@]1(C(=O)Nc2cncc3ccccc23)CCOc2ccc(Cl)cc21,CCOC(=O)CN(C)C(=O)COC[C@@]1(C(=O)Nc2cncc3ccccc23)CCOc2ccc(Cl)cc21,CCOC(=O)CN(C)C(=O)COCC[C@@]1(C(=O)Nc2cncc3ccccc23)CCOc2ccc(Cl)cc21,CCOC(=O)CN(C)C(=O)COCCC[C@@]1(C(=O)Nc2cncc3ccccc23)CCOc2ccc(Cl)cc21
CN(C)S(=O)(=O)CCCCl,EN300-66432,CN(C)S(=O)(=O)CCCO[C@@]1(C(=O)Nc2cncc3ccccc23)CCOc2ccc(Cl)cc21,CN(C)S(=O)(=O)CCCOC[C@@]1(C(=O)Nc2cncc3ccccc23)CCOc2ccc(Cl)cc21,CN(C)S(=O)(=O)CCCOCC[C@@]1(C(=O)Nc2cncc3ccccc23)CCOc2ccc(Cl)cc21,CN(C)S(=O)(=O)CCCOCCC[C@@]1(C(=O)Nc2cncc3ccccc23)CCOc2ccc(Cl)cc21
NS(=O)(=O)CCCCl,EN300-66521,NS(=O)(=O)CCCO[C@@]1(C(=O)Nc2cncc3ccccc23)CCOc2ccc(Cl)cc21,NS(=O)(=O)CCCOC[C@@]1(C(=O)Nc2cncc3ccccc23)CCOc2ccc(Cl)cc21,NS(=O)(=O)CCCOCC[C@@]1(C(=O)Nc2cncc3ccccc23)CCOc2ccc(Cl)cc21,NS(=O)(=O)CCCOCCC[C@@]1(C(=O)Nc2cncc3ccccc23)CCOc2ccc(Cl)cc21
CCS(=O)(=O)NCCBr,EN300-73582,CCS(=O)(=O)NCCO[C@@]1(C(=O)Nc2cncc3ccccc23)CCOc2ccc(Cl)cc21,CCS(=O)(=O)NCCOC[C@@]1(C(=O)Nc2cncc3ccccc23)CCOc2ccc(Cl)cc21,CCS(=O)(=O)NCCOCC[C@@]1(C(=O)Nc2cncc3ccccc23)CCOc2ccc(Cl)cc21,CCS(=O)(=O)NCCOCCC[C@@]1(C(=O)Nc2cncc3ccccc23)CCOc2ccc(Cl)cc21
BrCCN1CCOCC1,EN300-73399,O=C(Nc1cncc2ccccc12)[C@]1(OCCN2CCOCC2)CCOc2ccc(Cl)cc21,O=C(Nc1cncc2ccccc12)[C@]1(COCCN2CCOCC2)CCOc2ccc(Cl)cc21,O=C(Nc1cncc2ccccc12)[C@]1(CCOCCN2CCOCC2)CCOc2ccc(Cl)cc21,O=C(Nc1cncc2ccccc12)[C@]1(CCCOCCN2CCOCC2)CCOc2ccc(Cl)cc21
CCC(Br)C(N)=O,EN300-65839,CCC(O[C@@]1(C(=O)Nc2cncc3ccccc23)CCOc2ccc(Cl)cc21)C(N)=O,CCC(OC[C@@]1(C(=O)Nc2cncc3ccccc23)CCOc2ccc(Cl)cc21)C(N)=O,CCC(OCC[C@@]1(C(=O)Nc2cncc3ccccc23)CCOc2ccc(Cl)cc21)C(N)=O,CCC(OCCC[C@@]1(C(=O)Nc2cncc3ccccc23)CCOc2ccc(Cl)cc21)C(N)=O
O=C(CCl)NC1CCOCC1,EN300-67573,O=C(CO[C@@]1(C(=O)Nc2cncc3ccccc23)CCOc2ccc(Cl)cc21)NC1CCOCC1,O=C(COC[C@@]1(C(=O)Nc2cncc3ccccc23)CCOc2ccc(Cl)cc21)NC1CCOCC1,O=C(COCC[C@@]1(C(=O)Nc2cncc3ccccc23)CCOc2ccc(Cl)cc21)NC1CCOCC1,O=C(COCCC[C@@]1(C(=O)Nc2cncc3ccccc23)CCOc2ccc(Cl)cc21)NC1CCOCC1
Cn1c(CCl)nc2c1c(=O)[nH]c(=O)n2C,EN300-52589,Cn1c(CO[C@@]2(C(=O)Nc3cncc4ccccc34)CCOc3ccc(Cl)cc32)nc2c1c(=O)[nH]c(=O)n2C,Cn1c(COC[C@@]2(C(=O)Nc3cncc4ccccc34)CCOc3ccc(Cl)cc32)nc2c1c(=O)[nH]c(=O)n2C,Cn1c(COCC[C@@]2(C(=O)Nc3cncc4ccccc34)CCOc3ccc(Cl)cc32)nc2c1c(=O)[nH]c(=O)n2C,Cn1c(COCCC[C@@]2(C(=O)Nc3cncc4ccccc34)CCOc3ccc(Cl)cc32)nc2c1c(=O)[nH]c(=O)n2C
Cn1ncc2c(=O)[nH]c(CCl)nc21,EN300-44149,Cn1ncc2c(=O)[nH]c(CO[C@@]3(C(=O)Nc4cncc5ccccc45)CCOc4ccc(Cl)cc43)nc21,Cn1ncc2c(=O)[nH]c(COC[C@@]3(C(=O)Nc4cncc5ccccc45)CCOc4ccc(Cl)cc43)nc21,Cn1ncc2c(=O)[nH]c(COCC[C@@]3(C(=O)Nc4cncc5ccccc45)CCOc4ccc(Cl)cc43)nc21,Cn1ncc2c(=O)[nH]c(COCCC[C@@]3(C(=O)Nc4cncc5ccccc45)CCOc4ccc(Cl)cc43)nc21
CNC(=O)C1CCCN1C(=O)CCl,EN300-48902,CNC(=O)C1CCCN1C(=O)CO[C@@]1(C(=O)Nc2cncc3ccccc23)CCOc2ccc(Cl)cc21,CNC(=O)C1CCCN1C(=O)COC[C@@]1(C(=O)Nc2cncc3ccccc23)CCOc2ccc(Cl)cc21,CNC(=O)C1CCCN1C(=O)COCC[C@@]1(C(=O)Nc2cncc3ccccc23)CCOc2ccc(Cl)cc21,CNC(=O)C1CCCN1C(=O)COCCC[C@@]1(C(=O)Nc2cncc3ccccc23)CCOc2ccc(Cl)cc21
CC(NC(=O)CCl)C(=O)N(C)C,EN300-47657,CC(NC(=O)CO[C@@]1(C(=O)Nc2cncc3ccccc23)CCOc2ccc(Cl)cc21)C(=O)N(C)C,CC(NC(=O)COC[C@@]1(C(=O)Nc2cncc3ccccc23)CCOc2ccc(Cl)cc21)C(=O)N(C)C,CC(NC(=O)COCC[C@@]1(C(=O)Nc2cncc3ccccc23)CCOc2ccc(Cl)cc21)C(=O)N(C)C,CC(NC(=O)COCCC[C@@]1(C(=O)Nc2cncc3ccccc23)CCOc2ccc(Cl)cc21)C(=O)N(C)C
CNC(=O)Cn1cc(NC(=O)CCl)cn1,EN300-48861,CNC(=O)Cn1cc(NC(=O)CO[C@@]2(C(=O)Nc3cncc4ccccc34)CCOc3ccc(Cl)cc32)cn1,CNC(=O)Cn1cc(NC(=O)COC[C@@]2(C(=O)Nc3cncc4ccccc34)CCOc3ccc(Cl)cc32)cn1,CNC(=O)Cn1cc(NC(=O)COCC[C@@]2(C(=O)Nc3cncc4ccccc34)CCOc3ccc(Cl)cc32)cn1,CNC(=O)Cn1cc(NC(=O)COCCC[C@@]2(C(=O)Nc3cncc4ccccc34)CCOc3ccc(Cl)cc32)cn1
O=C(CCl)NCC1CCS(=O)(=O)C1,EN300-47606,O=C(CO[C@@]1(C(=O)Nc2cncc3ccccc23)CCOc2ccc(Cl)cc21)NCC1CCS(=O)(=O)C1,O=C(COC[C@@]1(C(=O)Nc2cncc3ccccc23)CCOc2ccc(Cl)cc21)NCC1CCS(=O)(=O)C1,O=C(COCC[C@@]1(C(=O)Nc2cncc3ccccc23)CCOc2ccc(Cl)cc21)NCC1CCS(=O)(=O)C1,O=C(COCCC[C@@]1(C(=O)Nc2cncc3ccccc23)CCOc2ccc(Cl)cc21)NCC1CCS(=O)(=O)C1
O=C(CCl)N1CCN(C(=O)C2CC2)CC1,EN300-47046,O=C(CO[C@@]1(C(=O)Nc2cncc3ccccc23)CCOc2ccc(Cl)cc21)N1CCN(C(=O)C2CC2)CC1,O=C(COC[C@@]1(C(=O)Nc2cncc3ccccc23)CCOc2ccc(Cl)cc21)N1CCN(C(=O)C2CC2)CC1,O=C(COCC[C@@]1(C(=O)Nc2cncc3ccccc23)CCOc2ccc(Cl)cc21)N1CCN(C(=O)C2CC2)CC1,O=C(COCCC[C@@]1(C(=O)Nc2cncc3ccccc23)CCOc2ccc(Cl)cc21)N1CCN(C(=O)C2CC2)CC1
O=C(CCl)N1CCC2(CC1)OCCO2,EN300-47209,O=C(CO[C@@]1(C(=O)Nc2cncc3ccccc23)CCOc2ccc(Cl)cc21)N1CCC2(CC1)OCCO2,O=C(COC[C@@]1(C(=O)Nc2cncc3ccccc23)CCOc2ccc(Cl)cc21)N1CCC2(CC1)OCCO2,O=C(COCC[C@@]1(C(=O)Nc2cncc3ccccc23)CCOc2ccc(Cl)cc21)N1CCC2(CC1)OCCO2,O=C(COCCC[C@@]1(C(=O)Nc2cncc3ccccc23)CCOc2ccc(Cl)cc21)N1CCC2(CC1)OCCO2
CNC(=O)C1CCN(C(=O)CCl)CC1,EN300-48680,CNC(=O)C1CCN(C(=O)CO[C@@]2(C(=O)Nc3cncc4ccccc34)CCOc3ccc(Cl)cc32)CC1,CNC(=O)C1CCN(C(=O)COC[C@@]2(C(=O)Nc3cncc4ccccc34)CCOc3ccc(Cl)cc32)CC1,CNC(=O)C1CCN(C(=O)COCC[C@@]2(C(=O)Nc3cncc4ccccc34)CCOc3ccc(Cl)cc32)CC1,CNC(=O)C1CCN(C(=O)COCCC[C@@]2(C(=O)Nc3cncc4ccccc34)CCOc3ccc(Cl)cc32)CC1
O=C(CCl)NCC1CCOC1,EN300-46832,O=C(CO[C@@]1(C(=O)Nc2cncc3ccccc23)CCOc2ccc(Cl)cc21)NCC1CCOC1,O=C(COC[C@@]1(C(=O)Nc2cncc3ccccc23)CCOc2ccc(Cl)cc21)NCC1CCOC1,O=C(COCC[C@@]1(C(=O)Nc2cncc3ccccc23)CCOc2ccc(Cl)cc21)NCC1CCOC1,O=C(COCCC[C@@]1(C(=O)Nc2cncc3ccccc23)CCOc2ccc(Cl)cc21)NCC1CCOC1
CC(=O)NC1CCCN(C(=O)CCl)C1,EN300-48886,CC(=O)NC1CCCN(C(=O)CO[C@@]2(C(=O)Nc3cncc4ccccc34)CCOc3ccc(Cl)cc32)C1,CC(=O)NC1CCCN(C(=O)COC[C@@]2(C(=O)Nc3cncc4ccccc34)CCOc3ccc(Cl)cc32)C1,CC(=O)NC1CCCN(C(=O)COCC[C@@]2(C(=O)Nc3cncc4ccccc34)CCOc3ccc(Cl)cc32)C1,CC(=O)NC1CCCN(C(=O)COCCC[C@@]2(C(=O)Nc3cncc4ccccc34)CCOc3ccc(Cl)cc32)C1
Cn1cc(C(=O)CCl)cc1C(N)=O,EN300-35592,Cn1cc(C(=O)CO[C@@]2(C(=O)Nc3cncc4ccccc34)CCOc3ccc(Cl)cc32)cc1C(N)=O,Cn1cc(C(=O)COC[C@@]2(C(=O)Nc3cncc4ccccc34)CCOc3ccc(Cl)cc32)cc1C(N)=O,Cn1cc(C(=O)COCC[C@@]2(C(=O)Nc3cncc4ccccc34)CCOc3ccc(Cl)cc32)cc1C(N)=O,Cn1cc(C(=O)COCCC[C@@]2(C(=O)Nc3cncc4ccccc34)CCOc3ccc(Cl)cc32)cc1C(N)=O
CN(CC(=O)NC1CC1)C(=O)CCl,EN300-13668,CN(CC(=O)NC1CC1)C(=O)CO[C@@]1(C(=O)Nc2cncc3ccccc23)CCOc2ccc(Cl)cc21,CN(CC(=O)NC1CC1)C(=O)COC[C@@]1(C(=O)Nc2cncc3ccccc23)CCOc2ccc(Cl)cc21,CN(CC(=O)NC1CC1)C(=O)COCC[C@@]1(C(=O)Nc2cncc3ccccc23)CCOc2ccc(Cl)cc21,CN(CC(=O)NC1CC1)C(=O)COCCC[C@@]1(C(=O)Nc2cncc3ccccc23)CCOc2ccc(Cl)cc21
CN(C(=O)CCl)C1CCS(=O)(=O)C1,EN300-05841,CN(C(=O)CO[C@@]1(C(=O)Nc2cncc3ccccc23)CCOc2ccc(Cl)cc21)C1CCS(=O)(=O)C1,CN(C(=O)COC[C@@]1(C(=O)Nc2cncc3ccccc23)CCOc2ccc(Cl)cc21)C1CCS(=O)(=O)C1,CN(C(=O)COCC[C@@]1(C(=O)Nc2cncc3ccccc23)CCOc2ccc(Cl)cc21)C1CCS(=O)(=O)C1,CN(C(=O)COCCC[C@@]1(C(=O)Nc2cncc3ccccc23)CCOc2ccc(Cl)cc21)C1CCS(=O)(=O)C1
CC(=O)NCCNC(=O)CCl,EN300-23129,CC(=O)NCCNC(=O)CO[C@@]1(C(=O)Nc2cncc3ccccc23)CCOc2ccc(Cl)cc21,CC(=O)NCCNC(=O)COC[C@@]1(C(=O)Nc2cncc3ccccc23)CCOc2ccc(Cl)cc21,CC(=O)NCCNC(=O)COCC[C@@]1(C(=O)Nc2cncc3ccccc23)CCOc2ccc(Cl)cc21,CC(=O)NCCNC(=O)COCCC[C@@]1(C(=O)Nc2cncc3ccccc23)CCOc2ccc(Cl)cc21
C=CCNC(=O)NC(=O)C(C)Cl,EN300-29336,C=CCNC(=O)NC(=O)C(C)O[C@@]1(C(=O)Nc2cncc3ccccc23)CCOc2ccc(Cl)cc21,C=CCNC(=O)NC(=O)C(C)OC[C@@]1(C(=O)Nc2cncc3ccccc23)CCOc2ccc(Cl)cc21,C=CCNC(=O)NC(=O)C(C)OCC[C@@]1(C(=O)Nc2cncc3ccccc23)CCOc2ccc(Cl)cc21,C=CCNC(=O)NC(=O)C(C)OCCC[C@@]1(C(=O)Nc2cncc3ccccc23)CCOc2ccc(Cl)cc21
CNC(=O)CNC(=O)CCl,EN300-23223,CNC(=O)CNC(=O)CO[C@@]1(C(=O)Nc2cncc3ccccc23)CCOc2ccc(Cl)cc21,CNC(=O)CNC(=O)COC[C@@]1(C(=O)Nc2cncc3ccccc23)CCOc2ccc(Cl)cc21,CNC(=O)CNC(=O)COCC[C@@]1(C(=O)Nc2cncc3ccccc23)CCOc2ccc(Cl)cc21,CNC(=O)CNC(=O)COCCC[C@@]1(C(=O)Nc2cncc3ccccc23)CCOc2ccc(Cl)cc21
O=C(CCl)NC(=O)NCC(F)(F)F,EN300-14712,O=C(CO[C@@]1(C(=O)Nc2cncc3ccccc23)CCOc2ccc(Cl)cc21)NC(=O)NCC(F)(F)F,O=C(COC[C@@]1(C(=O)Nc2cncc3ccccc23)CCOc2ccc(Cl)cc21)NC(=O)NCC(F)(F)F,O=C(COCC[C@@]1(C(=O)Nc2cncc3ccccc23)CCOc2ccc(Cl)cc21)NC(=O)NCC(F)(F)F,O=C(COCCC[C@@]1(C(=O)Nc2cncc3ccccc23)CCOc2ccc(Cl)cc21)NC(=O)NCC(F)(F)F
CCCNC(=O)C(C)NC(=O)CCl,EN300-23214,CCCNC(=O)C(C)NC(=O)CO[C@@]1(C(=O)Nc2cncc3ccccc23)CCOc2ccc(Cl)cc21,CCCNC(=O)C(C)NC(=O)COC[C@@]1(C(=O)Nc2cncc3ccccc23)CCOc2ccc(Cl)cc21,CCCNC(=O)C(C)NC(=O)COCC[C@@]1(C(=O)Nc2cncc3ccccc23)CCOc2ccc(Cl)cc21,CCCNC(=O)C(C)NC(=O)COCCC[C@@]1(C(=O)Nc2cncc3ccccc23)CCOc2ccc(Cl)cc21
O=C1CCC(=O)N1CCBr,EN300-30700,O=C1CCC(=O)N1CCO[C@@]1(C(=O)Nc2cncc3ccccc23)CCOc2ccc(Cl)cc21,O=C1CCC(=O)N1CCOC[C@@]1(C(=O)Nc2cncc3ccccc23)CCOc2ccc(Cl)cc21,O=C1CCC(=O)N1CCOCC[C@@]1(C(=O)Nc2cncc3ccccc23)CCOc2ccc(Cl)cc21,O=C1CCC(=O)N1CCOCCC[C@@]1(C(=O)Nc2cncc3ccccc23)CCOc2ccc(Cl)cc21
O=C1CNC(=O)N1CCBr,EN300-30712,O=C1CNC(=O)N1CCO[C@@]1(C(=O)Nc2cncc3ccccc23)CCOc2ccc(Cl)cc21,O=C1CNC(=O)N1CCOC[C@@]1(C(=O)Nc2cncc3ccccc23)CCOc2ccc(Cl)cc21,O=C1CNC(=O)N1CCOCC[C@@]1(C(=O)Nc2cncc3ccccc23)CCOc2ccc(Cl)cc21,O=C1CNC(=O)N1CCOCCC[C@@]1(C(=O)Nc2cncc3ccccc23)CCOc2ccc(Cl)cc21
Cn1c(=O)c2nc(CCl)[nH]c2n(C)c1=O,EN300-31037,Cn1c(=O)c2nc(CO[C@@]3(C(=O)Nc4cncc5ccccc45)CCOc4ccc(Cl)cc43)[nH]c2n(C)c1=O,Cn1c(=O)c2nc(COC[C@@]3(C(=O)Nc4cncc5ccccc45)CCOc4ccc(Cl)cc43)[nH]c2n(C)c1=O,Cn1c(=O)c2nc(COCC[C@@]3(C(=O)Nc4cncc5ccccc45)CCOc4ccc(Cl)cc43)[nH]c2n(C)c1=O,Cn1c(=O)c2nc(COCCC[C@@]3(C(=O)Nc4cncc5ccccc45)CCOc4ccc(Cl)cc43)[nH]c2n(C)c1=O
CNC(=O)NC(=O)CCl,EN300-05374,CNC(=O)NC(=O)CO[C@@]1(C(=O)Nc2cncc3ccccc23)CCOc2ccc(Cl)cc21,CNC(=O)NC(=O)COC[C@@]1(C(=O)Nc2cncc3ccccc23)CCOc2ccc(Cl)cc21,CNC(=O)NC(=O)COCC[C@@]1(C(=O)Nc2cncc3ccccc23)CCOc2ccc(Cl)cc21,CNC(=O)NC(=O)COCCC[C@@]1(C(=O)Nc2cncc3ccccc23)CCOc2ccc(Cl)cc21
COCC(C)NC(=O)NC(=O)CCl,EN300-22490,COCC(C)NC(=O)NC(=O)CO[C@@]1(C(=O)Nc2cncc3ccccc23)CCOc2ccc(Cl)cc21,COCC(C)NC(=O)NC(=O)COC[C@@]1(C(=O)Nc2cncc3ccccc23)CCOc2ccc(Cl)cc21,COCC(C)NC(=O)NC(=O)COCC[C@@]1(C(=O)Nc2cncc3ccccc23)CCOc2ccc(Cl)cc21,COCC(C)NC(=O)NC(=O)COCCC[C@@]1(C(=O)Nc2cncc3ccccc23)CCOc2ccc(Cl)cc21
COC(=O)CCNC(=O)CCl,EN300-23110,COC(=O)CCNC(=O)CO[C@@]1(C(=O)Nc2cncc3ccccc23)CCOc2ccc(Cl)cc21,COC(=O)CCNC(=O)COC[C@@]1(C(=O)Nc2cncc3ccccc23)CCOc2ccc(Cl)cc21,COC(=O)CCNC(=O)COCC[C@@]1(C(=O)Nc2cncc3ccccc23)CCOc2ccc(Cl)cc21,COC(=O)CCNC(=O)COCCC[C@@]1(C(=O)Nc2cncc3ccccc23)CCOc2ccc(Cl)cc21
COC(=O)CCCNC(=O)CCl,EN300-23133,COC(=O)CCCNC(=O)CO[C@@]1(C(=O)Nc2cncc3ccccc23)CCOc2ccc(Cl)cc21,COC(=O)CCCNC(=O)COC[C@@]1(C(=O)Nc2cncc3ccccc23)CCOc2ccc(Cl)cc21,COC(=O)CCCNC(=O)COCC[C@@]1(C(=O)Nc2cncc3ccccc23)CCOc2ccc(Cl)cc21,COC(=O)CCCNC(=O)COCCC[C@@]1(C(=O)Nc2cncc3ccccc23)CCOc2ccc(Cl)cc21
N#CCNC(=O)CCl,EN300-28347,N#CCNC(=O)CO[C@@]1(C(=O)Nc2cncc3ccccc23)CCOc2ccc(Cl)cc21,N#CCNC(=O)COC[C@@]1(C(=O)Nc2cncc3ccccc23)CCOc2ccc(Cl)cc21,N#CCNC(=O)COCC[C@@]1(C(=O)Nc2cncc3ccccc23)CCOc2ccc(Cl)cc21,N#CCNC(=O)COCCC[C@@]1(C(=O)Nc2cncc3ccccc23)CCOc2ccc(Cl)cc21
O=C(CCl)NCC(=O)N1CCCC1,EN300-28340,O=C(CO[C@@]1(C(=O)Nc2cncc3ccccc23)CCOc2ccc(Cl)cc21)NCC(=O)N1CCCC1,O=C(COC[C@@]1(C(=O)Nc2cncc3ccccc23)CCOc2ccc(Cl)cc21)NCC(=O)N1CCCC1,O=C(COCC[C@@]1(C(=O)Nc2cncc3ccccc23)CCOc2ccc(Cl)cc21)NCC(=O)N1CCCC1,O=C(COCCC[C@@]1(C(=O)Nc2cncc3ccccc23)CCOc2ccc(Cl)cc21)NCC(=O)N1CCCC1
CN(CC(=O)NC(C)(C)C)C(=O)CCl,EN300-23019,CN(CC(=O)NC(C)(C)C)C(=O)CO[C@@]1(C(=O)Nc2cncc3ccccc23)CCOc2ccc(Cl)cc21,CN(CC(=O)NC(C)(C)C)C(=O)COC[C@@]1(C(=O)Nc2cncc3ccccc23)CCOc2ccc(Cl)cc21,CN(CC(=O)NC(C)(C)C)C(=O)COCC[C@@]1(C(=O)Nc2cncc3ccccc23)CCOc2ccc(Cl)cc21,CN(CC(=O)NC(C)(C)C)C(=O)COCCC[C@@]1(C(=O)Nc2cncc3ccccc23)CCOc2ccc(Cl)cc21
CC(Cl)C(=O)NC(=O)NC1CC1,EN300-24278,CC(O[C@@]1(C(=O)Nc2cncc3ccccc23)CCOc2ccc(Cl)cc21)C(=O)NC(=O)NC1CC1,CC(OC[C@@]1(C(=O)Nc2cncc3ccccc23)CCOc2ccc(Cl)cc21)C(=O)NC(=O)NC1CC1,CC(OCC[C@@]1(C(=O)Nc2cncc3ccccc23)CCOc2ccc(Cl)cc21)C(=O)NC(=O)NC1CC1,CC(OCCC[C@@]1(C(=O)Nc2cncc3ccccc23)CCOc2ccc(Cl)cc21)C(=O)NC(=O)NC1CC1
CC(Cl)C(=O)N(C)C,EN300-14458,CC(O[C@@]1(C(=O)Nc2cncc3ccccc23)CCOc2ccc(Cl)cc21)C(=O)N(C)C,CC(OC[C@@]1(C(=O)Nc2cncc3ccccc23)CCOc2ccc(Cl)cc21)C(=O)N(C)C,CC(OCC[C@@]1(C(=O)Nc2cncc3ccccc23)CCOc2ccc(Cl)cc21)C(=O)N(C)C,CC(OCCC[C@@]1(C(=O)Nc2cncc3ccccc23)CCOc2ccc(Cl)cc21)C(=O)N(C)C
CC1CN(C(=O)CCl)CCO1,EN300-25572,CC1CN(C(=O)CO[C@@]2(C(=O)Nc3cncc4ccccc34)CCOc3ccc(Cl)cc32)CCO1,CC1CN(C(=O)COC[C@@]2(C(=O)Nc3cncc4ccccc34)CCOc3ccc(Cl)cc32)CCO1,CC1CN(C(=O)COCC[C@@]2(C(=O)Nc3cncc4ccccc34)CCOc3ccc(Cl)cc32)CCO1,CC1CN(C(=O)COCCC[C@@]2(C(=O)Nc3cncc4ccccc34)CCOc3ccc(Cl)cc32)CCO1
CC(Cl)C(=O)NC(N)=O,EN300-05997,CC(O[C@@]1(C(=O)Nc2cncc3ccccc23)CCOc2ccc(Cl)cc21)C(=O)NC(N)=O,CC(OC[C@@]1(C(=O)Nc2cncc3ccccc23)CCOc2ccc(Cl)cc21)C(=O)NC(N)=O,CC(OCC[C@@]1(C(=O)Nc2cncc3ccccc23)CCOc2ccc(Cl)cc21)C(=O)NC(N)=O,CC(OCCC[C@@]1(C(=O)Nc2cncc3ccccc23)CCOc2ccc(Cl)cc21)C(=O)NC(N)=O
BrCC1OCCO1,EN300-77092,O=C(Nc1cncc2ccccc12)[C@]1(OCC2OCCO2)CCOc2ccc(Cl)cc21,O=C(Nc1cncc2ccccc12)[C@]1(COCC2OCCO2)CCOc2ccc(Cl)cc21,O=C(Nc1cncc2ccccc12)[C@]1(CCOCC2OCCO2)CCOc2ccc(Cl)cc21,O=C(Nc1cncc2ccccc12)[C@]1(CCCOCC2OCCO2)CCOc2ccc(Cl)cc21
O=C(CCl)NC(=O)NC1CC1,EN300-10480,O=C(CO[C@@]1(C(=O)Nc2cncc3ccccc23)CCOc2ccc(Cl)cc21)NC(=O)NC1CC1,O=C(COC[C@@]1(C(=O)Nc2cncc3ccccc23)CCOc2ccc(Cl)cc21)NC(=O)NC1CC1,O=C(COCC[C@@]1(C(=O)Nc2cncc3ccccc23)CCOc2ccc(Cl)cc21)NC(=O)NC1CC1,O=C(COCCC[C@@]1(C(=O)Nc2cncc3ccccc23)CCOc2ccc(Cl)cc21)NC(=O)NC1CC1
CC(Cl)C(=O)N1CCNC1=O,EN300-14512,CC(O[C@@]1(C(=O)Nc2cncc3ccccc23)CCOc2ccc(Cl)cc21)C(=O)N1CCNC1=O,CC(OC[C@@]1(C(=O)Nc2cncc3ccccc23)CCOc2ccc(Cl)cc21)C(=O)N1CCNC1=O,CC(OCC[C@@]1(C(=O)Nc2cncc3ccccc23)CCOc2ccc(Cl)cc21)C(=O)N1CCNC1=O,CC(OCCC[C@@]1(C(=O)Nc2cncc3ccccc23)CCOc2ccc(Cl)cc21)C(=O)N1CCNC1=O
CC(=O)N1CCC(NC(=O)CCl)CC1,EN300-23226,CC(=O)N1CCC(NC(=O)CO[C@@]2(C(=O)Nc3cncc4ccccc34)CCOc3ccc(Cl)cc32)CC1,CC(=O)N1CCC(NC(=O)COC[C@@]2(C(=O)Nc3cncc4ccccc34)CCOc3ccc(Cl)cc32)CC1,CC(=O)N1CCC(NC(=O)COCC[C@@]2(C(=O)Nc3cncc4ccccc34)CCOc3ccc(Cl)cc32)CC1,CC(=O)N1CCC(NC(=O)COCCC[C@@]2(C(=O)Nc3cncc4ccccc34)CCOc3ccc(Cl)cc32)CC1
CC(C)NC(=O)CNC(=O)CCl,EN300-23221,CC(C)NC(=O)CNC(=O)CO[C@@]1(C(=O)Nc2cncc3ccccc23)CCOc2ccc(Cl)cc21,CC(C)NC(=O)CNC(=O)COC[C@@]1(C(=O)Nc2cncc3ccccc23)CCOc2ccc(Cl)cc21,CC(C)NC(=O)CNC(=O)COCC[C@@]1(C(=O)Nc2cncc3ccccc23)CCOc2ccc(Cl)cc21,CC(C)NC(=O)CNC(=O)COCCC[C@@]1(C(=O)Nc2cncc3ccccc23)CCOc2ccc(Cl)cc21
CCN(CC(=O)NC(C)C)C(=O)CCl,EN300-07936,CCN(CC(=O)NC(C)C)C(=O)CO[C@@]1(C(=O)Nc2cncc3ccccc23)CCOc2ccc(Cl)cc21,CCN(CC(=O)NC(C)C)C(=O)COC[C@@]1(C(=O)Nc2cncc3ccccc23)CCOc2ccc(Cl)cc21,CCN(CC(=O)NC(C)C)C(=O)COCC[C@@]1(C(=O)Nc2cncc3ccccc23)CCOc2ccc(Cl)cc21,CCN(CC(=O)NC(C)C)C(=O)COCCC[C@@]1(C(=O)Nc2cncc3ccccc23)CCOc2ccc(Cl)cc21
CNC(=O)NC(=O)C(C)Cl,EN300-05825,CNC(=O)NC(=O)C(C)O[C@@]1(C(=O)Nc2cncc3ccccc23)CCOc2ccc(Cl)cc21,CNC(=O)NC(=O)C(C)OC[C@@]1(C(=O)Nc2cncc3ccccc23)CCOc2ccc(Cl)cc21,CNC(=O)NC(=O)C(C)OCC[C@@]1(C(=O)Nc2cncc3ccccc23)CCOc2ccc(Cl)cc21,CNC(=O)NC(=O)C(C)OCCC[C@@]1(C(=O)Nc2cncc3ccccc23)CCOc2ccc(Cl)cc21
O=C(CCl)NNC(=O)c1ccccc1,EN300-08157,O=C(CO[C@@]1(C(=O)Nc2cncc3ccccc23)CCOc2ccc(Cl)cc21)NNC(=O)c1ccccc1,O=C(COC[C@@]1(C(=O)Nc2cncc3ccccc23)CCOc2ccc(Cl)cc21)NNC(=O)c1ccccc1,O=C(COCC[C@@]1(C(=O)Nc2cncc3ccccc23)CCOc2ccc(Cl)cc21)NNC(=O)c1ccccc1,O=C(COCCC[C@@]1(C(=O)Nc2cncc3ccccc23)CCOc2ccc(Cl)cc21)NNC(=O)c1ccccc1
CNC(=O)CCl,EN300-01998,CNC(=O)CO[C@@]1(C(=O)Nc2cncc3ccccc23)CCOc2ccc(Cl)cc21,CNC(=O)COC[C@@]1(C(=O)Nc2cncc3ccccc23)CCOc2ccc(Cl)cc21,CNC(=O)COCC[C@@]1(C(=O)Nc2cncc3ccccc23)CCOc2ccc(Cl)cc21,CNC(=O)COCCC[C@@]1(C(=O)Nc2cncc3ccccc23)CCOc2ccc(Cl)cc21
O=C(CCl)NC1CCS(=O)(=O)C1,EN300-05512,O=C(CO[C@@]1(C(=O)Nc2cncc3ccccc23)CCOc2ccc(Cl)cc21)NC1CCS(=O)(=O)C1,O=C(COC[C@@]1(C(=O)Nc2cncc3ccccc23)CCOc2ccc(Cl)cc21)NC1CCS(=O)(=O)C1,O=C(COCC[C@@]1(C(=O)Nc2cncc3ccccc23)CCOc2ccc(Cl)cc21)NC1CCS(=O)(=O)C1,O=C(COCCC[C@@]1(C(=O)Nc2cncc3ccccc23)CCOc2ccc(Cl)cc21)NC1CCS(=O)(=O)C1
C=CCNC(=O)NC(=O)CCl,EN300-05661,C=CCNC(=O)NC(=O)CO[C@@]1(C(=O)Nc2cncc3ccccc23)CCOc2ccc(Cl)cc21,C=CCNC(=O)NC(=O)COC[C@@]1(C(=O)Nc2cncc3ccccc23)CCOc2ccc(Cl)cc21,C=CCNC(=O)NC(=O)COCC[C@@]1(C(=O)Nc2cncc3ccccc23)CCOc2ccc(Cl)cc21,C=CCNC(=O)NC(=O)COCCC[C@@]1(C(=O)Nc2cncc3ccccc23)CCOc2ccc(Cl)cc21
CCNC(=O)NC(=O)CCl,EN300-05668,CCNC(=O)NC(=O)CO[C@@]1(C(=O)Nc2cncc3ccccc23)CCOc2ccc(Cl)cc21,CCNC(=O)NC(=O)COC[C@@]1(C(=O)Nc2cncc3ccccc23)CCOc2ccc(Cl)cc21,CCNC(=O)NC(=O)COCC[C@@]1(C(=O)Nc2cncc3ccccc23)CCOc2ccc(Cl)cc21,CCNC(=O)NC(=O)COCCC[C@@]1(C(=O)Nc2cncc3ccccc23)CCOc2ccc(Cl)cc21
CC(N)=C(C#N)C(=O)CCl,EN300-01914,CC(N)=C(C#N)C(=O)CO[C@@]1(C(=O)Nc2cncc3ccccc23)CCOc2ccc(Cl)cc21,CC(N)=C(C#N)C(=O)COC[C@@]1(C(=O)Nc2cncc3ccccc23)CCOc2ccc(Cl)cc21,CC(N)=C(C#N)C(=O)COCC[C@@]1(C(=O)Nc2cncc3ccccc23)CCOc2ccc(Cl)cc21,CC(N)=C(C#N)C(=O)COCCC[C@@]1(C(=O)Nc2cncc3ccccc23)CCOc2ccc(Cl)cc21
NC(=O)C1CCN(C(=O)CCl)CC1,EN300-08063,NC(=O)C1CCN(C(=O)CO[C@@]2(C(=O)Nc3cncc4ccccc34)CCOc3ccc(Cl)cc32)CC1,NC(=O)C1CCN(C(=O)COC[C@@]2(C(=O)Nc3cncc4ccccc34)CCOc3ccc(Cl)cc32)CC1,NC(=O)C1CCN(C(=O)COCC[C@@]2(C(=O)Nc3cncc4ccccc34)CCOc3ccc(Cl)cc32)CC1,NC(=O)C1CCN(C(=O)COCCC[C@@]2(C(=O)Nc3cncc4ccccc34)CCOc3ccc(Cl)cc32)CC1
COCCNC(=O)NC(=O)CCl,EN300-06699,COCCNC(=O)NC(=O)CO[C@@]1(C(=O)Nc2cncc3ccccc23)CCOc2ccc(Cl)cc21,COCCNC(=O)NC(=O)COC[C@@]1(C(=O)Nc2cncc3ccccc23)CCOc2ccc(Cl)cc21,COCCNC(=O)NC(=O)COCC[C@@]1(C(=O)Nc2cncc3ccccc23)CCOc2ccc(Cl)cc21,COCCNC(=O)NC(=O)COCCC[C@@]1(C(=O)Nc2cncc3ccccc23)CCOc2ccc(Cl)cc21
O=c1cc(CCl)[nH]c(=O)[nH]1,EN300-11300,O=C(Nc1cncc2ccccc12)[C@]1(OCc2cc(=O)[nH]c(=O)[nH]2)CCOc2ccc(Cl)cc21,O=C(Nc1cncc2ccccc12)[C@]1(COCc2cc(=O)[nH]c(=O)[nH]2)CCOc2ccc(Cl)cc21,O=C(Nc1cncc2ccccc12)[C@]1(CCOCc2cc(=O)[nH]c(=O)[nH]2)CCOc2ccc(Cl)cc21,O=C(Nc1cncc2ccccc12)[C@]1(CCCOCc2cc(=O)[nH]c(=O)[nH]2)CCOc2ccc(Cl)cc21
CCOC(=O)C1=C(CBr)NC(=O)NC1,EN300-12596,CCOC(=O)C1=C(CO[C@@]2(C(=O)Nc3cncc4ccccc34)CCOc3ccc(Cl)cc32)NC(=O)NC1,CCOC(=O)C1=C(COC[C@@]2(C(=O)Nc3cncc4ccccc34)CCOc3ccc(Cl)cc32)NC(=O)NC1,CCOC(=O)C1=C(COCC[C@@]2(C(=O)Nc3cncc4ccccc34)CCOc3ccc(Cl)cc32)NC(=O)NC1,CCOC(=O)C1=C(COCCC[C@@]2(C(=O)Nc3cncc4ccccc34)CCOc3ccc(Cl)cc32)NC(=O)NC1
O=C(CCl)N1CCNC1=O,EN300-11188,O=C(CO[C@@]1(C(=O)Nc2cncc3ccccc23)CCOc2ccc(Cl)cc21)N1CCNC1=O,O=C(COC[C@@]1(C(=O)Nc2cncc3ccccc23)CCOc2ccc(Cl)cc21)N1CCNC1=O,O=C(COCC[C@@]1(C(=O)Nc2cncc3ccccc23)CCOc2ccc(Cl)cc21)N1CCNC1=O,O=C(COCCC[C@@]1(C(=O)Nc2cncc3ccccc23)CCOc2ccc(Cl)cc21)N1CCNC1=O
CC(=O)N1CCN(C(=O)C(C)Cl)CC1,EN300-28106,CC(=O)N1CCN(C(=O)C(C)O[C@@]2(C(=O)Nc3cncc4ccccc34)CCOc3ccc(Cl)cc32)CC1,CC(=O)N1CCN(C(=O)C(C)OC[C@@]2(C(=O)Nc3cncc4ccccc34)CCOc3ccc(Cl)cc32)CC1,CC(=O)N1CCN(C(=O)C(C)OCC[C@@]2(C(=O)Nc3cncc4ccccc34)CCOc3ccc(Cl)cc32)CC1,CC(=O)N1CCN(C(=O)C(C)OCCC[C@@]2(C(=O)Nc3cncc4ccccc34)CCOc3ccc(Cl)cc32)CC1
CC(Cl)C(=O)N1CCC(C(N)=O)CC1,EN300-28113,CC(O[C@@]1(C(=O)Nc2cncc3ccccc23)CCOc2ccc(Cl)cc21)C(=O)N1CCC(C(N)=O)CC1,CC(OC[C@@]1(C(=O)Nc2cncc3ccccc23)CCOc2ccc(Cl)cc21)C(=O)N1CCC(C(N)=O)CC1,CC(OCC[C@@]1(C(=O)Nc2cncc3ccccc23)CCOc2ccc(Cl)cc21)C(=O)N1CCC(C(N)=O)CC1,CC(OCCC[C@@]1(C(=O)Nc2cncc3ccccc23)CCOc2ccc(Cl)cc21)C(=O)N1CCC(C(N)=O)CC1
NC(=O)C1CCCN(C(=O)CCl)C1,EN300-22880,NC(=O)C1CCCN(C(=O)CO[C@@]2(C(=O)Nc3cncc4ccccc34)CCOc3ccc(Cl)cc32)C1,NC(=O)C1CCCN(C(=O)COC[C@@]2(C(=O)Nc3cncc4ccccc34)CCOc3ccc(Cl)cc32)C1,NC(=O)C1CCCN(C(=O)COCC[C@@]2(C(=O)Nc3cncc4ccccc34)CCOc3ccc(Cl)cc32)C1,NC(=O)C1CCCN(C(=O)COCCC[C@@]2(C(=O)Nc3cncc4ccccc34)CCOc3ccc(Cl)cc32)C1
O=C(CCl)NCCCN1CCCC1=O,EN300-08259,O=C(CO[C@@]1(C(=O)Nc2cncc3ccccc23)CCOc2ccc(Cl)cc21)NCCCN1CCCC1=O,O=C(COC[C@@]1(C(=O)Nc2cncc3ccccc23)CCOc2ccc(Cl)cc21)NCCCN1CCCC1=O,O=C(COCC[C@@]1(C(=O)Nc2cncc3ccccc23)CCOc2ccc(Cl)cc21)NCCCN1CCCC1=O,O=C(COCCC[C@@]1(C(=O)Nc2cncc3ccccc23)CCOc2ccc(Cl)cc21)NCCCN1CCCC1=O
Cn1cccc1C(=O)NC(=O)CCl,EN300-06674,Cn1cccc1C(=O)NC(=O)CO[C@@]1(C(=O)Nc2cncc3ccccc23)CCOc2ccc(Cl)cc21,Cn1cccc1C(=O)NC(=O)COC[C@@]1(C(=O)Nc2cncc3ccccc23)CCOc2ccc(Cl)cc21,Cn1cccc1C(=O)NC(=O)COCC[C@@]1(C(=O)Nc2cncc3ccccc23)CCOc2ccc(Cl)cc21,Cn1cccc1C(=O)NC(=O)COCCC[C@@]1(C(=O)Nc2cncc3ccccc23)CCOc2ccc(Cl)cc21
COC(=O)CNC(=O)CCl,EN300-04409,COC(=O)CNC(=O)CO[C@@]1(C(=O)Nc2cncc3ccccc23)CCOc2ccc(Cl)cc21,COC(=O)CNC(=O)COC[C@@]1(C(=O)Nc2cncc3ccccc23)CCOc2ccc(Cl)cc21,COC(=O)CNC(=O)COCC[C@@]1(C(=O)Nc2cncc3ccccc23)CCOc2ccc(Cl)cc21,COC(=O)CNC(=O)COCCC[C@@]1(C(=O)Nc2cncc3ccccc23)CCOc2ccc(Cl)cc21
