SMILES,TITLE,CID,SMILES,RUN,DDG (kcal/mol),dDDG (kcal/mol)
Cc1ccncc1NC(=O)Cc2cc(cc(c2)Cl)OCC[N@H+]3CCOC[C@H]3C,EN300-170738,EN300-170738,Cc1ccncc1NC(=O)Cc2cc(cc(c2)Cl)OCC[N@H+]3CCOC[C@@H]3C,RUN3598,-4.21,0.19
Cc1ccncc1NC(=O)Cc2cc(cc(c2)Cl)OCc3coc(n3)C4CCCCC4,EN300-382173,EN300-382173,Cc1ccncc1NC(=O)Cc2cc(cc(c2)Cl)OCc3coc(n3)C4CCCCC4,RUN176,-2.94,0.11
Cc1ccncc1NC(=O)Cc2cc(cc(c2)Cl)OCC([CH2-])c3csc(n3)C(C)C,EN300-1920731,EN300-1920731,Cc1ccncc1NC(=O)Cc2cc(cc(c2)Cl)OCC(=C)c3csc(n3)C(C)C,RUN4616,-2.41,0.30
Cc1ccncc1NC(=O)Cc2cc(cc(c2)Cl)OCC(=O)N3CC[C@@]4([C@H]3CCC4)CO,EN300-718949,EN300-718949,Cc1ccncc1NC(=O)Cc2cc(cc(c2)Cl)OCC(=O)N3CC[C@]4([C@H]3CCC4)CO,RUN3613,-2.18,0.17
Cc1ccncc1NC(=O)Cc2cc(cc(c2)Cl)OCc3nc(no3)C,EN300-185424,EN300-185424,Cc1ccncc1NC(=O)Cc2cc(cc(c2)Cl)OCc3nc(no3)C,RUN1591,-1.72,0.09
Cc1ccncc1NC(=O)Cc2cc(cc(c2)Cl)OCc3cn[nH]c3c4ccccc4,EN300-1863798,EN300-1863798,Cc1ccncc1NC(=O)Cc2cc(cc(c2)Cl)OCc3cn[nH]c3c4ccccc4,RUN1112,-1.44,0.13
Cc1ccncc1NC(=O)Cc2cc(cc(c2)Cl)Oc3ccc(cc3)NC4N[C@@H]([C@H](S4)CBr)C,EN300-1274653,EN300-1274653,Cc1ccncc1NC(=O)Cc2cc(cc(c2)Cl)Oc3ccc(cc3)NC4=[NH+][C@@H]([C@H](S4)CBr)C,RUN3789,-1.44,0.14
Cc1ccncc1NC(=O)Cc2cc(cc(c2)Cl)OCc3nnc(o3)C4CCCCC4,EN300-1266528,EN300-1266528,Cc1ccncc1NC(=O)Cc2cc(cc(c2)Cl)OCc3nnc(o3)C4CCCCC4,RUN88,-1.37,0.13
Cc1ccncc1NC(=O)Cc2cc(cc(c2)Cl)OCc3ccc(o3)[C@H]4C[C@@H]4C,EN300-1940535,EN300-1940535,Cc1ccncc1NC(=O)Cc2cc(cc(c2)Cl)OCc3ccc(o3)[C@H]4C[C@H]4C,RUN106,-1.37,0.12
Cc1ccncc1NC(=O)Cc2cc(cc(c2)Cl)OCc3cnc(o3)[C@H]4C[C@@H]4C,EN300-330332,EN300-330332,Cc1ccncc1NC(=O)Cc2cc(cc(c2)Cl)OCc3cnc(o3)[C@H]4C[C@H]4C,RUN324,-1.35,0.12
Cc1ccncc1NC(=O)Cc2cc(cc(c2)Cl)OCC(=O)Nc3c(cc(cn3)N)OC,EN300-377745,EN300-377745,Cc1ccncc1NC(=O)Cc2cc(cc(c2)Cl)OCC(=O)Nc3c(cc(cn3)N)OC,RUN3338,-1.29,0.16
Cc1ccncc1NC(=O)Cc2cc(cc(c2)Cl)OCc3c(nc(s3)NC(=O)OC(C)(C)C)C,EN300-1886131,EN300-1886131,Cc1ccncc1NC(=O)Cc2cc(cc(c2)Cl)OCc3c(nc(s3)NC(=O)OC(C)(C)C)C,RUN4609,-1.28,0.37
Cc1ccncc1NC(=O)Cc2cc(cc(c2)Cl)OCc3ccn(n3)c4cc(ccc4F)F,EN300-1084907,EN300-1084907,Cc1ccncc1NC(=O)Cc2cc(cc(c2)Cl)OCc3ccn(n3)c4cc(ccc4F)F,RUN180,-1.27,0.13
Cc1ccncc1NC(=O)Cc2cc(cc(c2)Cl)Oc3ccc(cc3)NC4N[C@H]([C@@H](S4)CBr)C,EN300-1274653,EN300-1274653,Cc1ccncc1NC(=O)Cc2cc(cc(c2)Cl)Oc3ccc(cc3)NC4=[NH+][C@H]([C@@H](S4)CBr)C,RUN3262,-1.27,0.13
Cc1ccncc1NC(=O)Cc2cc(cc(c2)Cl)OCc3ccc(cc3F)OC(F)F,EN300-1929484,EN300-1929484,Cc1ccncc1NC(=O)Cc2cc(cc(c2)Cl)OCc3ccc(cc3F)OC(F)F,RUN1708,-1.27,0.13
Cc1ccncc1NC(=O)Cc2cc(cc(c2)Cl)OCc3ccc(c(c3)OC)OC(F)F,EN300-155655,EN300-155655,Cc1ccncc1NC(=O)Cc2cc(cc(c2)Cl)OCc3ccc(c(c3)OC)OC(F)F,RUN2011,-1.25,0.16
CCOC(=O)C(Cn1cc(nn1)COc2cc(cc(c2)Cl)CC(=O)Nc3cnccc3C)(F)F,EN300-843777,EN300-843777,CCOC(=O)C(Cn1cc(nn1)COc2cc(cc(c2)Cl)CC(=O)Nc3cnccc3C)(F)F,RUN997,-1.19,0.16
CCCCCOc1ccc(cc1CBr)Oc2cc(cc(c2)Cl)CC(=O)Nc3cnccc3C,EN300-70105,EN300-70105,CCCCCOc1ccc(cc1CBr)Oc2cc(cc(c2)Cl)CC(=O)Nc3cnccc3C,RUN2809,-1.18,0.16
Cc1ccncc1NC(=O)Cc2cc(cc(c2)Cl)OCc3cn(nn3)[C@@H]4CCOC5(C4)CC[NH2+]CC5,EN300-843582,EN300-843582,Cc1ccncc1NC(=O)Cc2cc(cc(c2)Cl)OCc3cn(nn3)[C@@H]4CCOC5(C4)CC[NH2+]CC5,RUN907,-1.16,0.17
Cc1ccncc1NC(=O)Cc2cc(cc(c2)Cl)Oc3ccc(c(c3)O)CBr,EN300-1915724,EN300-1915724,Cc1ccncc1NC(=O)Cc2cc(cc(c2)Cl)Oc3ccc(c(c3)O)CBr,RUN566,-1.14,0.10
Cc1ccc(cc1CCBr)Oc2cc(cc(c2)Cl)CC(=O)Nc3cnccc3C,EN300-1909681,EN300-1909681,Cc1ccc(cc1CCBr)Oc2cc(cc(c2)Cl)CC(=O)Nc3cnccc3C,RUN2206,-1.14,0.12
Cc1ccncc1NC(=O)Cc2cc(cc(c2)Cl)OCc3cn(nn3)CCC[NH3+],EN300-844309,EN300-844309,Cc1ccncc1NC(=O)Cc2cc(cc(c2)Cl)OCc3cn(nn3)CCC[NH3+],RUN645,-1.13,0.13
Cc1ccncc1NC(=O)Cc2cc(cc(c2)Cl)Oc3ccc(cc3)NC4N[C@@H]([C@H](S4)CBr)C,EN300-1274638,EN300-1274638,Cc1ccncc1NC(=O)Cc2cc(cc(c2)Cl)Oc3ccc(cc3)NC4=[NH+][C@@H]([C@H](S4)CBr)C,RUN3788,-1.13,0.14
CCOC(=O)c1c2ccccc2oc1COc3cc(cc(c3)Cl)CC(=O)Nc4cnccc4C,EN300-60436,EN300-60436,CCOC(=O)c1c2ccccc2oc1COc3cc(cc(c3)Cl)CC(=O)Nc4cnccc4C,RUN4577,-1.12,0.30
Cc1ccncc1NC(=O)Cc2cc(cc(c2)Cl)Oc3cccc(c3OC)CBr,EN300-1910987,EN300-1910987,Cc1ccncc1NC(=O)Cc2cc(cc(c2)Cl)Oc3cccc(c3OC)CBr,RUN1168,-1.12,0.13
Cc1ccncc1NC(=O)Cc2cc(cc(c2)Cl)OCC(=C)c3ccc(o3)[C@H]4C[C@@H]4C,EN300-1938856,EN300-1938856,Cc1ccncc1NC(=O)Cc2cc(cc(c2)Cl)OCC(=C)c3ccc(o3)[C@H]4C[C@@H]4C,RUN4615,-1.12,0.37
Cc1ccncc1NC(=O)Cc2cc(cc(c2)Cl)Oc3cn(nc3CBr)C,EN300-701252,EN300-701252,Cc1ccncc1NC(=O)Cc2cc(cc(c2)Cl)Oc3cn(nc3CBr)C,RUN1206,-1.11,0.11
Cc1ccncc1NC(=O)Cc2cc(cc(c2)Cl)OCc3cc(no3)c4ccc(cc4)Cl,EN300-24531,EN300-24531,Cc1ccncc1NC(=O)Cc2cc(cc(c2)Cl)OCc3cc(no3)c4ccc(cc4)Cl,RUN3389,-1.09,0.14
Cc1ccncc1NC(=O)Cc2cc(cc(c2)Cl)OCc3c4ccccc4ccc3OC,EN300-1897350,EN300-1897350,Cc1ccncc1NC(=O)Cc2cc(cc(c2)Cl)OCc3c4ccccc4ccc3OC,RUN3624,-1.05,0.16
Cc1ccncc1NC(=O)Cc2cc(cc(c2)Cl)OCc3ccc(cc3)OCc4ccccc4F,EN300-378667,EN300-378667,Cc1ccncc1NC(=O)Cc2cc(cc(c2)Cl)OCc3ccc(cc3)OCc4ccccc4F,RUN2751,-1.05,0.15
Cc1ccncc1NC(=O)Cc2cc(cc(c2)Cl)OCc3cc(no3)c4ccc(cc4)OC,EN300-24227,EN300-24227,Cc1ccncc1NC(=O)Cc2cc(cc(c2)Cl)OCc3cc(no3)c4ccc(cc4)OC,RUN3755,-1.04,0.15
Cc1ccncc1NC(=O)Cc2cc(cc(c2)Cl)OCC(=O)c3ccc(c(c3)N(=O)=O)C#N,EN300-2009659,EN300-2009659,Cc1ccncc1NC(=O)Cc2cc(cc(c2)Cl)OCC(=O)c3ccc(c(c3)N(=O)=O)C#N,RUN4481,-1.03,0.20
Cc1ccncc1NC(=O)Cc2cc(cc(c2)Cl)OCc3c4ccccc4n(n3)C(=O)OC(C)(C)C,EN300-301686,EN300-301686,Cc1ccncc1NC(=O)Cc2cc(cc(c2)Cl)OCc3c4ccccc4n(n3)C(=O)OC(C)(C)C,RUN4523,-1.02,0.27
Cc1ccncc1NC(=O)Cc2cc(cc(c2)Cl)Oc3cccc(c3)NC4N[C@H]([C@@H](S4)CBr)C,EN300-1274639,EN300-1274639,Cc1ccncc1NC(=O)Cc2cc(cc(c2)Cl)Oc3cccc(c3)NC4=[NH+][C@H]([C@@H](S4)CBr)C,RUN1452,-1.02,0.16
Cc1ccncc1NC(=O)Cc2cc(cc(c2)Cl)Oc3ccc(c(c3)OC)CBr,EN300-1914939,EN300-1914939,Cc1ccncc1NC(=O)Cc2cc(cc(c2)Cl)Oc3ccc(c(c3)OC)CBr,RUN2542,-1.00,0.12
Cc1ccncc1NC(=O)Cc2cc(cc(c2)Cl)OCc3cc(cc4c3cccc4)Cl,EN300-372060,EN300-372060,Cc1ccncc1NC(=O)Cc2cc(cc(c2)Cl)OCc3cc(cc4c3cccc4)Cl,RUN2293,-0.99,0.12
Cc1ccncc1NC(=O)Cc2cc(cc(c2)Cl)OC[C@@H](c3cccc(c3F)N(=O)=O)O,EN300-1926474,EN300-1926474,Cc1ccncc1NC(=O)Cc2cc(cc(c2)Cl)OC[C@@H](c3cccc(c3F)N(=O)=O)O,RUN1782,-0.98,0.17
Cc1ccncc1NC(=O)Cc2cc(cc(c2)Cl)Oc3ccc(c(c3)CBr)C(=O)OC,EN300-117814,EN300-117814,Cc1ccncc1NC(=O)Cc2cc(cc(c2)Cl)Oc3ccc(c(c3)CBr)C(=O)OC,RUN1589,-0.96,0.12
Cc1ccncc1NC(=O)Cc2cc(cc(c2)Cl)OCc3c(c4ccccc4nn3)Cl,EN300-1918362,EN300-1918362,Cc1ccncc1NC(=O)Cc2cc(cc(c2)Cl)OCc3c(c4ccccc4nn3)Cl,RUN3740,-0.95,0.14
Cc1ccncc1NC(=O)Cc2cc(cc(c2)Cl)OCN(=O)=O,EN300-87636,EN300-87636,Cc1ccncc1NC(=O)Cc2cc(cc(c2)Cl)OCN(=O)=O,RUN786,-0.95,0.08
Cc1ccncc1NC(=O)Cc2cc(cc(c2)Cl)OCc3cnn(c3C)c4ccc(cc4)O,EN300-1296572,EN300-1296572,Cc1ccncc1NC(=O)Cc2cc(cc(c2)Cl)OCc3cnn(c3C)c4ccc(cc4)O,RUN1383,-0.94,0.15
Cc1ccncc1NC(=O)Cc2cc(cc(c2)Cl)OCc3ccc(c(c3)O)OC,EN300-1910562,EN300-1910562,Cc1ccncc1NC(=O)Cc2cc(cc(c2)Cl)OCc3ccc(c(c3)O)OC,RUN2172,-0.93,0.14
Cc1ccc(c(c1)CBr)Oc2cc(cc(c2)Cl)CC(=O)Nc3cnccc3C,EN300-1912582,EN300-1912582,Cc1ccc(c(c1)CBr)Oc2cc(cc(c2)Cl)CC(=O)Nc3cnccc3C,RUN1011,-0.92,0.14
Cc1ccncc1NC(=O)Cc2cc(cc(c2)Cl)OCc3cn(nc3C)C4CCC(CC4)(C)C,EN300-1461330,EN300-1461330,Cc1ccncc1NC(=O)Cc2cc(cc(c2)Cl)OCc3cn(nc3C)C4CCC(CC4)(C)C,RUN735,-0.92,0.16
Cc1ccncc1NC(=O)Cc2cc(cc(c2)Cl)OC[C@H](c3ccc(c(c3)O)OC)O,EN300-1912943,EN300-1912943,Cc1ccncc1NC(=O)Cc2cc(cc(c2)Cl)OC[C@H](c3ccc(c(c3)O)OC)O,RUN3195,-0.91,0.20
Cc1ccncc1NC(=O)Cc2cc(cc(c2)Cl)Oc3cc(cc(c3)F)OCCBr,EN300-160173,EN300-160173,Cc1ccncc1NC(=O)Cc2cc(cc(c2)Cl)Oc3cc(cc(c3)F)OCCBr,RUN2023,-0.91,0.16
Cc1ccncc1NC(=O)Cc2cc(cc(c2)Cl)OCc3cc(no3)c4ccc(cc4Cl)Cl,EN300-24230,EN300-24230,Cc1ccncc1NC(=O)Cc2cc(cc(c2)Cl)OCc3cc(no3)c4ccc(cc4Cl)Cl,RUN3009,-0.90,0.16
Cc1ccncc1NC(=O)Cc2cc(cc(c2)Cl)OCc3ccnn3c4cccc(c4)C#N,EN300-1591418,EN300-1591418,Cc1ccncc1NC(=O)Cc2cc(cc(c2)Cl)OCc3ccnn3c4cccc(c4)C#N,RUN1247,-0.90,0.16
Cc1ccncc1NC(=O)Cc2cc(cc(c2)Cl)OCS(=O)(=O)Cl,EN300-4257713,EN300-4257713,Cc1ccncc1NC(=O)Cc2cc(cc(c2)Cl)OCS(=O)(=O)Cl,RUN548,-0.89,0.08
Cc1ccncc1NC(=O)Cc2cc(cc(c2)Cl)OCc3cn[nH]c3c4ccc(cc4)F,EN300-1918008,EN300-1918008,Cc1ccncc1NC(=O)Cc2cc(cc(c2)Cl)OCc3cn[nH]c3c4ccc(cc4)F,RUN1345,-0.87,0.14
Cc1ccncc1NC(=O)Cc2cc(cc(c2)Cl)OC[C@H](c3cc(cs3)Cl)O,EN300-1917400,EN300-1917400,Cc1ccncc1NC(=O)Cc2cc(cc(c2)Cl)OC[C@H](c3cc(cs3)Cl)O,RUN2584,-0.87,0.18
Cc1ccncc1NC(=O)Cc2cc(cc(c2)Cl)Oc3ccc(c(c3)C)CBr,EN300-156205,EN300-156205,Cc1ccncc1NC(=O)Cc2cc(cc(c2)Cl)Oc3ccc(c(c3)C)CBr,RUN1704,-0.87,0.10
Cc1ccncc1NC(=O)Cc2cc(cc(c2)Cl)OCCc3csc(n3)C4CC4,EN300-1894071,EN300-1894071,Cc1ccncc1NC(=O)Cc2cc(cc(c2)Cl)OCCc3csc(n3)C4CC4,RUN2324,-0.86,0.16
Cc1ccncc1NC(=O)Cc2cc(cc(c2)Cl)Oc3ccc(c(c3)CBr)C(F)(F)F,EN300-7437130,EN300-7437130,Cc1ccncc1NC(=O)Cc2cc(cc(c2)Cl)Oc3ccc(c(c3)CBr)C(F)(F)F,RUN3604,-0.86,0.12
Cc1ccncc1NC(=O)Cc2cc(cc(c2)Cl)Oc3cccc(c3CBr)N(=O)=O,EN300-1724721,EN300-1724721,Cc1ccncc1NC(=O)Cc2cc(cc(c2)Cl)Oc3cccc(c3CBr)N(=O)=O,RUN2085,-0.85,0.13
Cc1ccncc1NC(=O)Cc2cc(cc(c2)Cl)Oc3ccc(cc3CBr)F,EN300-29546,EN300-29546,Cc1ccncc1NC(=O)Cc2cc(cc(c2)Cl)Oc3ccc(cc3CBr)F,RUN1118,-0.85,0.13
Cc1ccncc1NC(=O)Cc2cc(cc(c2)Cl)OCc3ccc(cc3)C[NH+]4CCOCC4,EN300-7494548,EN300-7494548,Cc1ccncc1NC(=O)Cc2cc(cc(c2)Cl)OCc3ccc(cc3)C[NH+]4CCOCC4,RUN3552,-0.84,0.15
Cc1ccncc1NC(=O)Cc2cc(cc(c2)Cl)Oc3cn(nc3CBr)C,EN300-643001,EN300-643001,Cc1ccncc1NC(=O)Cc2cc(cc(c2)Cl)Oc3cn(nc3CBr)C,RUN1207,-0.84,0.13
Cc1ccncc1NC(=O)Cc2cc(cc(c2)Cl)OCc3ccc(cc3)C(=O)OC(C)(C)C,EN300-7377816,EN300-7377816,Cc1ccncc1NC(=O)Cc2cc(cc(c2)Cl)OCc3ccc(cc3)C(=O)OC(C)(C)C,RUN4473,-0.84,0.17
Cc1ccncc1NC(=O)Cc2cc(cc(c2)Cl)OCc3c(nnn3C4CC4)Br,EN300-1277860,EN300-1277860,Cc1ccncc1NC(=O)Cc2cc(cc(c2)Cl)OCc3c(nnn3C4CC4)Br,RUN1144,-0.83,0.13
Cc1ccncc1NC(=O)Cc2cc(cc(c2)Cl)OCC(=O)N3CC[N@]4[C@H](C3)CNS4(=O)=O,EN300-740743,EN300-740743,Cc1ccncc1NC(=O)Cc2cc(cc(c2)Cl)OCC(=O)N3CC[N@@]4[C@H](C3)CNS4(=O)=O,RUN3691,-0.83,0.17
Cc1ccncc1NC(=O)Cc2cc(cc(c2)Cl)Oc3ccc(c(c3)N(=O)=O)CBr,EN300-154526,EN300-154526,Cc1ccncc1NC(=O)Cc2cc(cc(c2)Cl)Oc3ccc(c(c3)N(=O)=O)CBr,RUN2558,-0.82,0.13
Cc1ccncc1NC(=O)Cc2cc(cc(c2)Cl)OCS(=O)(=O)Cl,EN300-43523,EN300-43523,Cc1ccncc1NC(=O)Cc2cc(cc(c2)Cl)OCS(=O)(=O)Cl,RUN547,-0.81,0.09
CCc1c(cnn1c2ccc(cc2)O)COc3cc(cc(c3)Cl)CC(=O)Nc4cnccc4C,EN300-1296574,EN300-1296574,CCc1c(cnn1c2ccc(cc2)O)COc3cc(cc(c3)Cl)CC(=O)Nc4cnccc4C,RUN1221,-0.80,0.14
Cc1ccncc1NC(=O)Cc2cc(cc(c2)Cl)Oc3cc(cc(c3)C#N)CBr,EN300-6776042,EN300-6776042,Cc1ccncc1NC(=O)Cc2cc(cc(c2)Cl)Oc3cc(cc(c3)C#N)CBr,RUN3182,-0.79,0.12
Cc1ccncc1NC(=O)Cc2cc(cc(c2)Cl)OCc3cnc(s3)OC,EN300-1918616,EN300-1918616,Cc1ccncc1NC(=O)Cc2cc(cc(c2)Cl)OCc3cnc(s3)OC,RUN838,-0.79,0.13
Cc1ccncc1NC(=O)Cc2cc(cc(c2)Cl)OCCC3=C[N@](NN3)[C@@H]4CCOC5(C4)CC[NH2+]CC5,EN300-843597,EN300-843597,Cc1ccncc1NC(=O)Cc2cc(cc(c2)Cl)OCCc3cn(nn3)[C@@H]4CCOC5(C4)CC[NH2+]CC5,RUN4546,-0.78,0.37
Cc1ccncc1NC(=O)Cc2cc(cc(c2)Cl)Oc3ccc(c(c3)CBr)OC,EN300-13933,EN300-13933,Cc1ccncc1NC(=O)Cc2cc(cc(c2)Cl)Oc3ccc(c(c3)CBr)OC,RUN2655,-0.78,0.13
Cc1ccncc1NC(=O)Cc2cc(cc(c2)Cl)OC[C@@H](c3ccc(cc3)S(=O)(=O)N4CCOCC4)O,EN300-87708,EN300-87708,Cc1ccncc1NC(=O)Cc2cc(cc(c2)Cl)OC[C@@H](c3ccc(cc3)S(=O)(=O)N4CCOCC4)O,RUN4605,-0.75,0.58
Cc1ccncc1NC(=O)Cc2cc(cc(c2)Cl)OCc3cn(nc3C)C4CCCCC4,EN300-1461309,EN300-1461309,Cc1ccncc1NC(=O)Cc2cc(cc(c2)Cl)OCc3cn(nc3C)C4CCCCC4,RUN678,-0.74,0.13
Cc1ccncc1NC(=O)Cc2cc(cc(c2)Cl)OCc3cc(ccc3OCC4CC4)Cl,EN300-195084,EN300-195084,Cc1ccncc1NC(=O)Cc2cc(cc(c2)Cl)OCc3cc(ccc3OCC4CC4)Cl,RUN1831,-0.74,0.16
Cc1ccncc1NC(=O)Cc2cc(cc(c2)Cl)Oc3cc(c(c(c3)F)O)CBr,EN300-1897461,EN300-1897461,Cc1ccncc1NC(=O)Cc2cc(cc(c2)Cl)Oc3cc(c(c(c3)F)O)CBr,RUN2052,-0.72,0.12
Cc1ccncc1NC(=O)Cc2cc(cc(c2)Cl)Oc3cccc(c3)NC4N[C@H]([C@@H](S4)CBr)C,EN300-1274654,EN300-1274654,Cc1ccncc1NC(=O)Cc2cc(cc(c2)Cl)Oc3cccc(c3)NC4=[NH+][C@H]([C@@H](S4)CBr)C,RUN1453,-0.72,0.17
Cc1ccncc1NC(=O)Cc2cc(cc(c2)Cl)Oc3ccc(c(c3)Cl)CCCBr,EN300-674719,EN300-674719,Cc1ccncc1NC(=O)Cc2cc(cc(c2)Cl)Oc3ccc(c(c3)Cl)CCCBr,RUN1823,-0.71,0.13
Cc1ccncc1NC(=O)Cc2cc(cc(c2)Cl)Oc3ccc(cc3)[C@H](CI)OCc4ccccc4,EN300-1132718,EN300-1132718,Cc1ccncc1NC(=O)Cc2cc(cc(c2)Cl)Oc3ccc(cc3)[C@H](CI)OCc4ccccc4,RUN3652,-0.71,0.19
Cc1ccncc1NC(=O)Cc2cc(cc(c2)Cl)OC[C@@H](c3c[nH]nc3N(=O)=O)O,EN300-1916362,EN300-1916362,Cc1ccncc1NC(=O)Cc2cc(cc(c2)Cl)OC[C@@H](c3c[nH]nc3N(=O)=O)O,RUN4562,-0.71,0.54
Cc1ccncc1NC(=O)Cc2cc(cc(c2)Cl)OCC=C3CCC3,EN300-127722,EN300-127722,Cc1ccncc1NC(=O)Cc2cc(cc(c2)Cl)OCC=C3CCC3,RUN4513,-0.70,0.14
Cc1ccncc1NC(=O)Cc2cc(cc(c2)Cl)OCc3c(c[nH]n3)N(=O)=O,EN300-1927181,EN300-1927181,Cc1ccncc1NC(=O)Cc2cc(cc(c2)Cl)OCc3c(c[nH]n3)N(=O)=O,RUN933,-0.70,0.11
CCCOc1cc(ccc1CBr)Oc2cc(cc(c2)Cl)CC(=O)Nc3cnccc3C,EN300-6245905,EN300-6245905,CCCOc1cc(ccc1CBr)Oc2cc(cc(c2)Cl)CC(=O)Nc3cnccc3C,RUN2010,-0.70,0.14
Cc1ccncc1NC(=O)Cc2cc(cc(c2)Cl)OCc3cc(cc(c3)I)CBr,EN300-366127,EN300-366127,Cc1ccncc1NC(=O)Cc2cc(cc(c2)Cl)OCc3cc(cc(c3)I)CBr,RUN1570,-0.69,0.13
Cc1ccncc1NC(=O)Cc2cc(cc(c2)Cl)Oc3ccc(cc3)[C@@H](CI)OC4CCCC4,EN300-1132707,EN300-1132707,Cc1ccncc1NC(=O)Cc2cc(cc(c2)Cl)Oc3ccc(cc3)[C@@H](CI)OC4CCCC4,RUN1347,-0.68,0.17
Cc1ccncc1NC(=O)Cc2cc(cc(c2)Cl)OCc3ncc(o3)c4ccccc4,EN300-3051713,EN300-3051713,Cc1ccncc1NC(=O)Cc2cc(cc(c2)Cl)OCc3ncc(o3)c4ccccc4,RUN348,-0.68,0.14
Cc1ccncc1NC(=O)Cc2cc(cc(c2)Cl)Oc3ccc(c(c3)C(CBr)O)OC,EN300-64239,EN300-64239,Cc1ccncc1NC(=O)Cc2cc(cc(c2)Cl)Oc3ccc(c(c3)C(=O)CBr)OC,RUN2827,-0.68,0.16
Cc1ccncc1NC(=O)Cc2cc(cc(c2)Cl)OC[C@H](c3cccc(c3)N(=O)=O)O,EN300-1910335,EN300-1910335,Cc1ccncc1NC(=O)Cc2cc(cc(c2)Cl)OC[C@H](c3cccc(c3)N(=O)=O)O,RUN3297,-0.67,0.17
Cc1ccncc1NC(=O)Cc2cc(cc(c2)Cl)Oc3ccc(cc3)NC4N[C@H]([C@@H](S4)CBr)C,EN300-1274638,EN300-1274638,Cc1ccncc1NC(=O)Cc2cc(cc(c2)Cl)Oc3ccc(cc3)NC4=[NH+][C@H]([C@@H](S4)CBr)C,RUN3261,-0.66,0.15
Cc1ccncc1NC(=O)Cc2cc(cc(c2)Cl)Oc3ccc(cc3CBr)N(=O)=O,EN300-378599,EN300-378599,Cc1ccncc1NC(=O)Cc2cc(cc(c2)Cl)Oc3ccc(cc3CBr)N(=O)=O,RUN2138,-0.65,0.14
Cc1ccncc1NC(=O)Cc2cc(cc(c2)Cl)Oc3ccc(cc3CBr)Cl,EN300-219510,EN300-219510,Cc1ccncc1NC(=O)Cc2cc(cc(c2)Cl)Oc3ccc(cc3CBr)Cl,RUN1021,-0.62,0.13
Cc1ccncc1NC(=O)Cc2cc(cc(c2)Cl)OCC(=O)c3ccc(c(c3)C(=O)N)O,EN300-16612,EN300-16612,Cc1ccncc1NC(=O)Cc2cc(cc(c2)Cl)OCC(=O)c3ccc(c(c3)C(=O)N)O,RUN4581,-0.62,0.44
Cc1ccncc1NC(=O)Cc2cc(cc(c2)Cl)OCc3c(n(nn3)[C@H]4CC[C@@H](C4)[NH3+])C,EN300-695739,EN300-695739,Cc1ccncc1NC(=O)Cc2cc(cc(c2)Cl)OCc3c(n(nn3)[C@@H]4CC[C@@H](C4)[NH3+])C,RUN1003,-0.61,0.17
Cc1ccncc1NC(=O)Cc2cc(cc(c2)Cl)OCc3cc([nH]n3)N(=O)=O,EN300-1923485,EN300-1923485,Cc1ccncc1NC(=O)Cc2cc(cc(c2)Cl)OCc3cc([nH]n3)N(=O)=O,RUN2661,-0.61,0.13
Cc1ccncc1NC(=O)Cc2cc(cc(c2)Cl)OCC(=O)NCCC#C,EN300-135871,EN300-135871,Cc1ccncc1NC(=O)Cc2cc(cc(c2)Cl)OCC(=O)NCCC#C,RUN2631,-0.60,0.14
Cc1ccncc1NC(=O)Cc2cc(cc(c2)Cl)OCc3c(nn(c3C)Cc4ccccc4)C,EN300-1864036,EN300-1864036,Cc1ccncc1NC(=O)Cc2cc(cc(c2)Cl)OCc3c(nn(c3C)Cc4ccccc4)C,RUN301,-0.59,0.13
Cc1ccncc1NC(=O)Cc2cc(cc(c2)Cl)OCc3cc(no3)c4ccccc4,EN300-76253,EN300-76253,Cc1ccncc1NC(=O)Cc2cc(cc(c2)Cl)OCc3cc(no3)c4ccccc4,RUN3107,-0.59,0.14
Cc1ccncc1NC(=O)Cc2cc(cc(c2)Cl)OCC([CH2-])c3csc(n3)C4CC4,EN300-1936709,EN300-1936709,Cc1ccncc1NC(=O)Cc2cc(cc(c2)Cl)OCC(=C)c3csc(n3)C4CC4,RUN4484,-0.57,0.23
Cc1ccncc1NC(=O)Cc2cc(cc(c2)Cl)OCc3cccc(c3)c4nc(on4)C5CCC5,EN300-844238,EN300-844238,Cc1ccncc1NC(=O)Cc2cc(cc(c2)Cl)OCc3cccc(c3)c4nc(on4)C5CCC5,RUN2993,-0.57,0.18
Cc1ccncc1NC(=O)Cc2cc(cc(c2)Cl)OCc3cc(c4c(c3)OCO4)C5CC5,EN300-300079,EN300-300079,Cc1ccncc1NC(=O)Cc2cc(cc(c2)Cl)OCc3cc(c4c(c3)OCO4)C5CC5,RUN3418,-0.57,0.16
Cc1ccncc1NC(=O)Cc2cc(cc(c2)Cl)Oc3ccc(c(c3)CBr)Cl,EN300-75651,EN300-75651,Cc1ccncc1NC(=O)Cc2cc(cc(c2)Cl)Oc3ccc(c(c3)CBr)Cl,RUN2571,-0.56,0.11
Cc1ccncc1NC(=O)Cc2cc(cc(c2)Cl)OCc3c(n(nn3)C[C@@H]4CCCC[NH2+]C4)C,EN300-738987,EN300-738987,Cc1ccncc1NC(=O)Cc2cc(cc(c2)Cl)OCc3c(n(nn3)C[C@@H]4CCCC[NH2+]C4)C,RUN392,-0.55,0.14
Cc1ccncc1NC(=O)Cc2cc(cc(c2)Cl)Oc3cccc(c3CCBr)F,EN300-1916571,EN300-1916571,Cc1ccncc1NC(=O)Cc2cc(cc(c2)Cl)Oc3cccc(c3CCBr)F,RUN1098,-0.54,0.14
CCOC(=O)c1c(snn1)COc2cc(cc(c2)Cl)CC(=O)Nc3cnccc3C,EN300-177132,EN300-177132,CCOC(=O)c1c(snn1)COc2cc(cc(c2)Cl)CC(=O)Nc3cnccc3C,RUN361,-0.52,0.12
Cc1ccncc1NC(=O)Cc2cc(cc(c2)Cl)OCc3ccc(c(c3)C)C(=O)OC,EN300-1563127,EN300-1563127,Cc1ccncc1NC(=O)Cc2cc(cc(c2)Cl)OCc3ccc(c(c3)C)C(=O)OC,RUN4415,-0.51,0.19
Cc1ccncc1NC(=O)Cc2cc(cc(c2)Cl)OCc3cccc(c3)c4ccc(cc4)[C@@H]5CCO5,EN300-767696,EN300-767696,Cc1ccncc1NC(=O)Cc2cc(cc(c2)Cl)OCc3cccc(c3)c4ccc(cc4)[C@@H]5CCO5,RUN2490,-0.51,0.17
Cc1ccncc1NC(=O)Cc2cc(cc(c2)Cl)OCc3c(oc(=O)o3)c4cccc(c4)N(=O)=O,EN300-1613392,EN300-1613392,Cc1ccncc1NC(=O)Cc2cc(cc(c2)Cl)OCc3c(oc(=O)o3)c4cccc(c4)N(=O)=O,RUN2799,-0.51,0.22
Cc1ccncc1NC(=O)Cc2cc(cc(c2)Cl)Oc3cc(c(cc3CBr)OC)C(=O)OC,EN300-658821,EN300-658821,Cc1ccncc1NC(=O)Cc2cc(cc(c2)Cl)Oc3cc(c(cc3CBr)OC)C(=O)OC,RUN2540,-0.49,0.20
Cc1ccncc1NC(=O)Cc2cc(cc(c2)Cl)Oc3cc(c(o3)CCBr)C,EN300-1910378,EN300-1910378,Cc1ccncc1NC(=O)Cc2cc(cc(c2)Cl)Oc3cc(c(o3)CCBr)C,RUN434,-0.48,0.10
Cc1ccncc1NC(=O)Cc2cc(cc(c2)Cl)OCc3cc(no3)c4ccc(cc4)F,EN300-38958,EN300-38958,Cc1ccncc1NC(=O)Cc2cc(cc(c2)Cl)OCc3cc(no3)c4ccc(cc4)F,RUN3479,-0.47,0.14
Cc1ccncc1NC(=O)Cc2cc(cc(c2)Cl)OCC(=O)c3cc4cc(ccc4o3)Cl,EN300-14247,EN300-14247,Cc1ccncc1NC(=O)Cc2cc(cc(c2)Cl)OCC(=O)c3cc4cc(ccc4o3)Cl,RUN4540,-0.47,0.29
Cc1ccncc1NC(=O)Cc2cc(cc(c2)Cl)OCCn3cnnn3,EN300-379812,EN300-379812,Cc1ccncc1NC(=O)Cc2cc(cc(c2)Cl)OCCn3cnnn3,RUN4327,-0.47,0.17
Cc1ccncc1NC(=O)Cc2cc(cc(c2)Cl)OCC(=O)n3c(ncn3)N,EN300-7464827,EN300-7464827,Cc1ccncc1NC(=O)Cc2cc(cc(c2)Cl)OCC(=O)n3c(ncn3)N,RUN4391,-0.47,0.18
Cc1ccncc1NC(=O)Cc2cc(cc(c2)Cl)OCC(=O)c3cnn(c3)C,EN300-66387,EN300-66387,Cc1ccncc1NC(=O)Cc2cc(cc(c2)Cl)OCC(=O)c3cnn(c3)C,RUN4599,-0.47,0.48
Cc1ccncc1NC(=O)Cc2cc(cc(c2)Cl)OCc3nnc(o3)c4cnsn4,EN300-380073,EN300-380073,Cc1ccncc1NC(=O)Cc2cc(cc(c2)Cl)OCc3nnc(o3)c4cnsn4,RUN1159,-0.46,0.15
Cc1ccncc1NC(=O)Cc2cc(cc(c2)Cl)OCc3c(n(nn3)C[C@H]4CCCC[NH2+]C4)C,EN300-738987,EN300-738987,Cc1ccncc1NC(=O)Cc2cc(cc(c2)Cl)OCc3c(n(nn3)C[C@H]4CCCC[NH2+]C4)C,RUN640,-0.45,0.16
Cc1ccncc1NC(=O)Cc2cc(cc(c2)Cl)Oc3ccc(cc3)[C@@H](CI)OCC4CC4,EN300-1132699,EN300-1132699,Cc1ccncc1NC(=O)Cc2cc(cc(c2)Cl)Oc3ccc(cc3)[C@@H](CI)OCC4CC4,RUN1728,-0.44,0.15
Cc1ccncc1NC(=O)Cc2cc(cc(c2)Cl)OCc3ccc(c(c3F)Br)Cl,EN300-6764228,EN300-6764228,Cc1ccncc1NC(=O)Cc2cc(cc(c2)Cl)OCc3ccc(c(c3F)Br)Cl,RUN1389,-0.44,0.13
Cc1ccncc1NC(=O)Cc2cc(cc(c2)Cl)OCc3cc(no3)C(C)C,EN300-77512,EN300-77512,Cc1ccncc1NC(=O)Cc2cc(cc(c2)Cl)OCc3cc(no3)C(C)C,RUN1518,-0.44,0.12
Cc1ccncc1NC(=O)Cc2cc(cc(c2)Cl)Oc3cc(cc(c3)F)CBr,EN300-99500,EN300-99500,Cc1ccncc1NC(=O)Cc2cc(cc(c2)Cl)Oc3cc(cc(c3)F)CBr,RUN1809,-0.43,0.11
Cc1ccncc1NC(=O)Cc2cc(cc(c2)Cl)OCc3c(c(cs3)C)Br,EN300-1919504,EN300-1919504,Cc1ccncc1NC(=O)Cc2cc(cc(c2)Cl)OCc3c(c(cs3)C)Br,RUN183,-0.43,0.09
Cc1ccncc1NC(=O)Cc2cc(cc(c2)Cl)OCc3ccc(c(c3)OC)C(=O)OC,EN300-123146,EN300-123146,Cc1ccncc1NC(=O)Cc2cc(cc(c2)Cl)OCc3ccc(c(c3)OC)C(=O)OC,RUN4346,-0.42,0.17
Cc1ccncc1NC(=O)Cc2cc(cc(c2)Cl)Oc3c(c(ncn3)CBr)F,EN300-1697674,EN300-1697674,Cc1ccncc1NC(=O)Cc2cc(cc(c2)Cl)Oc3c(c(ncn3)CBr)F,RUN3759,-0.42,0.12
Cc1ccncc1NC(=O)Cc2cc(cc(c2)Cl)Oc3ccc(c(c3)C#N)CBr,EN300-107185,EN300-107185,Cc1ccncc1NC(=O)Cc2cc(cc(c2)Cl)Oc3ccc(c(c3)C#N)CBr,RUN3171,-0.42,0.14
Cc1ccncc1NC(=O)Cc2cc(cc(c2)Cl)OCc3cc(c(cc3F)C#N)F,EN300-269986,EN300-269986,Cc1ccncc1NC(=O)Cc2cc(cc(c2)Cl)OCc3cc(c(cc3F)C#N)F,RUN4230,-0.41,0.13
Cc1ccncc1NC(=O)Cc2cc(cc(c2)Cl)OC[C@@H](c3cc(c(c(c3)C)O)C)O,EN300-1927497,EN300-1927497,Cc1ccncc1NC(=O)Cc2cc(cc(c2)Cl)OC[C@@H](c3cc(c(c(c3)C)O)C)O,RUN3223,-0.41,0.18
Cc1ccncc1NC(=O)Cc2cc(cc(c2)Cl)OC[C@H](c3cccc4c3cccc4)O,EN300-87674,EN300-87674,Cc1ccncc1NC(=O)Cc2cc(cc(c2)Cl)OC[C@H](c3cccc4c3cccc4)O,RUN3047,-0.40,0.15
Cc1ccncc1NC(=O)Cc2cc(cc(c2)Cl)Oc3ccc(nc3CBr)C,EN300-7425216,EN300-7425216,Cc1ccncc1NC(=O)Cc2cc(cc(c2)Cl)Oc3ccc(nc3CBr)C,RUN2873,-0.39,0.12
Cc1ccncc1NC(=O)Cc2cc(cc(c2)Cl)Oc3ccc(cc3)NC4N[C@H]([C@H](S4)CBr)C,EN300-1274638,EN300-1274638,Cc1ccncc1NC(=O)Cc2cc(cc(c2)Cl)Oc3ccc(cc3)NC4=[NH+][C@H]([C@H](S4)CBr)C,RUN3760,-0.38,0.16
Cc1ccncc1NC(=O)Cc2cc(cc(c2)Cl)OCc3cc(c(cc3F)N(=O)=O)F,EN300-1896632,EN300-1896632,Cc1ccncc1NC(=O)Cc2cc(cc(c2)Cl)OCc3cc(c(cc3F)N(=O)=O)F,RUN3666,-0.37,0.14
Cc1ccncc1NC(=O)Cc2cc(cc(c2)Cl)OCc3ccccc3n4cc(nn4)[C@H]5CCCC[NH2+]5,EN300-764780,EN300-764780,Cc1ccncc1NC(=O)Cc2cc(cc(c2)Cl)OCc3ccccc3n4cc(nn4)[C@H]5CCCC[NH2+]5,RUN4329,-0.37,0.23
Cc1ccncc1NC(=O)Cc2cc(cc(c2)Cl)OC[C@H](c3cccc4c3ccnc4)O,EN300-1921394,EN300-1921394,Cc1ccncc1NC(=O)Cc2cc(cc(c2)Cl)OC[C@H](c3cccc4c3ccnc4)O,RUN3296,-0.37,0.16
CCNC(=O)c1cccc(c1)COc2cc(cc(c2)Cl)CC(=O)Nc3cnccc3C,EN300-1915625,EN300-1915625,CCNC(=O)c1cccc(c1)COc2cc(cc(c2)Cl)CC(=O)Nc3cnccc3C,RUN571,-0.37,0.15
Cc1ccncc1NC(=O)Cc2cc(cc(c2)Cl)OCc3cnccc3Cl,EN300-7434416,EN300-7434416,Cc1ccncc1NC(=O)Cc2cc(cc(c2)Cl)OCc3cnccc3Cl,RUN1026,-0.36,0.11
Cc1ccncc1NC(=O)Cc2cc(cc(c2)Cl)Oc3ccc(cc3)[C@@H](CI)OCC4CCC4,EN300-1137140,EN300-1137140,Cc1ccncc1NC(=O)Cc2cc(cc(c2)Cl)Oc3ccc(cc3)[C@@H](CI)OCC4CCC4,RUN1359,-0.36,0.16
Cc1ccncc1NC(=O)Cc2cc(cc(c2)Cl)OCc3cc(cc4c3nccc4)F,EN300-35204,EN300-35204,Cc1ccncc1NC(=O)Cc2cc(cc(c2)Cl)OCc3cc(cc4c3nccc4)F,RUN1226,-0.35,0.14
Cc1ccncc1NC(=O)Cc2cc(cc(c2)Cl)OCc3c(oc(=O)o3)c4ccc(cc4)OC,EN300-1613389,EN300-1613389,Cc1ccncc1NC(=O)Cc2cc(cc(c2)Cl)OCc3c(oc(=O)o3)c4ccc(cc4)OC,RUN2575,-0.34,0.19
Cc1ccncc1NC(=O)Cc2cc(cc(c2)Cl)OCc3cscc3Br,EN300-224566,EN300-224566,Cc1ccncc1NC(=O)Cc2cc(cc(c2)Cl)OCc3cscc3Br,RUN333,-0.34,0.09
Cc1ccncc1NC(=O)Cc2cc(cc(c2)Cl)OCc3cnsc3Br,EN300-7427269,EN300-7427269,Cc1ccncc1NC(=O)Cc2cc(cc(c2)Cl)OCc3cnsc3Br,RUN834,-0.34,0.11
Cc1ccncc1NC(=O)Cc2cc(cc(c2)Cl)OCc3cccnc3N(=O)=O,EN300-180043,EN300-180043,Cc1ccncc1NC(=O)Cc2cc(cc(c2)Cl)OCc3cccnc3N(=O)=O,RUN1551,-0.33,0.12
Cc1ccncc1NC(=O)Cc2cc(cc(c2)Cl)OCc3ccc(c(c3)C(=O)OC)O,EN300-1916585,EN300-1916585,Cc1ccncc1NC(=O)Cc2cc(cc(c2)Cl)OCc3ccc(c(c3)C(=O)OC)O,RUN1342,-0.33,0.17
Cc1ccncc1NC(=O)Cc2cc(cc(c2)Cl)OCc3cccc(c3)c4c(cn(n4)C(C)C)C(F)F,EN300-841086,EN300-841086,Cc1ccncc1NC(=O)Cc2cc(cc(c2)Cl)OCc3cccc(c3)c4c(cn(n4)C(C)C)C(F)F,RUN798,-0.33,0.20
Cc1ccncc1NC(=O)Cc2cc(cc(c2)Cl)Oc3cccc(c3n4cc(nn4)CCBr)F,EN300-766689,EN300-766689,Cc1ccncc1NC(=O)Cc2cc(cc(c2)Cl)Oc3cccc(c3n4cc(nn4)CCBr)F,RUN3550,-0.33,0.21
Cc1ccncc1NC(=O)Cc2cc(cc(c2)Cl)Oc3ccc(c(c3)C(=O)OC)CBr,EN300-202844,EN300-202844,Cc1ccncc1NC(=O)Cc2cc(cc(c2)Cl)Oc3ccc(c(c3)C(=O)OC)CBr,RUN2367,-0.33,0.14
Cc1ccncc1NC(=O)Cc2cc(cc(c2)Cl)OCCc3ccc(cc3O)OC,EN300-1906910,EN300-1906910,Cc1ccncc1NC(=O)Cc2cc(cc(c2)Cl)OCCc3ccc(cc3O)OC,RUN2912,-0.32,0.14
Cc1ccncc1NC(=O)Cc2cc(cc(c2)Cl)OCC(=O)NCCCCCCCC[NH3+],EN300-7456768,EN300-7456768,Cc1ccncc1NC(=O)Cc2cc(cc(c2)Cl)OCC(=O)NCCCCCCCC[NH3+],RUN1899,-0.32,0.24
Cc1ccc2c(c1)cc(o2)C(=O)COc3cc(cc(c3)Cl)CC(=O)Nc4cnccc4C,EN300-706185,EN300-706185,Cc1ccc2c(c1)cc(o2)C(=O)COc3cc(cc(c3)Cl)CC(=O)Nc4cnccc4C,RUN4521,-0.32,0.25
Cc1ccncc1NC(=O)Cc2cc(cc(c2)Cl)Oc3ccc(cc3)[C@@H](CI)O[C@H]4CCOC4,EN300-1132709,EN300-1132709,Cc1ccncc1NC(=O)Cc2cc(cc(c2)Cl)Oc3ccc(cc3)[C@@H](CI)O[C@H]4CCOC4,RUN2020,-0.32,0.15
Cc1ccncc1NC(=O)Cc2cc(cc(c2)Cl)OCCc3cc4ncccn4n3,EN300-1921187,EN300-1921187,Cc1ccncc1NC(=O)Cc2cc(cc(c2)Cl)OCCc3cc4ncccn4n3,RUN4291,-0.32,0.20
Cc1ccncc1NC(=O)Cc2cc(cc(c2)Cl)Oc3cccc(c3)[C@H](CI)OC4CCCC4,EN300-1132829,EN300-1132829,Cc1ccncc1NC(=O)Cc2cc(cc(c2)Cl)Oc3cccc(c3)[C@H](CI)OC4CCCC4,RUN1260,-0.32,0.18
Cc1ccncc1NC(=O)Cc2cc(cc(c2)Cl)OCc3cc(no3)c4c5ccccc5ccc4OC,EN300-127870,EN300-127870,Cc1ccncc1NC(=O)Cc2cc(cc(c2)Cl)OCc3cc(no3)c4c5ccccc5ccc4OC,RUN3778,-0.31,0.22
Cc1ccncc1NC(=O)Cc2cc(cc(c2)Cl)OCc3c(oc(=O)o3)c4cccc(c4)Br,EN300-1613387,EN300-1613387,Cc1ccncc1NC(=O)Cc2cc(cc(c2)Cl)OCc3c(oc(=O)o3)c4cccc(c4)Br,RUN1307,-0.31,0.19
Cc1ccncc1NC(=O)Cc2cc(cc(c2)Cl)OCS(=O)(=O)F,EN300-728709,EN300-728709,Cc1ccncc1NC(=O)Cc2cc(cc(c2)Cl)OCS(=O)(=O)F,RUN302,-0.31,0.09
Cc1ccncc1NC(=O)Cc2cc(cc(c2)Cl)OCc3ccc(o3)[C@@H]4C[C@H]4C,EN300-1940535,EN300-1940535,Cc1ccncc1NC(=O)Cc2cc(cc(c2)Cl)OCc3ccc(o3)[C@@H]4C[C@H]4C,RUN161,-0.31,0.11
Cc1ccncc1NC(=O)Cc2cc(cc(c2)Cl)OCCN3[CH+][NH2+]C(N3)Br,EN300-219845,EN300-219845,Cc1ccncc1NC(=O)Cc2cc(cc(c2)Cl)OCCn3cnc(n3)Br,RUN2721,-0.30,0.15
Cc1ccncc1NC(=O)Cc2cc(cc(c2)Cl)OCc3cc4cccc(c4o3)OC,EN300-236658,EN300-236658,Cc1ccncc1NC(=O)Cc2cc(cc(c2)Cl)OCc3cc4cccc(c4o3)OC,RUN2648,-0.30,0.16
Cc1ccncc1NC(=O)Cc2cc(cc(c2)Cl)Oc3cc(c(c(c3)F)F)CBr,EN300-254027,EN300-254027,Cc1ccncc1NC(=O)Cc2cc(cc(c2)Cl)Oc3cc(c(c(c3)F)F)CBr,RUN2633,-0.29,0.12
Cc1ccncc1NC(=O)Cc2cc(cc(c2)Cl)OCc3ccc(cc3)OC[C@@H]4CCCO4,EN300-118287,EN300-118287,Cc1ccncc1NC(=O)Cc2cc(cc(c2)Cl)OCc3ccc(cc3)OC[C@@H]4CCCO4,RUN3490,-0.28,0.15
Cc1ccncc1NC(=O)Cc2cc(cc(c2)Cl)OCC(=O)c3ccc4c(c3)CCCC4,EN300-43569,EN300-43569,Cc1ccncc1NC(=O)Cc2cc(cc(c2)Cl)OCC(=O)c3ccc4c(c3)CCCC4,RUN4494,-0.28,0.21
Cc1ccncc1NC(=O)Cc2cc(cc(c2)Cl)OCc3ccc(nn3)C,EN300-1456498,EN300-1456498,Cc1ccncc1NC(=O)Cc2cc(cc(c2)Cl)OCc3ccc(nn3)C,RUN1684,-0.28,0.12
Cc1ccncc1NC(=O)Cc2cc(cc(c2)Cl)OCc3cccc4c3nccc4,EN300-125523,EN300-125523,Cc1ccncc1NC(=O)Cc2cc(cc(c2)Cl)OCc3cccc4c3nccc4,RUN274,-0.28,0.14
Cc1ccncc1NC(=O)Cc2cc(cc(c2)Cl)OCc3c4ccccc4ccc3O,EN300-1897611,EN300-1897611,Cc1ccncc1NC(=O)Cc2cc(cc(c2)Cl)OCc3c4ccccc4ccc3O,RUN2647,-0.27,0.14
Cc1ccncc1NC(=O)Cc2cc(cc(c2)Cl)OCc3nnn(n3)C(C)(C)C,EN300-1937083,EN300-1937083,Cc1ccncc1NC(=O)Cc2cc(cc(c2)Cl)OCc3nnn(n3)C(C)(C)C,RUN1770,-0.27,0.12
CCCc1ccc(s1)C(=C)COc2cc(cc(c2)Cl)CC(=O)Nc3cnccc3C,EN300-1934022,EN300-1934022,CCCc1ccc(s1)C(=C)COc2cc(cc(c2)Cl)CC(=O)Nc3cnccc3C,RUN4524,-0.27,0.22
Cc1ccncc1NC(=O)Cc2cc(cc(c2)Cl)OCc3cn(nn3)CC4CC4,EN300-1256145,EN300-1256145,Cc1ccncc1NC(=O)Cc2cc(cc(c2)Cl)OCc3cn(nn3)CC4CC4,RUN398,-0.27,0.11
Cc1ccc(c(c1)OC)C(=O)COc2cc(cc(c2)Cl)CC(=O)Nc3cnccc3C,EN300-24109,EN300-24109,Cc1ccc(c(c1)OC)C(=O)COc2cc(cc(c2)Cl)CC(=O)Nc3cnccc3C,RUN4349,-0.27,0.23
Cc1ccncc1NC(=O)Cc2cc(cc(c2)Cl)OCc3nc4c(o3)CCCC4,EN300-374640,EN300-374640,Cc1ccncc1NC(=O)Cc2cc(cc(c2)Cl)OCc3nc4c(o3)CCCC4,RUN3442,-0.27,0.11
Cc1ccncc1NC(=O)Cc2cc(cc(c2)Cl)OCc3cc(n[nH]3)c4ccccc4,EN300-1864735,EN300-1864735,Cc1ccncc1NC(=O)Cc2cc(cc(c2)Cl)OCc3cc(n[nH]3)c4ccccc4,RUN2573,-0.27,0.15
Cc1ccncc1NC(=O)Cc2cc(cc(c2)Cl)OCc3c(n(nn3)[C@@H]4CCNc5c4cccc5)C,EN300-764389,EN300-764389,Cc1ccncc1NC(=O)Cc2cc(cc(c2)Cl)OCc3c(n(nn3)[C@@H]4CCNc5c4cccc5)C,RUN830,-0.26,0.16
Cc1ccncc1NC(=O)Cc2cc(cc(c2)Cl)OCc3cn(nn3)C,EN300-257065,EN300-257065,Cc1ccncc1NC(=O)Cc2cc(cc(c2)Cl)OCc3cn(nn3)C,RUN1272,-0.26,0.09
Cc1ccncc1NC(=O)Cc2cc(cc(c2)Cl)O[C@H](CBr)[S@@](=O)C(F)(F)F,EN300-379204,EN300-379204,Cc1ccncc1NC(=O)Cc2cc(cc(c2)Cl)O[C@H](CBr)[S@@](=O)C(F)(F)F,RUN3252,-0.25,0.14
Cc1ccncc1NC(=O)Cc2cc(cc(c2)Cl)OCC(=O)N3CC[C@H]3C(=O)N,EN300-1280988,EN300-1280988,Cc1ccncc1NC(=O)Cc2cc(cc(c2)Cl)OCC(=O)N3CC[C@H]3C(=O)N,RUN4578,-0.24,0.27
Cc1ccncc1NC(=O)Cc2cc(cc(c2)Cl)OC[C@H](c3cnc(s3)OC)O,EN300-1918941,EN300-1918941,Cc1ccncc1NC(=O)Cc2cc(cc(c2)Cl)OC[C@H](c3cnc(s3)OC)O,RUN3118,-0.24,0.19
Cc1ccncc1NC(=O)Cc2cc(cc(c2)Cl)Oc3c(n(nn3)C(C)C)CBr,EN300-1277859,EN300-1277859,Cc1ccncc1NC(=O)Cc2cc(cc(c2)Cl)Oc3c(n(nn3)C(C)C)CBr,RUN184,-0.24,0.11
Cc1ccncc1NC(=O)Cc2cc(cc(c2)Cl)OCc3cccc(c3)c4ccn[nH]4,EN300-843012,EN300-843012,Cc1ccncc1NC(=O)Cc2cc(cc(c2)Cl)OCc3cccc(c3)c4ccn[nH]4,RUN876,-0.24,0.12
Cc1ccncc1NC(=O)Cc2cc(cc(c2)Cl)Oc3ccc(cc3)CNC4N[C@@H]([C@@H](S4)CBr)C,EN300-1274631,EN300-1274631,Cc1ccncc1NC(=O)Cc2cc(cc(c2)Cl)Oc3ccc(cc3)C/[NH+]=C\4/N[C@@H]([C@@H](S4)CBr)C,RUN1822,-0.24,0.16
Cc1ccncc1NC(=O)Cc2cc(cc(c2)Cl)OCc3ccc(o3)Br,EN300-139605,EN300-139605,Cc1ccncc1NC(=O)Cc2cc(cc(c2)Cl)OCc3ccc(o3)Br,RUN316,-0.23,0.11
Cc1ccncc1NC(=O)Cc2cc(cc(c2)Cl)O[C@H](CBr)C(=O)Cl,EN300-121881,EN300-121881,Cc1ccncc1NC(=O)Cc2cc(cc(c2)Cl)O[C@H](CBr)C(=O)Cl,RUN3472,-0.23,0.14
Cc1ccncc1NC(=O)Cc2cc(cc(c2)Cl)OCc3c(cc(cc3F)F)OC,EN300-1893407,EN300-1893407,Cc1ccncc1NC(=O)Cc2cc(cc(c2)Cl)OCc3c(cc(cc3F)F)OC,RUN1620,-0.23,0.12
Cc1ccncc1NC(=O)Cc2cc(cc(c2)Cl)OCCc3cc4cc(ccc4[nH]3)Cl,EN300-1934449,EN300-1934449,Cc1ccncc1NC(=O)Cc2cc(cc(c2)Cl)OCCc3cc4cc(ccc4[nH]3)Cl,RUN3668,-0.23,0.15
CCCc1cccc(c1COc2cc(cc(c2)Cl)CC(=O)Nc3cnccc3C)C,EN300-1117588,EN300-1117588,CCCc1cccc(c1COc2cc(cc(c2)Cl)CC(=O)Nc3cnccc3C)C,RUN4303,-0.23,0.13
Cc1ccncc1NC(=O)Cc2cc(cc(c2)Cl)OCc3nc4ccccc4s3,EN300-99101,EN300-99101,Cc1ccncc1NC(=O)Cc2cc(cc(c2)Cl)OCc3nc4ccccc4s3,RUN3682,-0.23,0.13
Cc1ccncc1NC(=O)Cc2cc(cc(c2)Cl)OCc3ccc(cc3O)OC,EN300-1894400,EN300-1894400,Cc1ccncc1NC(=O)Cc2cc(cc(c2)Cl)OCc3ccc(cc3O)OC,RUN2847,-0.23,0.13
Cc1ccncc1NC(=O)Cc2cc(cc(c2)Cl)OCCc3cc(c(cc3OC)C)F,EN300-1918983,EN300-1918983,Cc1ccncc1NC(=O)Cc2cc(cc(c2)Cl)OCCc3cc(c(cc3OC)C)F,RUN3513,-0.22,0.15
Cc1ccncc1NC(=O)Cc2cc(cc(c2)Cl)OCc3c(ccs3)C(=O)OC,EN300-313279,EN300-313279,Cc1ccncc1NC(=O)Cc2cc(cc(c2)Cl)OCc3c(ccs3)C(=O)OC,RUN970,-0.21,0.12
Cc1ccncc1NC(=O)Cc2cc(cc(c2)Cl)OC[C@@H](c3cc(c(cc3F)N(=O)=O)F)O,EN300-2003699,EN300-2003699,Cc1ccncc1NC(=O)Cc2cc(cc(c2)Cl)OC[C@@H](c3cc(c(cc3F)N(=O)=O)F)O,RUN2754,-0.21,0.20
Cc1ccncc1NC(=O)Cc2cc(cc(c2)Cl)OCc3cc(no3)NC(=O)OC(C)(C)C,EN300-1706848,EN300-1706848,Cc1ccncc1NC(=O)Cc2cc(cc(c2)Cl)OCc3cc(no3)NC(=O)OC(C)(C)C,RUN2157,-0.21,0.15
CCOC(=O)c1c(coc1COc2cc(cc(c2)Cl)CC(=O)Nc3cnccc3C)C4CC4,EN300-703228,EN300-703228,CCOC(=O)c1c(coc1COc2cc(cc(c2)Cl)CC(=O)Nc3cnccc3C)C4CC4,RUN1126,-0.20,0.15
Cc1ccncc1NC(=O)Cc2cc(cc(c2)Cl)OCC([CH2-])c3csc4c3CCCC4,EN300-1939155,EN300-1939155,Cc1ccncc1NC(=O)Cc2cc(cc(c2)Cl)OCC(=C)c3csc4c3CCCC4,RUN4498,-0.20,0.20
Cc1ccncc1NC(=O)Cc2cc(cc(c2)Cl)OCc3ccc(cc3Br)Cl,EN300-76695,EN300-76695,Cc1ccncc1NC(=O)Cc2cc(cc(c2)Cl)OCc3ccc(cc3Br)Cl,RUN3337,-0.20,0.14
Cc1ccncc1NC(=O)Cc2cc(cc(c2)Cl)OC[C@H](c3cc4ccccc4nc3Cl)O,EN300-1921759,EN300-1921759,Cc1ccncc1NC(=O)Cc2cc(cc(c2)Cl)OC[C@H](c3cc4ccccc4nc3Cl)O,RUN4336,-0.20,0.22
Cc1ccncc1NC(=O)Cc2cc(cc(c2)Cl)OCCc3cn(nn3)C4COC4,EN300-740100,EN300-740100,Cc1ccncc1NC(=O)Cc2cc(cc(c2)Cl)OCCc3cn(nn3)C4COC4,RUN3372,-0.19,0.17
Cc1ccncc1NC(=O)Cc2cc(cc(c2)Cl)Oc3cccc(c3)[C@H](CI)OC4CCC4,EN300-1132820,EN300-1132820,Cc1ccncc1NC(=O)Cc2cc(cc(c2)Cl)Oc3cccc(c3)[C@H](CI)OC4CCC4,RUN546,-0.19,0.14
Cc1ccncc1NC(=O)Cc2cc(cc(c2)Cl)OCCN(=O)=O,EN300-189792,EN300-189792,Cc1ccncc1NC(=O)Cc2cc(cc(c2)Cl)OCCN(=O)=O,RUN1898,-0.19,0.10
Cc1ccncc1NC(=O)Cc2cc(cc(c2)Cl)Oc3cc(c(o3)[C@@H](CBr)O)C,EN300-1910456,EN300-1910456,Cc1ccncc1NC(=O)Cc2cc(cc(c2)Cl)Oc3cc(c(o3)[C@@H](CBr)O)C,RUN77,-0.18,0.16
Cc1ccncc1NC(=O)Cc2cc(cc(c2)Cl)OCc3c(n(nn3)Cc4ccc(nc4Br)F)C,EN300-840854,EN300-840854,Cc1ccncc1NC(=O)Cc2cc(cc(c2)Cl)OCc3c(n(nn3)Cc4ccc(nc4Br)F)C,RUN1094,-0.18,0.16
Cc1ccncc1NC(=O)Cc2cc(cc(c2)Cl)OCc3cc(cnc3C(=O)OC)COC,EN300-1145382,EN300-1145382,Cc1ccncc1NC(=O)Cc2cc(cc(c2)Cl)OCc3cc(cnc3C(=O)OC)COC,RUN4276,-0.18,0.17
Cc1ccncc1NC(=O)Cc2cc(cc(c2)Cl)OCc3cccnc3N4CCCCC4,EN300-1913480,EN300-1913480,Cc1ccncc1NC(=O)Cc2cc(cc(c2)Cl)OCc3cccnc3N4CCCCC4,RUN3408,-0.18,0.17
Cc1ccncc1NC(=O)Cc2cc(cc(c2)Cl)OCc3c(cc(cn3)Cl)Cl,EN300-1895232,EN300-1895232,Cc1ccncc1NC(=O)Cc2cc(cc(c2)Cl)OCc3c(cc(cn3)Cl)Cl,RUN2929,-0.18,0.12
Cc1ccncc1NC(=O)Cc2cc(cc(c2)Cl)OCc3ccccc3N(=O)=O,EN300-10621,EN300-10621,Cc1ccncc1NC(=O)Cc2cc(cc(c2)Cl)OCc3ccccc3N(=O)=O,RUN1965,-0.18,0.13
Cc1ccc(cc1)c2c(oc(=O)o2)COc3cc(cc(c3)Cl)CC(=O)Nc4cnccc4C,EN300-1613388,EN300-1613388,Cc1ccc(cc1)c2c(oc(=O)o2)COc3cc(cc(c3)Cl)CC(=O)Nc4cnccc4C,RUN2168,-0.18,0.18
Cc1ccncc1NC(=O)Cc2cc(cc(c2)Cl)OCc3ncc(o3)c4ccc(cc4)F,EN300-13565,EN300-13565,Cc1ccncc1NC(=O)Cc2cc(cc(c2)Cl)OCc3ncc(o3)c4ccc(cc4)F,RUN591,-0.17,0.14
Cc1ccncc1NC(=O)Cc2cc(cc(c2)Cl)Oc3cc(c(o3)[C@H](C)CBr)C,EN300-1910385,EN300-1910385,Cc1ccncc1NC(=O)Cc2cc(cc(c2)Cl)Oc3cc(c(o3)[C@H](C)CBr)C,RUN602,-0.17,0.11
CCCc1cc(ccc1COc2cc(cc(c2)Cl)CC(=O)Nc3cnccc3C)OC,EN300-1117578,EN300-1117578,CCCc1cc(ccc1COc2cc(cc(c2)Cl)CC(=O)Nc3cnccc3C)OC,RUN4356,-0.17,0.15
Cc1ccncc1NC(=O)Cc2cc(cc(c2)Cl)Oc3cc(c(cc3C(=O)CBr)OC)OC,EN300-170062,EN300-170062,Cc1ccncc1NC(=O)Cc2cc(cc(c2)Cl)Oc3cc(c(cc3C(=O)CBr)OC)OC,RUN1973,-0.17,0.20
Cc1ccncc1NC(=O)Cc2cc(cc(c2)Cl)OC[C@@H](c3ccc(cc3)N(=O)=O)O,EN300-1910226,EN300-1910226,Cc1ccncc1NC(=O)Cc2cc(cc(c2)Cl)OC[C@@H](c3ccc(cc3)N(=O)=O)O,RUN2028,-0.17,0.18
Cc1ccncc1NC(=O)Cc2cc(cc(c2)Cl)OCC(=O)c3cccc(c3)N(=O)=O,EN300-20767,EN300-20767,Cc1ccncc1NC(=O)Cc2cc(cc(c2)Cl)OCC(=O)c3cccc(c3)N(=O)=O,RUN4590,-0.16,0.34
CCOC(=O)c1c(coc1COc2cc(cc(c2)Cl)CC(=O)Nc3cnccc3C)CC4CC4,EN300-703231,EN300-703231,CCOC(=O)c1c(coc1COc2cc(cc(c2)Cl)CC(=O)Nc3cnccc3C)CC4CC4,RUN1063,-0.16,0.17
Cc1ccncc1NC(=O)Cc2cc(cc(c2)Cl)OCCc3cc4ccccc4[nH]3,EN300-367729,EN300-367729,Cc1ccncc1NC(=O)Cc2cc(cc(c2)Cl)OCCc3cc4ccccc4[nH]3,RUN3481,-0.16,0.15
Cc1ccncc1NC(=O)Cc2cc(cc(c2)Cl)OCc3nc(co3)C(=O)OC(C)(C)C,EN300-1609143,EN300-1609143,Cc1ccncc1NC(=O)Cc2cc(cc(c2)Cl)OCc3nc(co3)C(=O)OC(C)(C)C,RUN364,-0.15,0.14
Cc1ccncc1NC(=O)Cc2cc(cc(c2)Cl)OCC(=O)c3cc(sc3)C(=O)OC,EN300-1700433,EN300-1700433,Cc1ccncc1NC(=O)Cc2cc(cc(c2)Cl)OCC(=O)c3cc(sc3)C(=O)OC,RUN4283,-0.15,0.17
Cc1ccc(cc1N(=O)=O)COc2cc(cc(c2)Cl)CC(=O)Nc3cnccc3C,EN300-210903,EN300-210903,Cc1ccc(cc1N(=O)=O)COc2cc(cc(c2)Cl)CC(=O)Nc3cnccc3C,RUN2470,-0.15,0.14
Cc1ccncc1NC(=O)Cc2cc(cc(c2)Cl)OCc3ccc(cc3NC(=O)OC(C)(C)C)Cl,EN300-1889287,EN300-1889287,Cc1ccncc1NC(=O)Cc2cc(cc(c2)Cl)OCc3ccc(cc3NC(=O)OC(C)(C)C)Cl,RUN2123,-0.15,0.18
Cc1ccncc1NC(=O)Cc2cc(cc(c2)Cl)OCc3cn(nn3)[C@H]4CCNc5c4cccc5,EN300-764382,EN300-764382,Cc1ccncc1NC(=O)Cc2cc(cc(c2)Cl)OCc3cn(nn3)[C@H]4CCNc5c4cccc5,RUN1176,-0.15,0.17
Cc1ccncc1NC(=O)Cc2cc(cc(c2)Cl)OCc3cn(c4c3cccc4)C,EN300-1912469,EN300-1912469,Cc1ccncc1NC(=O)Cc2cc(cc(c2)Cl)OCc3cn(c4c3cccc4)C,RUN435,-0.15,0.10
Cc1ccncc1NC(=O)Cc2cc(cc(c2)Cl)Oc3cc(n(n3)C)CCBr,EN300-1921861,EN300-1921861,Cc1ccncc1NC(=O)Cc2cc(cc(c2)Cl)Oc3cc(n(n3)C)CCBr,RUN226,-0.14,0.12
CCc1cc(nc(c1COc2cc(cc(c2)Cl)CC(=O)Nc3cnccc3C)C)CC,EN300-364189,EN300-364189,CCc1cc(nc(c1COc2cc(cc(c2)Cl)CC(=O)Nc3cnccc3C)C)CC,RUN4567,-0.14,0.29
Cc1ccncc1NC(=O)Cc2cc(cc(c2)Cl)OCc3cn(nn3)[C@H]4CC[C@H](C4)[NH3+],EN300-695729,EN300-695729,Cc1ccncc1NC(=O)Cc2cc(cc(c2)Cl)OCc3cn(nn3)[C@H]4CC[C@H](C4)[NH3+],RUN1073,-0.14,0.16
Cc1ccncc1NC(=O)Cc2cc(cc(c2)Cl)OCc3cc(ccc3OC)OC,EN300-14150,EN300-14150,Cc1ccncc1NC(=O)Cc2cc(cc(c2)Cl)OCc3cc(ccc3OC)OC,RUN2092,-0.14,0.14
CCONC(=O)COc1cc(cc(c1)Cl)CC(=O)Nc2cnccc2C,EN300-2966841,EN300-2966841,CCONC(=O)COc1cc(cc(c1)Cl)CC(=O)Nc2cnccc2C,RUN43,-0.13,0.10
Cc1ccncc1NC(=O)Cc2cc(cc(c2)Cl)OC[C@H](c3ccc(cc3)F)O,EN300-1136771,EN300-1136771,Cc1ccncc1NC(=O)Cc2cc(cc(c2)Cl)OC[C@H](c3ccc(cc3)F)O,RUN2852,-0.13,0.17
Cc1ccncc1NC(=O)Cc2cc(cc(c2)Cl)OCc3c(oc(=O)o3)c4cccc(c4)Cl,EN300-1613383,EN300-1613383,Cc1ccncc1NC(=O)Cc2cc(cc(c2)Cl)OCc3c(oc(=O)o3)c4cccc(c4)Cl,RUN1379,-0.13,0.18
Cc1ccncc1NC(=O)Cc2cc(cc(c2)Cl)OCc3c[nH]nc3N(=O)=O,EN300-1915974,EN300-1915974,Cc1ccncc1NC(=O)Cc2cc(cc(c2)Cl)OCc3c[nH]nc3N(=O)=O,RUN2156,-0.13,0.12
Cc1ccncc1NC(=O)Cc2cc(cc(c2)Cl)OCc3ccc(o3)Cl,EN300-1896524,EN300-1896524,Cc1ccncc1NC(=O)Cc2cc(cc(c2)Cl)OCc3ccc(o3)Cl,RUN384,-0.13,0.11
Cc1ccncc1NC(=O)Cc2cc(cc(c2)Cl)Oc3cc(cc(c3)OC)CBr,EN300-4263497,EN300-4263497,Cc1ccncc1NC(=O)Cc2cc(cc(c2)Cl)Oc3cc(cc(c3)OC)CBr,RUN2446,-0.13,0.12
Cc1ccncc1NC(=O)Cc2cc(cc(c2)Cl)Oc3cc(cc4c3O[C@H](C4)CI)C,EN300-7433156,EN300-7433156,Cc1ccncc1NC(=O)Cc2cc(cc(c2)Cl)Oc3cc(cc4c3O[C@@H](C4)CI)C,RUN2999,-0.13,0.16
Cc1ccncc1NC(=O)Cc2cc(cc(c2)Cl)OCc3cnc(nc3)C4CC4,EN300-382760,EN300-382760,Cc1ccncc1NC(=O)Cc2cc(cc(c2)Cl)OCc3cnc(nc3)C4CC4,RUN2654,-0.13,0.13
Cc1ccncc1NC(=O)Cc2cc(cc(c2)Cl)OCc3cc(nn3C)C,EN300-1897863,EN300-1897863,Cc1ccncc1NC(=O)Cc2cc(cc(c2)Cl)OCc3cc(nn3C)C,RUN956,-0.13,0.12
Cc1ccncc1NC(=O)Cc2cc(cc(c2)Cl)OC[C@H](c3ccc(c(c3)N(=O)=O)F)O,EN300-1908580,EN300-1908580,Cc1ccncc1NC(=O)Cc2cc(cc(c2)Cl)OC[C@H](c3ccc(c(c3)N(=O)=O)F)O,RUN3152,-0.12,0.19
Cc1ccncc1NC(=O)Cc2cc(cc(c2)Cl)OC[C@H](c3nc4ccccc4s3)O,EN300-1921979,EN300-1921979,Cc1ccncc1NC(=O)Cc2cc(cc(c2)Cl)OC[C@H](c3nc4ccccc4s3)O,RUN3104,-0.12,0.22
Cc1ccncc1NC(=O)Cc2cc(cc(c2)Cl)Oc3cc(c(o3)CCCBr)C,EN300-1904938,EN300-1904938,Cc1ccncc1NC(=O)Cc2cc(cc(c2)Cl)Oc3cc(c(o3)CCCBr)C,RUN373,-0.12,0.12
Cc1ccncc1NC(=O)Cc2cc(cc(c2)Cl)OCc3cnn(n3)c4cccc(c4)Br,EN300-7493972,EN300-7493972,Cc1ccncc1NC(=O)Cc2cc(cc(c2)Cl)OCc3cnn(n3)c4cccc(c4)Br,RUN1316,-0.11,0.14
Cc1ccncc1NC(=O)Cc2cc(cc(c2)Cl)OCc3cc(c(cc3N(=O)=O)F)OC,EN300-138681,EN300-138681,Cc1ccncc1NC(=O)Cc2cc(cc(c2)Cl)OCc3cc(c(cc3N(=O)=O)F)OC,RUN4536,-0.11,0.28
Cc1ccncc1NC(=O)Cc2cc(cc(c2)Cl)OCCc3c(cc(cc3O)O)O,EN300-1934062,EN300-1934062,Cc1ccncc1NC(=O)Cc2cc(cc(c2)Cl)OCCc3c(cc(cc3O)O)O,RUN2850,-0.11,0.13
Cc1ccncc1NC(=O)Cc2cc(cc(c2)Cl)OCc3ccc4c(c3)N(CCO4)C,EN300-1917568,EN300-1917568,Cc1ccncc1NC(=O)Cc2cc(cc(c2)Cl)OCc3ccc4c(c3)[N@@](CCO4)C,RUN1675,-0.11,0.12
Cc1ccncc1NC(=O)Cc2cc(cc(c2)Cl)Oc3ccc(c(c3)O)CCBr,EN300-2002092,EN300-2002092,Cc1ccncc1NC(=O)Cc2cc(cc(c2)Cl)Oc3ccc(c(c3)O)CCBr,RUN700,-0.11,0.12
Cc1ccncc1NC(=O)Cc2cc(cc(c2)Cl)OCc3c4cc(ccc4sn3)O,EN300-1165403,EN300-1165403,Cc1ccncc1NC(=O)Cc2cc(cc(c2)Cl)OCc3c4cc(ccc4sn3)O,RUN405,-0.11,0.12
Cc1ccncc1NC(=O)Cc2cc(cc(c2)Cl)OCc3nc4ccccc4s3,EN300-134559,EN300-134559,Cc1ccncc1NC(=O)Cc2cc(cc(c2)Cl)OCc3nc4ccccc4s3,RUN3684,-0.11,0.12
Cc1ccncc1NC(=O)Cc2cc(cc(c2)Cl)OCCc3ccc(c(c3)F)N(=O)=O,EN300-1908666,EN300-1908666,Cc1ccncc1NC(=O)Cc2cc(cc(c2)Cl)OCCc3ccc(c(c3)F)N(=O)=O,RUN3114,-0.11,0.14
Cc1ccncc1NC(=O)Cc2cc(cc(c2)Cl)OC[C@@H](c3ccc(o3)N(=O)=O)O,EN300-1915476,EN300-1915476,Cc1ccncc1NC(=O)Cc2cc(cc(c2)Cl)OC[C@@H](c3ccc(o3)N(=O)=O)O,RUN1400,-0.11,0.19
Cc1ccncc1NC(=O)Cc2cc(cc(c2)Cl)OC[C@H](c3cccc(c3)Cl)O,EN300-1136777,EN300-1136777,Cc1ccncc1NC(=O)Cc2cc(cc(c2)Cl)OC[C@H](c3cccc(c3)Cl)O,RUN2701,-0.10,0.17
Cc1ccncc1NC(=O)Cc2cc(cc(c2)Cl)OCc3cccc(c3)c4ccn[nH]4,EN300-26674128,EN300-26674128,Cc1ccncc1NC(=O)Cc2cc(cc(c2)Cl)OCc3cccc(c3)c4ccn[nH]4,RUN877,-0.10,0.13
Cc1ccncc1NC(=O)Cc2cc(cc(c2)Cl)OCc3cc(cc(c3)Cl)C#N,EN300-396514,EN300-396514,Cc1ccncc1NC(=O)Cc2cc(cc(c2)Cl)OCc3cc(cc(c3)Cl)C#N,RUN2105,-0.10,0.13
Cc1ccncc1NC(=O)Cc2cc(cc(c2)Cl)OCc3cc4c(cc3OC)OCO4,EN300-1997073,EN300-1997073,Cc1ccncc1NC(=O)Cc2cc(cc(c2)Cl)OCc3cc4c(cc3OC)OCO4,RUN3647,-0.10,0.15
Cc1ccncc1NC(=O)Cc2cc(cc(c2)Cl)OCc3cc(on3)C,EN300-216088,EN300-216088,Cc1ccncc1NC(=O)Cc2cc(cc(c2)Cl)OCc3cc(on3)C,RUN989,-0.09,0.11
Cc1ccncc1NC(=O)Cc2cc(cc(c2)Cl)OC/C=C\c3ccccc3,EN300-1246893,EN300-1246893,Cc1ccncc1NC(=O)Cc2cc(cc(c2)Cl)OC/C=C\c3ccccc3,RUN1067,-0.09,0.11
Cc1ccncc1NC(=O)Cc2cc(cc(c2)Cl)Oc3ccc(c(c3)F)CCCBr,EN300-674675,EN300-674675,Cc1ccncc1NC(=O)Cc2cc(cc(c2)Cl)Oc3ccc(c(c3)F)CCCBr,RUN1103,-0.09,0.12
Cc1ccncc1NC(=O)Cc2cc(cc(c2)Cl)OCc3ccc4c(c3)[C@@H]([C@H](O4)C)C,EN300-1653517,EN300-1653517,Cc1ccncc1NC(=O)Cc2cc(cc(c2)Cl)OCc3ccc4c(c3)[C@@H]([C@@H](O4)C)C,RUN1588,-0.09,0.14
Cc1ccncc1NC(=O)Cc2cc(cc(c2)Cl)OCc3c(=O)[nH]c4ccccc4n3,EN300-28768,EN300-28768,Cc1ccncc1NC(=O)Cc2cc(cc(c2)Cl)OCc3c(=O)[nH]c4ccccc4n3,RUN3274,-0.09,0.15
Cc1ccncc1NC(=O)Cc2cc(cc(c2)Cl)OCc3cnc(cn3)Br,EN300-6245933,EN300-6245933,Cc1ccncc1NC(=O)Cc2cc(cc(c2)Cl)OCc3cnc(cn3)Br,RUN3059,-0.09,0.12
Cc1ccncc1NC(=O)Cc2cc(cc(c2)Cl)Oc3ccc(c(c3)Cl)CBr,EN300-260177,EN300-260177,Cc1ccncc1NC(=O)Cc2cc(cc(c2)Cl)Oc3ccc(c(c3)Cl)CBr,RUN1848,-0.09,0.12
Cc1ccncc1NC(=O)Cc2cc(cc(c2)Cl)OCCc3cnn(c3)c4ccc(cc4)O,EN300-1296576,EN300-1296576,Cc1ccncc1NC(=O)Cc2cc(cc(c2)Cl)OCCc3cnn(c3)c4ccc(cc4)O,RUN4341,-0.09,0.16
Cc1ccncc1NC(=O)Cc2cc(cc(c2)Cl)OCC(=O)c3ccc(c(c3)N(=O)=O)Cl,EN300-26952,EN300-26952,Cc1ccncc1NC(=O)Cc2cc(cc(c2)Cl)OCC(=O)c3ccc(c(c3)N(=O)=O)Cl,RUN4419,-0.08,0.20
Cc1ccncc1NC(=O)Cc2cc(cc(c2)Cl)Oc3cccc(c3)[C@@H](CI)OC4CCC4,EN300-1132820,EN300-1132820,Cc1ccncc1NC(=O)Cc2cc(cc(c2)Cl)Oc3cccc(c3)[C@@H](CI)OC4CCC4,RUN692,-0.08,0.16
Cc1ccncc1NC(=O)Cc2cc(cc(c2)Cl)OCc3cccc(c3C)OC,EN300-310116,EN300-310116,Cc1ccncc1NC(=O)Cc2cc(cc(c2)Cl)OCc3cccc(c3C)OC,RUN2457,-0.08,0.13
Cc1ccncc1NC(=O)Cc2cc(cc(c2)Cl)Oc3cccc(c3)NC4N[C@@H]([C@@H](S4)CBr)C,EN300-1274639,EN300-1274639,Cc1ccncc1NC(=O)Cc2cc(cc(c2)Cl)Oc3cccc(c3)NC4=[NH+][C@@H]([C@@H](S4)CBr)C,RUN1646,-0.07,0.17
CCOc1ccc(cc1)[C@@H](COc2cc(cc(c2)Cl)CC(=O)Nc3cnccc3C)O,EN300-87706,EN300-87706,CCOc1ccc(cc1)[C@@H](COc2cc(cc(c2)Cl)CC(=O)Nc3cnccc3C)O,RUN2940,-0.07,0.20
Cc1ccncc1NC(=O)Cc2cc(cc(c2)Cl)OC[C@@H](c3c(c4ccccc4nn3)Cl)O,EN300-1918363,EN300-1918363,Cc1ccncc1NC(=O)Cc2cc(cc(c2)Cl)OC[C@@H](c3c(c4ccccc4nn3)Cl)O,RUN4539,-0.07,0.33
Cc1ccncc1NC(=O)Cc2cc(cc(c2)Cl)OC[C@H](c3ccc4cccnc4c3)O,EN300-1918995,EN300-1918995,Cc1ccncc1NC(=O)Cc2cc(cc(c2)Cl)OC[C@H](c3ccc4cccnc4c3)O,RUN2919,-0.07,0.18
CCOC(=O)c1c(coc1COc2cc(cc(c2)Cl)CC(=O)Nc3cnccc3C)C4CCC4,EN300-703234,EN300-703234,CCOC(=O)c1c(coc1COc2cc(cc(c2)Cl)CC(=O)Nc3cnccc3C)C4CCC4,RUN1813,-0.07,0.17
Cc1ccncc1NC(=O)Cc2cc(cc(c2)Cl)OCc3cccc(c3)OCc4ccccc4,EN300-59530,EN300-59530,Cc1ccncc1NC(=O)Cc2cc(cc(c2)Cl)OCc3cccc(c3)OCc4ccccc4,RUN1147,-0.07,0.15
Cc1ccncc1NC(=O)Cc2cc(cc(c2)Cl)OCc3cn(nn3)Cc4c(c(c(cn4)C)OC)C,EN300-766154,EN300-766154,Cc1ccncc1NC(=O)Cc2cc(cc(c2)Cl)OCc3cn(nn3)Cc4c(c(c(cn4)C)OC)C,RUN2176,-0.07,0.18
Cc1ccncc1NC(=O)Cc2cc(cc(c2)Cl)Oc3cc(c(cc3CBr)F)F,EN300-1898328,EN300-1898328,Cc1ccncc1NC(=O)Cc2cc(cc(c2)Cl)Oc3cc(c(cc3CBr)F)F,RUN1288,-0.06,0.13
Cc1ccncc1NC(=O)Cc2cc(cc(c2)Cl)OCc3ccc(c(c3F)Br)F,EN300-1912781,EN300-1912781,Cc1ccncc1NC(=O)Cc2cc(cc(c2)Cl)OCc3ccc(c(c3F)Br)F,RUN1244,-0.06,0.15
Cc1ccncc1NC(=O)Cc2cc(cc(c2)Cl)OCCc3cscn3,EN300-2010197,EN300-2010197,Cc1ccncc1NC(=O)Cc2cc(cc(c2)Cl)OCCc3cscn3,RUN3276,-0.05,0.13
Cc1ccncc1NC(=O)Cc2cc(cc(c2)Cl)OCc3cnn(c3)C(C)(C)C,EN300-1897247,EN300-1897247,Cc1ccncc1NC(=O)Cc2cc(cc(c2)Cl)OCc3cnn(c3)C(C)(C)C,RUN889,-0.05,0.13
Cc1ccncc1NC(=O)Cc2cc(cc(c2)Cl)OCCc3cn(nn3)[C@H]4CC[C@H](C4)[NH3+],EN300-695755,EN300-695755,Cc1ccncc1NC(=O)Cc2cc(cc(c2)Cl)OCCc3cn(nn3)[C@H]4CC[C@H](C4)[NH3+],RUN4348,-0.05,0.27
Cc1ccncc1NC(=O)Cc2cc(cc(c2)Cl)OCCc3ccc(cc3O)O,EN300-1938792,EN300-1938792,Cc1ccncc1NC(=O)Cc2cc(cc(c2)Cl)OCCc3ccc(cc3O)O,RUN3037,-0.05,0.14
Cc1ccncc1NC(=O)Cc2cc(cc(c2)Cl)OCC[N@](Cc3ccccc3)S(=O)(=O)C,EN300-175288,EN300-175288,Cc1ccncc1NC(=O)Cc2cc(cc(c2)Cl)OCC[N@](Cc3ccccc3)S(=O)(=O)C,RUN4600,-0.04,0.64
Cc1ccncc1NC(=O)Cc2cc(cc(c2)Cl)OCC(=O)c3ccc(=O)[nH]c3,EN300-7464360,EN300-7464360,Cc1ccncc1NC(=O)Cc2cc(cc(c2)Cl)OCC(=O)c3ccc(=O)[nH]c3,RUN4552,-0.03,0.29
Cc1ccncc1NC(=O)Cc2cc(cc(c2)Cl)OC[C@@H](c3ccc(cc3F)N(=O)=O)O,EN300-1917759,EN300-1917759,Cc1ccncc1NC(=O)Cc2cc(cc(c2)Cl)OC[C@@H](c3ccc(cc3F)N(=O)=O)O,RUN1698,-0.03,0.19
Cc1ccncc1NC(=O)Cc2cc(cc(c2)Cl)Oc3cccc(c3CBr)C(=O)OC,EN300-222255,EN300-222255,Cc1ccncc1NC(=O)Cc2cc(cc(c2)Cl)Oc3cccc(c3CBr)C(=O)OC,RUN3088,-0.03,0.16
Cc1ccncc1NC(=O)Cc2cc(cc(c2)Cl)OCCc3cn(nn3)c4ccccc4,EN300-1865390,EN300-1865390,Cc1ccncc1NC(=O)Cc2cc(cc(c2)Cl)OCCc3cn(nn3)c4ccccc4,RUN4613,-0.03,0.40
Cc1ccncc1NC(=O)Cc2cc(cc(c2)Cl)OCc3ccc(c(c3O)O)O,EN300-1926794,EN300-1926794,Cc1ccncc1NC(=O)Cc2cc(cc(c2)Cl)OCc3ccc(c(c3O)O)O,RUN2116,-0.03,0.17
Cc1ccncc1NC(=O)Cc2cc(cc(c2)Cl)OCCOc3ccccc3N(=O)=O,EN300-45396,EN300-45396,Cc1ccncc1NC(=O)Cc2cc(cc(c2)Cl)OCCOc3ccccc3N(=O)=O,RUN3014,-0.02,0.20
Cc1ccncc1NC(=O)Cc2cc(cc(c2)Cl)OC[C@@H](c3cc(cc(c3)Cl)F)O,EN300-1926690,EN300-1926690,Cc1ccncc1NC(=O)Cc2cc(cc(c2)Cl)OC[C@@H](c3cc(cc(c3)Cl)F)O,RUN2350,-0.02,0.21
Cc1ccncc1NC(=O)Cc2cc(cc(c2)Cl)OCc3csc4c3cccc4,EN300-50577,EN300-50577,Cc1ccncc1NC(=O)Cc2cc(cc(c2)Cl)OCc3csc4c3cccc4,RUN55,-0.01,0.11
Cc1ccncc1NC(=O)Cc2cc(cc(c2)Cl)OCc3nnc4n3CCC4,EN300-1613316,EN300-1613316,Cc1ccncc1NC(=O)Cc2cc(cc(c2)Cl)OCc3nnc4n3CCC4,RUN357,-0.00,0.13
