SMILES,TITLE,Hybrid2,docked_fragment
c1ccc(cc1)C2(CCCC2)CC(=O)Nc3cccnc3,CHR-SOS-f7373dd1-4,-11.737092,x0678
Cc1ccncc1NC(=O)CCNC(=O)c2ccccc2F,PET-SGC-2e937068-1,-11.340974,x0678
c1cc(cnc1)NC(=O)Cc2ccc(s2)Cl,DAR-DIA-842b4336-13,-11.181113,x0678
c1ccc(cc1)[C@@H]2C[N@@H+](C[C@H]2C(=O)N)Cc3cccnc3,DUN-NEW-d8381160-1,-11.157682,x0678
Cc1ccncc1NC(=O)[C@@H](C)c2cccc(c2)Cl,TRY-UNI-714a760b-18,-11.149205,x0678
c1ccc(c(c1)CC(=O)OCc2cn[nH]n2)O[C@@H]3CCOC3,BAR-COM-4e090d3a-50,-11.107311,x0678
Cc1ccncc1NC(=O)CC(C)(C)NC(=O)c2cccc3c2cc[nH]3,GAB-REV-70cc3ca5-6,-11.083416,x0678
c1ccc(cc1)N2CCN(CC2)C(=O)c3cc(=O)[nH]c4c3cccc4,MAT-POS-916a2c5a-4,-10.749320,x0107
c1ccc(cc1)OCc2c3c(cccc3sc2C(=O)NCc4cnccn4)F,BAR-COM-4e090d3a-64,-10.726959,x0678
c1cc(cc(c1)Cl)CNC(=O)Cc2c[nH]c3c2cccn3,TRY-UNI-1fd04853-5,-10.682974,x0678
Cc1cnc(o1)CC(=O)Nc2cccnc2,DAR-DIA-842b4336-16,-10.643672,x0678
c1ccc2c(c1)C[C@@H](C[N@]2CC(=O)Nc3cnccn3)C(=O)N,BAR-COM-4e090d3a-21,-10.617538,x0678
Cc1nnc(s1)CC(=O)Nc2cccnc2,ALE-HEI-f28a35b5-5,-10.544547,x0678
c1ccc(cc1)NC(=O)Cc2cncc3c2cccc3,DAR-DIA-23aa0b97-20,-10.520862,x0678
Cc1ccncc1NC(=O)Nc2ccccc2,ALE-HEI-f28a35b5-1,-10.495522,x0678
Cc1ccncc1NC(=O)Nc2ccccc2,TRY-UNI-714a760b-4,-10.495522,x0678
Cc1ccncc1NC(=O)Cc2ccc(cc2)S(=O)(=O)N,GAB-REV-70cc3ca5-20,-10.478170,x0107
Cc1ccncc1NC(=O)Cc2ccccc2,TRY-UNI-714a760b-5,-10.434412,x0678
c1cc(ccc1N2CCC(CC2)c3ccncc3)S(=O)(=O)N,WAR-XCH-b72a1bbc-15,-10.408019,x0195
Cc1ccncc1NC(=O)Cc2cccc(c2)Cl,TRY-UNI-714a760b-6,-10.387289,x0678
c1ccc(cc1)NC2CCN(CC2)c3ccc(cc3)S(=O)(=O)N,WAR-XCH-b6889685-29,-10.363422,x0072
C[C@@H](c1ccc2c3cc(ccc3[nH]c2c1)Cl)C(=O)[O-],AAR-POS-fca48359-19,-10.343470,x0749
C[C@@H](c1ccc2c3cc(ccc3[nH]c2c1)Cl)C(=O)[O-],AAR-POS-fca48359-20,-10.343470,x0749
C[C@@H](c1ccc2c3cc(ccc3[nH]c2c1)Cl)C(=O)[O-],GER-UNI-ec786817-1,-10.343470,x0749
C[C@@H](c1ccc2c3cc(ccc3[nH]c2c1)Cl)C(=O)[O-],MAK-UNK-0d6072ac-4,-10.343470,x0749
c1ccc(c(c1)C(=O)NC[C@@H](Cn2ccnn2)O)OC3CCC3,BAR-COM-4e090d3a-34,-10.300408,x0678
Cc1c(cncn1)NC(=O)Nc2ccccc2,HAN-NEW-5f56c3bc-1,-10.278812,x0678
c1cc(cc(c1)N2CCC2=O)NC(=O)NCc3cccnn3,BAR-COM-4e090d3a-60,-10.245558,x0397
Cn1cc(nn1)CNC(=O)N(CCc2ccccc2)Cc3cccnc3,BAR-COM-4e090d3a-47,-10.219568,x0678
c1ccc(cc1)C(c2ccccc2)[NH+]3CCN(CC3)C(=O)CCl,SIM-SYN-f15aaa3a-1,-10.115160,x1392
c1cc2c(c[nH]c2nc1)CC(=O)NCc3ccc(cc3)Cl,TRY-UNI-1fd04853-7,-10.089762,x0678
C=CC(=O)N1CCC[C@H](C1)c2nc3ccccc3s2,JOO-IND-b13e14cc-1,-10.088066,x0749
Cc1ccncc1NC(=O)CCNc2ccc(cc2)S(=O)(=O)N,GAB-REV-70cc3ca5-3,-10.081774,x0107
Cc1nnc(s1)NC(=O)Nc2cccnc2,ALE-HEI-f28a35b5-4,-10.058550,x0678
C=CC(=O)N1CC[NH+](CC1)Cc2cc(cc3c2cccc3)Cl,MAT-POS-4e253971-2,-10.049481,x0830
Cc1ccc(s1)NC(=O)Nc2cccnc2,DAR-DIA-842b4336-3,-10.044557,x0678
c1ccc(cc1)[C@H](C[NH+]2CCOCC2)NC(=O)CCn3ccnn3,BAR-COM-4e090d3a-45,-10.001107,x0678
CS(=O)(=O)Nc1cccc(c1)C(=O)Oc2cccc(c2)N3CCCC3=O,MAK-UNK-9159f8ed-7,-9.903871,x0161
c1cc(ccc1NC2CCN(CC2)c3ccc(cc3)S(=O)(=O)N)F,WAR-XCH-b6889685-26,-9.858924,x0072
c1cc(cnc1)NC(=O)Nc2cc(cnc2)Cl,DAR-DIA-23aa0b97-15,-9.845115,x0107
CS(=O)(=O)Cc1ccc(o1)C(=O)Nc2cccnc2,ANT-DIA-3c79be55-4,-9.845098,x0107
c1cc(cc(c1)Cl)NC(=O)Cc2c[nH]c3c2cccn3,DAR-DIA-23aa0b97-12,-9.791058,x0397
c1ccc(cc1)CCCc2cccc(c2)NC(=O)Cc3cncnc3,BAR-COM-4e090d3a-11,-9.786640,x0678
Cc1coc(n1)NC(=O)Nc2cccnc2,DAR-DIA-842b4336-7,-9.765095,x0678
Cc1ccncc1NC(=O)Nc2cccc(c2)Cl,TRY-UNI-714a760b-12,-9.759779,x0678
Cc1ccncc1NC(=O)Nc2cccc(c2)Cl,JAG-UCB-cedd89ab-8,-9.759779,x0678
CS(=O)(=O)NCC[C@H]1CCCC[N@@H+]1CC(=O)Nc2cccnc2,BEN-DND-362d364a-10,-9.718414,x0678
CCC(C)(C)CCN(Cc1ccsc1)C(=O)Cn2c3ccccc3nn2,RUT-UNI-630c5802-20,-9.695564,x0678
c1ccc2c(c1)cccc2C[NH+]3CCN(CC3)C(=O)CCl,MED-COV-4280ac29-31,-9.686901,x0830
c1ccc2c(c1)cccc2C[NH+]3CCN(CC3)C(=O)CCl,AAR-POS-d2a4d1df-40,-9.686901,x0830
c1cc(cc(c1)Cl)NC(=O)Nc2cc(cnc2)N,DAR-DIA-23aa0b97-13,-9.678142,x0678
CC(C)[N@@H+](C)CC1CCN(CC1)c2ccc(cc2)S(=O)(=O)N,WAR-XCH-b72a1bbc-48,-9.625897,x0104
c1cc(cc(c1)Cl)C(=O)Nc2cccnc2,CHR-SOS-7098f804-12,-9.620449,x0678
Cc1ccc(cc1)NC2CCN(CC2)c3ccc(cc3)S(=O)(=O)N,WAR-XCH-b6889685-25,-9.584717,x0072
c1cc(cnc1)NC(=O)c2cc(ccc2O)Cl,CHR-SOS-7098f804-11,-9.563734,x0678
c1cc(cc(c1)N2CCOCC2)NC(=O)NCc3cncs3,BAR-COM-4e090d3a-58,-9.563450,x0195
Cc1ccnc(c1)NC(=O)Cc2ccc3ccccc3c2,ALV-UNI-7ff1a6f9-45,-9.554324,x1093
c1cc2c(c[nH]c2nc1)CC(=O)NCc3cc(ccn3)Cl,TRY-UNI-1fd04853-9,-9.539196,x0678
c1cc(cnc1)NC(=O)Nc2ccc(s2)Cl,DAR-DIA-842b4336-4,-9.498690,x0678
c1cc(cc(c1)NC(=O)NCc2ccns2)CN3CCCC3=O,BAR-COM-4e090d3a-61,-9.494002,x0195
C[C@@H](c1cnccn1)C(=O)Nc2cccc(c2)NC3CCCC3,BAR-COM-4e090d3a-20,-9.470178,x0678
Cc1ccncc1c2ccc(cc2)S(=O)(=O)N,WAR-XCH-b72a1bbc-4,-9.448851,x0678
C[C@@H](c1cnccn1)NC(=O)c2ccccc2OC3CCCCC3,BAR-COM-4e090d3a-26,-9.447334,x0678
Cc1cccc(c1)NC2CCN(CC2)c3ccc(cc3)S(=O)(=O)N,WAR-XCH-b6889685-27,-9.421846,x0072
CC(=O)N1CC[NH+](CC1)Cc2cc(cc(c2)Cl)O,KIM-UNI-2ee5d8f9-1,-9.378798,x0749
CNC(=O)OC1CCN(CC1)C(=O)c2ccncc2,GIA-UNK-595fac82-3,-9.361073,x0104
CNC(=O)OC1CCN(CC1)C(=O)c2ccccc2,GIA-UNK-595fac82-2,-9.340299,x0104
CCC(=O)NCC[C@@H]1CCc2c1c3c(cc2)OCC3,JOH-MSK-ec639444-2,-9.332843,x0104
c1ccc(cc1)CCNS(=O)(=O)c2ccoc2,MIH-UNI-6b9ca91a-6,-9.325847,x0678
COC1CCN(CC1)c2ccc(cc2)S(=O)(=O)N,WAR-XCH-b72a1bbc-9,-9.316606,x0749
c1ccc(cc1)C[C@@H](c2cccs2)NC(=O)NCc3cccnn3,BAR-COM-4e090d3a-29,-9.271416,x1077
CC(=O)N1CCN(CC1)C(=O)Cc2ccccn2,JON-UIO-066ce08b-3,-9.234826,x0107
c1cc(ccc1N2CCC(CC2)C[NH+]3CCCCCC3)S(=O)(=O)N,WAR-XCH-b72a1bbc-20,-9.220327,x0104
C[C@@H]1CS[C@@H]([N@H+]1C)/N=N/C(=O)C(=O)[C@@H](C2CCOCC2)NC(=O)C3CCCCCC3,AAR-POS-dddeddbf-5,-9.213070,x0749
Cn1cncc1CNC(=O)Nc2cccc(n2)OCC(F)F,BAR-COM-4e090d3a-52,-9.207413,x1093
COc1cc(c2ccccc2n1)CNC(=O)Cc3[nH]ccn3,BAR-COM-4e090d3a-22,-9.205212,x0104
CC(=O)NCCc1cn(c2c1cccc2)CC(=O)N3CCOCC3,DUN-NEW-f8ce3686-13,-9.162056,x0104
CC[C@H](c1ccccc1OCC(=O)N2CCCC2)NC(=O)NCc3cnccn3,BAR-COM-4e090d3a-27,-9.135799,x0072
C1CCN(CC1)C(=O)C2CCN(CC2)C(=O)CCl,AAR-POS-0daf6b7e-9,-9.132237,x0749
C1CCN(CC1)C(=O)C2CCN(CC2)C(=O)CCl,VIR-GIT-7b3d3065-2,-9.132237,x0749
c1cc(ccc1N2CCC(CC2)CO)S(=O)(=O)N,WAR-XCH-b72a1bbc-14,-9.132140,x0749
Cc1ccncc1NC(=O)c2cccc(c2)NC(=O)Nc3cccnc3,MAK-UNK-129dcd6f-9,-9.129883,x0678
Cc1ccncc1NC(=O)c2cccc(c2)NC(=O)Nc3cccnc3,MAK-UNK-129dcd6f-11,-9.129883,x0678
c1cc2c(c[nH]c2nc1)CC(=O)NCc3ccc(cn3)Cl,TRY-UNI-1fd04853-11,-9.105130,x0749
C[C@H]([C@@H](Cc1ccccc1)C(=O)OC)NC(=O)[C@H](C)n2ccnc2,BAR-COM-4e090d3a-36,-9.083750,x0678
Cc1cccc(c1OCC(=O)NCCc2ccccc2)C,ALE-UNK-fca05062-3,-9.082601,x0104
CC(=O)N1CCN(CC1)S(=O)(=O)c2cccs2,MAK-UNK-6435e6c2-1,-9.079074,x0072
CC(=O)Nc1cccc(c1)N2CCCC2=O,MAK-UNK-6435e6c2-4,-9.072135,x0749
CC(=O)N1CCN(CC1)S(=O)(=O)c2cccc(c2)F,MAK-UNK-6435e6c2-5,-9.055698,x0072
c1ccc(cc1)CCOc2cccc(c2)NC(=O)Cc3cccnc3Cl,BAR-COM-4e090d3a-15,-9.012136,x0195
CC(=O)N1CCN(CC1)S(=O)(=O)c2c(cccc2F)F,MAK-UNK-6435e6c2-6,-9.008776,x0072
Cc1ccncc1NC(=O)[C@@H](C)c2cccc(c2)C#N,TRY-UNI-714a760b-22,-8.995143,x0831
c1ccc(cc1)CCNC(=O)COc2ccccc2,ALE-UNK-fca05062-4,-8.960869,x0678
Cc1cc(cc(c1)Cl)NC(=O)Nc2cccnc2,WAR-XCH-eb7b662f-5,-8.949402,x0678
c1cc(oc1)C2CCN(CC2)c3ccc(cc3)S(=O)(=O)N,WAR-XCH-b72a1bbc-7,-8.915313,x0195
CC(=O)NCCc1c[nH]c2c1cc(cc2)OC,JOH-MSK-35a8745a-1,-8.913157,x0104
CC(=O)NCCc1c[nH]c2c1cc(cc2)OC,ALE-ACE-2610ee4d-1,-8.913157,x0104
c1ccc2c(c1)c(no2)CNC(=O)c3ccccc3OCC4CC4,BAR-COM-4e090d3a-43,-8.908870,x0678
C[C@H](c1cccc(c1)NC(=O)Cc2cnccc2Cl)[NH+]3CCOCC3,BAR-COM-4e090d3a-66,-8.907784,x0107
c1cc2c(c[nH]c2nc1)CC(=O)NCc3ccc(cc3)C#N,TRY-UNI-1fd04853-8,-8.901452,x0749
C[C@H](C(=O)N(CCc1ccccc1)Cc2cccnc2)OC[C@@H]3CCCCO3,BAR-COM-4e090d3a-55,-8.880486,x0678
c1cc(cnc1)NC(=O)Nc2ccc(cc2)C#N,ANN-UNI-26382800-3,-8.835213,x0749
c1cc(cnc1)NC(=O)Nc2ccc(cc2)C#N,JOH-UNK-14e6adc5-2,-8.835213,x0749
CCOCC1CCN(CC1)c2ccc(cc2)S(=O)(=O)N,WAR-XCH-b6889685-20,-8.822823,x0161
c1cc(ccc1N2CCC(CC2)c3ccsc3)S(=O)(=O)N,WAR-XCH-b72a1bbc-16,-8.814410,x0195
c1cc(cc(c1)Cl)C[NH+]2CCN(CC2)C(=O)CCl,MED-COV-4280ac29-16,-8.791433,x0831
c1cc(cc(c1)Cl)C[NH+]2CCN(CC2)C(=O)CCl,MED-COV-4280ac29-15,-8.791433,x0831
c1cc(cc(c1)Cl)C[NH+]2CCN(CC2)C(=O)CCl,AAR-POS-d2a4d1df-35,-8.791433,x0831
c1cc(cc(c1)OCCn2cncn2)NC(=O)Cc3cccnc3Br,BAR-COM-4e090d3a-35,-8.784991,x0195
c1cc(ccc1N2CCSCC2)S(=O)(=O)N,WAR-XCH-b72a1bbc-1,-8.766706,x0749
CC(=O)N1CC[NH+](CC1)Cc2cccc(c2)C#N,PAT-UNK-b2d83456-1,-8.765173,x0749
Cc1cc(ccc1NC(=O)[C@@H](c2cccnc2)N(c3ccc4c(c3)scn4)C(=O)C=C)OC,LON-WEI-b8d98729-1,-8.756179,x0831
c1ccc(cc1)C(=O)N2CCN(CC2)C(=O)C3CCOCC3,GIA-UNK-eaadd1d4-1,-8.754841,x0946
CCSCC1CCN(CC1)c2ccc(cc2)S(=O)(=O)N,WAR-XCH-b72a1bbc-39,-8.731390,x0161
c1cc(cc(c1)O[C@H]2CC(=O)N2)NC(=O)Cc3cncnc3,BAR-COM-4e090d3a-39,-8.729742,x0678
c1ccc(c(c1)NC(=O)c2cc(ccc2O)Cl)Cl,CHR-SOS-7098f804-4,-8.723997,x0195
CNS(=O)(=O)Cc1ccc2c(c1)c(c[nH]2)CC[NH+](C)C,LON-WEI-b8d98729-34,-8.722964,x0072
CNS(=O)(=O)Cc1ccc2c(c1)c(c[nH]2)CC[NH+](C)C,TOM-OIS-cbf37265-2,-8.722964,x0072
CNS(=O)(=O)Cc1ccc2c(c1)c(c[nH]2)CC[NH+](C)C,ANT-OPE-47f3bb65-1,-8.722964,x0072
Cc1ccc2c(c1S(=O)(=O)[O-])sc(n2)c3ccc(cc3)N,AAR-POS-dddeddbf-1,-8.717568,x0749
c1ccc(cc1)NC(=O)CC(=O)N2CCOCC2,GIA-UNK-3f36037a-2,-8.713440,x1093
c1cc(ccc1N2CCC(CC2)[C@@H]3CCCO3)S(=O)(=O)N,WAR-XCH-b72a1bbc-18,-8.696627,x0161
c1ccc2c(c1)cncc2CC(=O)Nc3cccc(c3)C#N,DAR-DIA-23aa0b97-19,-8.666809,x0831
c1ccc(cc1)NC(=O)c2cc(ccc2O)Cl,CHR-SOS-7098f804-7,-8.661772,x0749
c1ccc(cc1)[C@@H](Cn2cccn2)NC(=O)CCc3cn[nH]n3,BAR-COM-4e090d3a-30,-8.655871,x0678
Cc1ccccc1NC2CCN(CC2)c3ccc(cc3)S(=O)(=O)N,WAR-XCH-b6889685-30,-8.649417,x0072
c1ccc(cc1)C(=O)N2CCC[C@@H]2C(=O)N3CCOCC3,GIA-UNK-d2defdc3-6,-8.646894,x1093
CNC(=O)OC1CC[NH+](CC1)Cc2ccccc2,GIA-UNK-595fac82-5,-8.642924,x0678
c1cc(cc(c1)NC(=O)Nc2cc(cnc2)N)C#N,DAR-DIA-23aa0b97-8,-8.612061,x0749
C[C@@H](c1ccc(cc1)S(=O)(=O)NC)NC(=O)[C@@H]2CC2=C,VIJ-CYC-1a381570-5,-8.562788,x0195
COc1ccccc1OCCNC(=O)c2cc(=O)[nH]c3c2cccc3,MAT-POS-916a2c5a-2,-8.549057,x1093
c1cc(sc1)C[NH+]2CCN(CC2)C(=O)CCl,AAR-POS-0daf6b7e-17,-8.544258,x0831
c1cc(sc1)C[NH+]2CCN(CC2)C(=O)CCl,LON-WEI-8f408cad-5,-8.544258,x0831
c1cscc1C[NH+]2CCN(CC2)C(=O)CCl,AAR-POS-0daf6b7e-13,-8.542832,x0831
c1cscc1C[NH+]2CCN(CC2)C(=O)CCl,LON-WEI-8f408cad-7,-8.542832,x0831
c1cscc1C[NH+]2CCN(CC2)C(=O)CCl,MAK-UNK-212f693e-8,-8.542832,x0831
COc1ccnc(c1)NC(=O)Cc2ccc3ccccc3c2,ALV-UNI-7ff1a6f9-47,-8.538442,x0104
Cc1ccccc1C[NH+]2CCN(CC2)C(=O)[C@H](C(C)C)F,JON-UIO-066ce08b-9,-8.529145,x1093
CC(=O)Oc1ccccc1C(=O)Nc2ncc(s2)N(=O)=O,AAR-POS-dddeddbf-4,-8.506630,x0678
CNC(=O)OC1CCN(CC1)S(=O)(=O)c2ccccc2,GIA-UNK-595fac82-4,-8.492133,x0072
COCC1CCN(CC1)c2ccc(cc2)S(=O)(=O)N,WAR-XCH-b72a1bbc-23,-8.468962,x0749
c1ccc(cc1)C(=O)N[C@H]2CCCC[C@@H]2NC(=O)c3ccncc3,GIA-UNK-d2defdc3-2,-8.447964,x0107
c1c[nH+]ccc1N2CCC(CC2)C(=O)N3CCOCC3,GIA-UNK-30c7cb75-2,-8.439287,x0072
c1cc(ccc1S(=O)(=O)c2cnc(nc2N)N)Cl,AAR-POS-dddeddbf-3,-8.429440,x0678
CC[C@H](c1ccccc1OCC(=O)N2CCCC2)NC(=O)[C@H](C)n3cncn3,BAR-COM-4e090d3a-31,-8.428527,x0195
c1ccc(cc1)N2CC[NH+](CC2)CCNC(=O)NCc3ccccn3,TRI-UNI-97428359-1,-8.423624,x0678
Cc1cc(c(c(c1C)S(=O)(=O)N2CCN(CC2)C(=O)c3cc(=O)[nH]c4c3cccc4)C)C,MAT-POS-916a2c5a-3,-8.398966,x0434
c1cc(cc(c1)NC(=O)Cc2c[nH]c3c2cccn3)C#N,DAR-DIA-23aa0b97-1,-8.394180,x0830
CS(=O)(=O)NCCc1ccccc1O,ANT-DIA-b7f58f21-3,-8.386959,x0195
c1ccc(c(c1)C(=O)NCc2cnsc2)OCC#N,BAR-COM-4e090d3a-49,-8.371911,x0830
Cc1ccncc1NC(=O)Cc2cccc(c2)C#N,TRY-UNI-714a760b-20,-8.371187,x1385
Cc1cc(c2cc(ccc2n1)OC)C(=O)NN,MAT-POS-4e253971-3,-8.344446,x0195
CC[N@@H+](C)CC1CCN(CC1)c2ccc(cc2)S(=O)(=O)N,WAR-XCH-b72a1bbc-49,-8.318925,x0104
c1ccc2cc(ccc2c1)CC(=O)Nc3cc(ccn3)C(F)(F)F,ALV-UNI-7ff1a6f9-46,-8.308216,x0161
c1c[nH+]ccc1N2CCC(CC2)C(=O)N3CCCCC3,GIA-UNK-30c7cb75-1,-8.284107,x0161
c1cc(cc(c1)S(=O)(=O)N2CCN(CC2)C(=O)CCl)F,AAR-POS-d2a4d1df-23,-8.249612,x0830
c1cc(cc(c1)S(=O)(=O)N2CCN(CC2)C(=O)CCl)F,LON-WEI-8f408cad-4,-8.249612,x0830
c1cc(c(c(c1)F)S(=O)(=O)N2CCN(CC2)C(=O)CCl)F,AAR-POS-d2a4d1df-32,-8.249490,x0830
c1cc(c(c(c1)F)S(=O)(=O)N2CCN(CC2)C(=O)CCl)F,LON-WEI-8f408cad-2,-8.249490,x0830
C[C@@H](c1ccc(c(c1)F)F)C(=O)N[C@@H](C)c2cccc(c2)F,JON-UIO-066ce08b-7,-8.247419,x0195
Cc1ccc(c(c1)S(=O)(=O)N2CCN(CC2)C(=O)CCl)C,AAR-POS-0daf6b7e-3,-8.226967,x0830
Cc1ccc(c(c1)S(=O)(=O)N2CCN(CC2)C(=O)CCl)C,WAR-XCH-79d12f6e-6,-8.226967,x0830
c1cc(cc(c1)N2CCCC2=O)NC(=O)CCl,LON-WEI-8f408cad-1,-8.221556,x0749
c1cc(cc(c1)N2CCCC2=O)NC(=O)CCl,MAK-UNK-7a704a63-10,-8.221556,x0749
c1cc(cc(c1)N2CCCC2=O)NC(=O)CCl,AAR-POS-0daf6b7e-11,-8.221556,x0749
C[NH2+]Cc1c[nH]c2c1cc(cc2)F,DAR-DIA-eace69ff-36,-8.188797,x0195
CC(=O)N1CC[NH+](CC1)Cc2ccsc2,MAK-UNK-6435e6c2-3,-8.185779,x0831
C=CC(=O)N1CCN(CC1)C(=O)c2cccc(c2)Cl,MED-COV-4280ac29-14,-8.169322,x0749
C#Cc1ccc(cc1)CNC(=O)N2CCOCC2,PAT-GYR-359dbb24-1,-8.167992,x0104
c1c[nH+]ccc1N2CCC(CC2)C(=O)N3CCS(=O)(=O)CC3,GIA-UNK-30c7cb75-3,-8.145669,x0072
CC(=O)N1CC[NH+](CC1)Cc2cccs2,MAK-UNK-6435e6c2-2,-8.134935,x0434
Cc1ccc(cc1)c2cc(nn2c3ccc(cc3)S(=O)(=O)N)C(F)(F)F,GER-UNI-05c7e912-1,-8.128628,x0161
c1cc(sc1)S(=O)(=O)N2CCN(CC2)C(=O)CCl,LON-WEI-8f408cad-3,-8.104933,x0749
c1cc(sc1)S(=O)(=O)N2CCN(CC2)C(=O)CCl,AAR-POS-d2a4d1df-22,-8.104933,x0749
COc1cccc(c1)NC(=O)Nc2cccc(c2)C#N,ANN-UNI-26382800-6,-8.098941,x0749
c1cc(ccc1N2CCC(CC2)[NH+]3CCCCC3)S(=O)(=O)N,WAR-XCH-b72a1bbc-10,-8.096125,x0104
c1cc(nc(c1)OCC(F)F)NC(=O)NCc2cccnc2,BAR-COM-4e090d3a-69,-8.066553,x1093
CCc1nnnn1c2ccccc2NC(=O)C3(CC3)c4cc(cnc4)Br,BAR-COM-4e090d3a-16,-8.060421,x0830
CCc1cccc(c1NC(=O)[C@@H](c2cccnc2)N(c3cc([nH]n3)C(C)(C)C)C(=O)C=C)C,LON-WEI-b8d98729-20,-8.018552,x0831
Cc1cccc(c1)NC(=O)/C(=C(\C2CCC2)/O)/C#N,JOH-UNI-c7afdb96-7,-7.984158,x0831
c1cc(cc(c1)NC(=O)Nc2cccnc2)C#N,ANN-UNI-26382800-4,-7.983136,x0749
c1cc(cc(c1)NC(=O)Nc2cccnc2)C#N,JOR-UNI-61e7b1d5-2,-7.983136,x0749
c1cc(cc(c1)NC(=O)Nc2cccnc2)C#N,WAR-XCH-eb7b662f-1,-7.983136,x0749
c1cc(cc(c1)NC(=O)Nc2cccnc2)C#N,DAR-DIA-23aa0b97-5,-7.983136,x0749
c1ccc(cc1)C[C@H](C(=O)NCc2ccno2)NC(=O)OCc3ccccc3,BAR-COM-4e090d3a-19,-7.968852,x0678
CC(=O)N1CC[NH+](CC1)CC(=O)Nc2cccc(c2)S(=O)(=O)N,LON-WEI-b8d98729-4,-7.938325,x0104
CC(=O)N1CC[NH+](CC1)CC(=O)Nc2cccc(c2)S(=O)(=O)N,JAN-GHE-1d98ec1c-7,-7.938325,x0104
CCn1c2ccccc2n(c1=O)CC(=O)NCc3cnccn3,BAR-COM-4e090d3a-51,-7.938208,x0678
Cc1cccc(c1)NC(=O)/C(=C(\C2CCCC2)/O)/C#N,JOH-UNI-c7afdb96-6,-7.910522,x0831
c1cc2c(c[nH]c2nc1)CC(=O)NCc3ccc(cn3)C#N,TRY-UNI-1fd04853-12,-7.890812,x0749
c1cc(cc(c1)C#N)CC(=O)Nc2cccnc2,ANN-UNI-26382800-5,-7.873439,x0749
c1cc(cc(c1)Cl)NC(=O)/C(=C(\c2cccs2)/O)/C#N,JOH-UNI-c7afdb96-5,-7.871647,x0830
CC(C)N(C)C(=O)C1CCN(CC1)C(=O)CCl,VIR-GIT-7b3d3065-3,-7.862561,x0749
CC(C)N(C)C(=O)C1CCN(CC1)C(=O)CCl,AAR-POS-0daf6b7e-19,-7.862561,x0749
c1ccc(cc1)NC(=O)CC(=O)Nc2ccncc2,GIA-UNK-3f36037a-7,-7.789352,x0107
c1ccc2c(c1)cc(cc2C[NH+]3CCN(CC3)CC#N)Cl,MAT-POS-4e253971-1,-7.785496,x0830
Cc1nc(on1)C[C@@H](c2ccccc2)NC(=O)[C@H](C)Cn3ccnc3,BAR-COM-4e090d3a-38,-7.774179,x0678
c1cc(cc(c1)OCC[NH+]2CCOCC2)NC(=O)NCc3cccnn3,BAR-COM-4e090d3a-54,-7.753376,x0678
c1ccc(cc1)S(=O)(=O)N2CCC(CC2)C(=O)N3CCOCC3,GIA-UNK-eaadd1d4-3,-7.749019,x0072
CC(C)[NH2+]C1CCN(CC1)c2ccc(cc2)S(=O)(=O)N,WAR-XCH-b6889685-23,-7.678153,x0395
CS(=O)(=O)Nc1cccc(c1)C(=O)Nc2cccc(c2)N3CCCC3=O,MAK-UNK-9159f8ed-6,-7.669181,x1077
CS(=O)(=O)Nc1cccc(c1)C(=O)Nc2cccc(c2)N3CCCC3=O,MAK-UNK-1e8f9e3c-1,-7.669181,x1077
c1cc(c(cc1N(=O)=O)Cl)NC(=O)c2cc(ccc2O)Cl,CHR-SOS-7098f804-1,-7.658549,x0678
CS(=O)(=O)NCCCN1CCCc2c1cc(cc2)S(=O)(=O)N,PET-SGC-abcbce68-1,-7.647782,x0195
COc1ccc2c(c1)c(c[nH]2)CCNS(=O)(=O)C,MAR-UNI-9ca61fdc-1,-7.645136,x0831
Cc1cccc(c1)NC(=O)/C(=C(\CC(C)C)/O)/C#N,JOH-UNI-c7afdb96-13,-7.610608,x0749
C=CC(=O)N(c1ccc2c(c1)scn2)[C@H](c3cccnc3)C(=O)Nc4ccc(cc4)Br,LON-WEI-b8d98729-9,-7.523878,x0831
CCC(CC)/C(=C(/C#N)\C(=O)Nc1ccc(cc1)F)/O,JOH-UNI-c7afdb96-14,-7.504443,x0749
CC(=O)N1CC[NH+](CC1)Cc2cn(nn2)c3cccc(c3)S(=O)(=O)N,NIM-UNI-02269248-3,-7.492530,x0104
C[C@@H]1C[C@@H](CN(C1)C(=O)c2ccccc2NC(=O)NCc3ccoc3)C,BAR-COM-4e090d3a-44,-7.434844,x0434
Cc1cccc(c1)NC(=O)/C(=C(\C2CC2)/O)/C#N,JOH-UNI-c7afdb96-8,-7.429615,x0749
CC1(CC1)c2ccc(cc2)N([C@H](c3cccnc3)C(=O)NC(C)(C)C)C(=O)C=C,LON-WEI-d1c9908a-1,-7.423429,x0749
CS(=O)(=O)NCCc1cccc(c1)O,ANT-DIA-b7f58f21-2,-7.416083,x0749
CC(C)(C)C/C(=C(/C#N)\C(=O)Nc1ccccc1)/O,JOH-UNI-c7afdb96-12,-7.342156,x0831
Cc1ccc(cc1)NC(=O)/C(=C(\CC(C)C)/O)/C#N,JOH-UNI-c7afdb96-11,-7.296918,x0749
C[C@@H](c1ccc(cc1)S(=O)(=O)NC)NC(=O)NC(C)(C)C,VIJ-CYC-1a381570-11,-7.291488,x0195
CCC(C)(C)c1ccc(cc1)N([C@H](c2cccnc2)C(=O)Nc3ccccc3Br)C(=O)C=C,LON-WEI-d1c9908a-12,-7.274395,x0749
Cc1cc(ccc1NC(=O)[C@@H](c2cccnc2)N(c3cc(on3)C(C)(C)C)C(=O)C=C)OC,LON-WEI-b8d98729-43,-7.271996,x1392
CC(C)(C)c1cc(n[nH]1)N([C@H](c2cccnc2)C(=O)Nc3ccc(cc3)Cl)C(=O)C=C,LON-WEI-b8d98729-21,-7.264618,x1418
c1cc(cnc1)NC(=O)Nc2cc(cc(c2)Cl)C#N,WAR-XCH-eb7b662f-2,-7.243569,x0749
Cc1ccncc1NC(=O)Nc2cccc(c2)C#N,TRY-UNI-714a760b-24,-7.196349,x0749
CC(C)(C)c1cc(no1)N([C@H](c2cccnc2)C(=O)NC(C)(C)C)C(=O)C=C,LON-WEI-b8d98729-23,-7.190642,x0749
c1cc(cnc1)NC(=O)Cc2cc(cnc2)C#N,DAR-DIA-23aa0b97-17,-7.190603,x0749
c1cc(cc(c1)Cl)[C@@H](CO)NC(=O)CCl,DAV-CRI-3edb475e-4,-7.169279,x0749
C[C@@H](c1ccc(cc1)CNC(=O)C=C)NC(=O)OC(C)(C)C,VIJ-CYC-1a381570-10,-7.127817,x0749
CCCSC/C(=C(/C#N)\C(=O)Nc1ccc(cc1F)F)/O,JOH-UNI-c7afdb96-10,-7.116019,x0749
CCCNC(=O)[C@H](C)NC(=O)N(C)Cc1csc(n1)C,ALE-UNK-fca05062-9,-7.045680,x0195
CCC(C)(C)c1ccc(cc1)N([C@H](c2cccnc2)C(=O)Nc3cccc(c3C)F)C(=O)C=C,LON-WEI-b8d98729-36,-6.975394,x0749
CCCSC/C(=C(/C#N)\C(=O)Nc1ccccc1F)/O,JOH-UNI-c7afdb96-9,-6.906663,x0749
C[NH+]1CCC(CC1)C(=O)N[C@H]2CCCC[C@@H]2NC(=O)c3ccccc3,GIA-UNK-d2defdc3-4,-6.880795,x0967
CC(C)(C)NC(=O)[C@@H](c1cccnc1)N(c2ccc3c(c2)scn3)C(=O)C=C,LON-WEI-b8d98729-31,-6.844155,x0831
c1cc(cc(c1)NC(=O)Nc2c[nH]c3c2cccn3)C#N,DAR-DIA-23aa0b97-11,-6.808415,x0749
C#CC[NH+]1CCN(CC1)C(=O)CCl,TOB-UNK-c2aba166-1,-6.639501,x0831
CC(C)[C@@H](C#N)NS(=O)(=O)c1ccc(cc1)CF,VIJ-CYC-1a381570-12,-6.573712,x1386
CCC(C)(C)c1ccc(cc1)N([C@H](c2cccnc2)C(=O)Nc3ccc(cc3)Br)C(=O)C=C,LON-WEI-b8d98729-35,-6.567985,x0749
C1CS(=O)(=O)C[C@@H]1N(CCC(=O)N)C(=O)CCl,DAN-PUR-6788a628-2,-6.467215,x0770
COc1ccc(cc1OC)[C@@H]2CC(=NN2C(=O)CCl)c3cccs3,MAT-POS-916a2c5a-1,-6.344529,x1392
CC(C)(C)c1c(sc(n1)NS(=O)(=O)c2ccc(cc2)CF)C(=O)OC,VIJ-CYC-1a381570-13,-6.340725,x0161
C[C@@H](c1ccc(cc1)N([C@H](c2cccnc2)C(=O)Nc3ccc(cc3)Cl)C(=O)C=C)OC,LON-WEI-b8d98729-22,-6.333134,x0749
Cc1cc(c(cc1Cl)Cl)S(=O)(=O)c2c(cc(cc2N(=O)=O)C(F)(F)F)N(=O)=O,AAR-POS-dddeddbf-2,-6.275576,x0104
C[C@@H](c1ccc(cc1)N([C@H](c2cccnc2)C(=O)NC(C)(C)C)C(=O)C=C)OC,LON-WEI-b8d98729-10,-6.235109,x0749
Cc1ccncc1NC(=O)c2ccc(cc2)NC(=O)Nc3cccnc3,MAK-UNK-129dcd6f-12,-6.229748,x0104
CCC(C)(C)c1ccc(cc1)N([C@H](c2cccnc2)C(=O)Nc3ccc(cc3)Cl)C(=O)C=C,LON-WEI-b8d98729-33,-6.207908,x0749
Cc1cc(ccc1N(C)C)N([C@H](c2cccnc2)C(=O)NC(C)(C)C)C(=O)C=C,LON-WEI-8f408cad-9,-6.128372,x0749
COc1ccc(cc1)NC(=O)[C@@H](c2cccnc2)N(c3ccc(cc3)SC)C(=O)C=C,LON-WEI-b8d98729-47,-6.003866,x0749
CCc1cccc(c1NC(=O)[C@@H](c2cccnc2)N(c3cc(on3)C(C)(C)C)C(=O)C=C)C,LON-WEI-b8d98729-46,-5.954724,x0831
CC(C)(C)c1ccc(cc1)N([C@H](c2cccnc2)C(=O)NC(C)(C)C)C(=O)C=C,LON-WEI-8f408cad-8,-5.917193,x0749
CC(C)(C)NC(=O)[C@@H](c1cccnc1)N(c2ccc(cc2)SC)C(=O)C=C,LON-WEI-b8d98729-6,-5.821193,x0749
c1cc(ccc1/C(=C(\C#N)/C(=O)Nc2ccc(cc2)F)/O)Cl,JOH-UNI-c7afdb96-2,-5.794032,x0734
CC(C)c1ccc(cn1)N([C@H](c2cccnc2)C(=O)NC(C)(C)C)C(=O)C=C,LON-WEI-b8d98729-32,-5.736517,x0749
C[C@@H](c1ccc(cc1)N([C@H](c2cccnc2)C(=O)Nc3ccccc3Br)C(=O)C=C)OC,LON-WEI-b8d98729-19,-5.576895,x0749
CCC(=O)O[C@H](C(C)C)O[P@@](=O)(CCCCc1ccccc1)CC(=O)N2C[C@@H](C[C@H]2C(=O)[O-])C3CCCCC3,LON-WEI-b8d98729-5,-5.570315,x0678
COc1ccc(cc1)NC(=O)[C@@H](c2cccnc2)N(c3ccc4c(c3)scn4)C(=O)C=C,LON-WEI-b8d98729-25,-5.472166,x0759
C=CC(=O)N(c1ccc2c(c1)scn2)[C@H](c3cccnc3)C(=O)Nc4ccc(cc4)Cl,LON-WEI-b8d98729-44,-5.381918,x1392
CCc1cccc(c1)NC(=O)[C@@H](c2cccnc2)N(c3ccc(cc3)C4(CC4)C)C(=O)C=C,LON-WEI-d1c9908a-6,-5.348599,x1380
CCc1cccc(c1)NC(=O)[C@@H](c2cccnc2)N(c3ccc(cc3)[C@H](C)OC)C(=O)C=C,LON-WEI-b8d98729-17,-5.173100,x0831
CC1(CC1)c2ccc(cc2)N([C@H](c3cccnc3)C(=O)Nc4ccc(cc4)Cl)C(=O)C=C,LON-WEI-d1c9908a-2,-5.000449,x0831
CC1(CC1)c2ccc(cc2)N([C@H](c3cccnc3)C(=O)Nc4ccc(cc4)Br)C(=O)C=C,LON-WEI-d1c9908a-11,-4.995249,x0749
C=CC(=O)N(c1ccc(cc1)C(F)(F)F)[C@H](c2cccnc2)C(=O)Nc3ccccc3Br,LON-WEI-b8d98729-41,-4.750962,x1380
CCc1cccc(c1NC(=O)[C@@H](c2cccnc2)N(c3ccc(cc3)C(F)(F)F)C(=O)C=C)C,LON-WEI-b8d98729-39,-4.642575,x0831
Cc1c(cccc1F)NC(=O)[C@@H](c2cccnc2)N(c3ccc(cc3)C4(CC4)C)C(=O)C=C,LON-WEI-d1c9908a-13,-4.542414,x0749
Cc1c(cccc1F)NC(=O)[C@@H](c2cccnc2)N(c3ccc(cc3)C(C)(C)C)C(=O)C=C,LON-WEI-d1c9908a-9,-4.508196,x1380
Cc1cc(ccc1NC(=O)[C@@H](c2cccnc2)N(c3ccc(cc3)SC)C(=O)C=C)OC,LON-WEI-b8d98729-40,-4.433858,x0831
CCc1cccc(c1NC(=O)[C@@H](c2cccnc2)N(c3ccc(cc3)SC)C(=O)C=C)C,LON-WEI-b8d98729-2,-4.300403,x0831
Cc1cc(ccc1N(C)C)N([C@H](c2cccnc2)C(=O)Nc3ccc(cc3)Cl)C(=O)C=C,LON-WEI-b8d98729-11,-4.042912,x0831
CCc1cccc(c1)NC(=O)[C@@H](c2cccnc2)N(c3cc(on3)C(C)(C)C)C(=O)C=C,LON-WEI-b8d98729-15,-4.035255,x1380
Cc1cc(ccc1N(C)C)N([C@H](c2cccnc2)C(=O)Nc3ccccc3Br)C(=O)C=C,LON-WEI-b8d98729-13,-3.970939,x1392
CCc1cccc(c1NC(=O)[C@@H](c2cccnc2)N(c3ccc(cc3)C4(CC4)C)C(=O)C=C)C,LON-WEI-d1c9908a-8,-3.686610,x0831
CCc1cccc(c1NC(=O)[C@@H](c2cccnc2)N(c3ccc(nc3)C(C)C)C(=O)C=C)C,LON-WEI-b8d98729-18,-3.682618,x1392
CCc1cccc(c1NC(=O)[C@@H](c2cccnc2)N(c3ccc4c(c3)scn4)C(=O)C=C)C,LON-WEI-b8d98729-48,-3.652820,x0831
Cc1cc(ccc1NC(=O)[C@@H](c2cccnc2)N(c3ccc(cc3)[C@H](C)OC)C(=O)C=C)OC,LON-WEI-b8d98729-8,-3.603661,x1418
CCc1cccc(c1)NC(=O)[C@@H](c2cccnc2)N(c3ccc(c(c3)C)N(C)C)C(=O)C=C,LON-WEI-b8d98729-16,-3.552167,x1380
Cc1cc(ccc1NC(=O)[C@@H](c2cccnc2)N(c3ccc(cc3)C(F)(F)F)C(=O)C=C)OC,LON-WEI-b8d98729-37,-3.529982,x1380
CCc1cccc(c1)NC(=O)[C@@H](c2cccnc2)N(c3ccc4c(c3)scn4)C(=O)C=C,LON-WEI-b8d98729-38,-3.529699,x0749
Cc1cc(ccc1NC(=O)[C@@H](c2cccnc2)N(c3ccc(nc3)C(C)C)C(=O)C=C)OC,LON-WEI-b8d98729-26,-3.504733,x1380
Cc1cc(ccc1N(C)C)N([C@H](c2cccnc2)C(=O)Nc3ccc(cc3)Br)C(=O)C=C,LON-WEI-b8d98729-14,-3.499897,x0831
CCc1cccc(c1NC(=O)[C@@H](c2cccnc2)N(c3ccc(c(c3)C)N(C)C)C(=O)C=C)C,LON-WEI-b8d98729-42,-3.483134,x0749
CSc1ccc(cc1)N([C@H](c2cccnc2)C(=O)Nc3ccc(cc3)Cl)C(=O)C=C,LON-WEI-b8d98729-24,-3.232907,x0770
Cc1cc(ccc1NC(=O)[C@@H](c2cccnc2)N(c3ccc(cc3)C4(CC4)C)C(=O)C=C)OC,LON-WEI-d1c9908a-4,-3.195148,x0759
Cc1cc(ccc1N(C)C)N([C@H](c2cccnc2)C(=O)Nc3ccc(cc3)OC)C(=O)C=C,LON-WEI-8f408cad-10,-3.120221,x1418
CC1(CC1)c2ccc(cc2)N([C@H](c3cccnc3)C(=O)Nc4ccc(cc4)OC)C(=O)C=C,LON-WEI-d1c9908a-5,-2.965664,x0749
CCc1cccc(c1NC(=O)[C@@H](c2cccnc2)N(c3ccc(cc3)C(C)(C)C)C(=O)C=C)C,LON-WEI-d1c9908a-10,-2.927537,x0692
COc1ccc(cc1)NC(=O)[C@@H](c2cccnc2)N(c3ccc(cc3)C(F)(F)F)C(=O)C=C,LON-WEI-b8d98729-27,-2.920132,x0749
Cc1cc(ccc1N(C)C)N([C@H](c2cccnc2)C(=O)Nc3ccc(cc3C)OC)C(=O)C=C,LON-WEI-b8d98729-30,-2.911081,x1392
Cc1cccc(c1OCC(=O)N[C@@H](Cc2ccccc2)[C@H](C[C@H](Cc3ccccc3)NC(=O)[C@H](C(C)C)N4CCCNC4=O)O)C,ALE-UNK-fca05062-1,-2.535317,x0104
CCc1cccc(c1NC(=O)[C@@H](c2cccnc2)N(c3ccc(cc3)[C@H](C)OC)C(=O)C=C)C,LON-WEI-b8d98729-45,-2.493143,x0692
CC(C)(C)c1ccc(cc1)N([C@H](c2cccnc2)C(=O)Nc3ccc(cc3)OC)C(=O)C=C,LON-WEI-d1c9908a-7,-2.073396,x0749
Cc1cc(ccc1NC(=O)[C@@H](c2cccnc2)N(c3ccc(cc3)C(C)(C)C)C(=O)C=C)OC,LON-WEI-d1c9908a-3,-2.043368,x0749
CC(C)c1nc(cs1)CN(C)C(=O)N[C@@H](C(C)C)C(=O)N[C@@H](Cc2ccccc2)C[C@@H]([C@H](Cc3ccccc3)NC(=O)OCc4cncs4)O,ALE-UNK-fca05062-2,0.619766,x0104
