CatalogID,BB_SMILES,scaffold_SMILES,product_SMILES
EN300-41781,NCCC(F)(F)F,Cc1ccncc1NC(=O)Cc1cc(Cl)cc(Br)c1,Cc1ccncc1NC(=O)Cc1cc(Cl)cc(NCCC(F)(F)F)c1
EN300-52478,CC(C)(C)CN,Cc1ccncc1NC(=O)Cc1cc(Cl)cc(Br)c1,Cc1ccncc1NC(=O)Cc1cc(Cl)cc(NCC(C)(C)C)c1
EN300-29978,NCC(O)C(F)(F)F,Cc1ccncc1NC(=O)Cc1cc(Cl)cc(Br)c1,Cc1ccncc1NC(=O)Cc1cc(Cl)cc(NCC(O)C(F)(F)F)c1
EN300-83162,CC(C)(N)C1CC1,Cc1ccncc1NC(=O)Cc1cc(Cl)cc(Br)c1,Cc1ccncc1NC(=O)Cc1cc(Cl)cc(NC(C)(C)C2CC2)c1
EN300-60314,N[C@@H]1CCC[C@H]1O,Cc1ccncc1NC(=O)Cc1cc(Cl)cc(Br)c1,Cc1ccncc1NC(=O)Cc1cc(Cl)cc(N[C@@H]2CCC[C@H]2O)c1
EN300-31754,NCC1CCOC1,Cc1ccncc1NC(=O)Cc1cc(Cl)cc(Br)c1,Cc1ccncc1NC(=O)Cc1cc(Cl)cc(NCC2CCOC2)c1
EN300-35603,NCC1CCCC1,Cc1ccncc1NC(=O)Cc1cc(Cl)cc(Br)c1,Cc1ccncc1NC(=O)Cc1cc(Cl)cc(NCC2CCCC2)c1
EN300-49064,NC1COC1,Cc1ccncc1NC(=O)Cc1cc(Cl)cc(Br)c1,Cc1ccncc1NC(=O)Cc1cc(Cl)cc(NC2COC2)c1
EN300-39952,CC1CC1CN,Cc1ccncc1NC(=O)Cc1cc(Cl)cc(Br)c1,Cc1ccncc1NC(=O)Cc1cc(Cl)cc(NCC2CC2C)c1
EN300-41780,NCCC(F)(F)F,Cc1ccncc1NC(=O)Cc1cc(Cl)cc(Br)c1,Cc1ccncc1NC(=O)Cc1cc(Cl)cc(NCCC(F)(F)F)c1
EN300-36989,NCC1CCC1,Cc1ccncc1NC(=O)Cc1cc(Cl)cc(Br)c1,Cc1ccncc1NC(=O)Cc1cc(Cl)cc(NCC2CCC2)c1
EN300-37531,NCC1CCOC1,Cc1ccncc1NC(=O)Cc1cc(Cl)cc(Br)c1,Cc1ccncc1NC(=O)Cc1cc(Cl)cc(NCC2CCOC2)c1
EN300-50654,CS(=O)(=O)CCN,Cc1ccncc1NC(=O)Cc1cc(Cl)cc(Br)c1,Cc1ccncc1NC(=O)Cc1cc(Cl)cc(NCCS(C)(=O)=O)c1
EN300-43281,CC1(N)CCCC1,Cc1ccncc1NC(=O)Cc1cc(Cl)cc(Br)c1,Cc1ccncc1NC(=O)Cc1cc(Cl)cc(NC2(C)CCCC2)c1
EN300-41294,NC1COC1,Cc1ccncc1NC(=O)Cc1cc(Cl)cc(Br)c1,Cc1ccncc1NC(=O)Cc1cc(Cl)cc(NC2COC2)c1
EN300-42611,CC1(N)CCCC1,Cc1ccncc1NC(=O)Cc1cc(Cl)cc(Br)c1,Cc1ccncc1NC(=O)Cc1cc(Cl)cc(NC2(C)CCCC2)c1
EN300-24494,NCc1nccn1C(F)F,Cc1ccncc1NC(=O)Cc1cc(Cl)cc(Br)c1,Cc1ccncc1NC(=O)Cc1cc(Cl)cc(NCc2nccn2C(F)F)c1
EN300-52243,CC1(C)CC1N,Cc1ccncc1NC(=O)Cc1cc(Cl)cc(Br)c1,Cc1ccncc1NC(=O)Cc1cc(Cl)cc(NC2CC2(C)C)c1
EN300-53463,NC1CC(F)(F)C1,Cc1ccncc1NC(=O)Cc1cc(Cl)cc(Br)c1,Cc1ccncc1NC(=O)Cc1cc(Cl)cc(NC2CC(F)(F)C2)c1
EN300-52283,CC1(C)CC1N,Cc1ccncc1NC(=O)Cc1cc(Cl)cc(Br)c1,Cc1ccncc1NC(=O)Cc1cc(Cl)cc(NC2CC2(C)C)c1
EN300-70656,NCC1(O)CCC1,Cc1ccncc1NC(=O)Cc1cc(Cl)cc(Br)c1,Cc1ccncc1NC(=O)Cc1cc(Cl)cc(NCC2(O)CCC2)c1
EN300-59896,CC(N)CC#N,Cc1ccncc1NC(=O)Cc1cc(Cl)cc(Br)c1,Cc1ccncc1NC(=O)Cc1cc(Cl)cc(NC(C)CC#N)c1
EN300-62718,NCCC(F)F,Cc1ccncc1NC(=O)Cc1cc(Cl)cc(Br)c1,Cc1ccncc1NC(=O)Cc1cc(Cl)cc(NCCC(F)F)c1
EN300-64576,C[C@@H]1C[C@H]1N,Cc1ccncc1NC(=O)Cc1cc(Cl)cc(Br)c1,Cc1ccncc1NC(=O)Cc1cc(Cl)cc(N[C@@H]2C[C@H]2C)c1
EN300-60515,NCC1CCCC1,Cc1ccncc1NC(=O)Cc1cc(Cl)cc(Br)c1,Cc1ccncc1NC(=O)Cc1cc(Cl)cc(NCC2CCCC2)c1
EN300-69309,NCCC(F)F,Cc1ccncc1NC(=O)Cc1cc(Cl)cc(Br)c1,Cc1ccncc1NC(=O)Cc1cc(Cl)cc(NCCC(F)F)c1
EN300-71328,C[S+]([O-])CCN,Cc1ccncc1NC(=O)Cc1cc(Cl)cc(Br)c1,Cc1ccncc1NC(=O)Cc1cc(Cl)cc(NCC[S+](C)[O-])c1
EN300-78062,NC1CC(F)(F)C1,Cc1ccncc1NC(=O)Cc1cc(Cl)cc(Br)c1,Cc1ccncc1NC(=O)Cc1cc(Cl)cc(NC2CC(F)(F)C2)c1
EN300-80684,CC1(N)CC1,Cc1ccncc1NC(=O)Cc1cc(Cl)cc(Br)c1,Cc1ccncc1NC(=O)Cc1cc(Cl)cc(NC2(C)CC2)c1
EN300-75221,CC(N)CC#N,Cc1ccncc1NC(=O)Cc1cc(Cl)cc(Br)c1,Cc1ccncc1NC(=O)Cc1cc(Cl)cc(NC(C)CC#N)c1
EN300-89718,NC1CCC1(F)F,Cc1ccncc1NC(=O)Cc1cc(Cl)cc(Br)c1,Cc1ccncc1NC(=O)Cc1cc(Cl)cc(NC2CCC2(F)F)c1
EN300-82349,CC1(N)CCC1,Cc1ccncc1NC(=O)Cc1cc(Cl)cc(Br)c1,Cc1ccncc1NC(=O)Cc1cc(Cl)cc(NC2(C)CCC2)c1
EN300-81512,NCC1(CO)CC1,Cc1ccncc1NC(=O)Cc1cc(Cl)cc(Br)c1,Cc1ccncc1NC(=O)Cc1cc(Cl)cc(NCC2(CO)CC2)c1
EN300-88805,NCCOC(F)(F)F,Cc1ccncc1NC(=O)Cc1cc(Cl)cc(Br)c1,Cc1ccncc1NC(=O)Cc1cc(Cl)cc(NCCOC(F)(F)F)c1
EN300-90872,NCCCC(F)(F)F,Cc1ccncc1NC(=O)Cc1cc(Cl)cc(Br)c1,Cc1ccncc1NC(=O)Cc1cc(Cl)cc(NCCCC(F)(F)F)c1
EN300-82797,NC1CCCCC1(F)F,Cc1ccncc1NC(=O)Cc1cc(Cl)cc(Br)c1,Cc1ccncc1NC(=O)Cc1cc(Cl)cc(NC2CCCCC2(F)F)c1
EN300-89712,NC1CCC2CC12,Cc1ccncc1NC(=O)Cc1cc(Cl)cc(Br)c1,Cc1ccncc1NC(=O)Cc1cc(Cl)cc(NC2CCC3CC32)c1
EN300-84760,CC(C)(N)CF,Cc1ccncc1NC(=O)Cc1cc(Cl)cc(Br)c1,Cc1ccncc1NC(=O)Cc1cc(Cl)cc(NC(C)(C)CF)c1
EN300-84693,NCCCF,Cc1ccncc1NC(=O)Cc1cc(Cl)cc(Br)c1,Cc1ccncc1NC(=O)Cc1cc(Cl)cc(NCCCF)c1
EN300-82808,NCC1CC1(F)F,Cc1ccncc1NC(=O)Cc1cc(Cl)cc(Br)c1,Cc1ccncc1NC(=O)Cc1cc(Cl)cc(NCC2CC2(F)F)c1
EN300-84910,NC1CC=CC1,Cc1ccncc1NC(=O)Cc1cc(Cl)cc(Br)c1,Cc1ccncc1NC(=O)Cc1cc(Cl)cc(NC2CC=CC2)c1
EN300-93059,NCCC1CC1,Cc1ccncc1NC(=O)Cc1cc(Cl)cc(Br)c1,Cc1ccncc1NC(=O)Cc1cc(Cl)cc(NCCC2CC2)c1
EN300-82801,NC1CCC(F)CC1,Cc1ccncc1NC(=O)Cc1cc(Cl)cc(Br)c1,Cc1ccncc1NC(=O)Cc1cc(Cl)cc(NC2CCC(F)CC2)c1
EN300-84526,CC(N)C(F)F,Cc1ccncc1NC(=O)Cc1cc(Cl)cc(Br)c1,Cc1ccncc1NC(=O)Cc1cc(Cl)cc(NC(C)C(F)F)c1
EN300-86505,N[C@H]1C[C@@H]1C(F)F,Cc1ccncc1NC(=O)Cc1cc(Cl)cc(Br)c1,Cc1ccncc1NC(=O)Cc1cc(Cl)cc(N[C@H]2C[C@@H]2C(F)F)c1
EN300-89604,CC(N)C(F)(F)F,Cc1ccncc1NC(=O)Cc1cc(Cl)cc(Br)c1,Cc1ccncc1NC(=O)Cc1cc(Cl)cc(NC(C)C(F)(F)F)c1
EN300-89717,NC1CCC1C(F)(F)F,Cc1ccncc1NC(=O)Cc1cc(Cl)cc(Br)c1,Cc1ccncc1NC(=O)Cc1cc(Cl)cc(NC2CCC2C(F)(F)F)c1
EN300-90125,NC1(C(F)(F)F)CCOC1,Cc1ccncc1NC(=O)Cc1cc(Cl)cc(Br)c1,Cc1ccncc1NC(=O)Cc1cc(Cl)cc(NC2(C(F)(F)F)CCOC2)c1
EN300-102826,CC(F)(F)CN,Cc1ccncc1NC(=O)Cc1cc(Cl)cc(Br)c1,Cc1ccncc1NC(=O)Cc1cc(Cl)cc(NCC(C)(F)F)c1
EN300-93846,NC1(C2CC2)CC1,Cc1ccncc1NC(=O)Cc1cc(Cl)cc(Br)c1,Cc1ccncc1NC(=O)Cc1cc(Cl)cc(NC2(C3CC3)CC2)c1
EN300-93574,NC1CC[S+]([O-])C1,Cc1ccncc1NC(=O)Cc1cc(Cl)cc(Br)c1,Cc1ccncc1NC(=O)Cc1cc(Cl)cc(NC2CC[S+]([O-])C2)c1
EN300-100454,NCC(O)C(F)F,Cc1ccncc1NC(=O)Cc1cc(Cl)cc(Br)c1,Cc1ccncc1NC(=O)Cc1cc(Cl)cc(NCC(O)C(F)F)c1
EN300-100120,CC(N)C(F)F,Cc1ccncc1NC(=O)Cc1cc(Cl)cc(Br)c1,Cc1ccncc1NC(=O)Cc1cc(Cl)cc(NC(C)C(F)F)c1
EN300-100583,N[C@H]1C[C@@H](O)C1,Cc1ccncc1NC(=O)Cc1cc(Cl)cc(Br)c1,Cc1ccncc1NC(=O)Cc1cc(Cl)cc(N[C@H]2C[C@@H](O)C2)c1
EN300-101305,CC1(CN)CCC1,Cc1ccncc1NC(=O)Cc1cc(Cl)cc(Br)c1,Cc1ccncc1NC(=O)Cc1cc(Cl)cc(NCC2(C)CCC2)c1
EN300-97990,CC1CC(N)C1,Cc1ccncc1NC(=O)Cc1cc(Cl)cc(Br)c1,Cc1ccncc1NC(=O)Cc1cc(Cl)cc(NC2CC(C)C2)c1
EN300-96615,NCC(F)F,Cc1ccncc1NC(=O)Cc1cc(Cl)cc(Br)c1,Cc1ccncc1NC(=O)Cc1cc(Cl)cc(NCC(F)F)c1
EN300-101498,NC(CO)CF,Cc1ccncc1NC(=O)Cc1cc(Cl)cc(Br)c1,Cc1ccncc1NC(=O)Cc1cc(Cl)cc(NC(CO)CF)c1
EN300-99013,CC1(CN)CC1,Cc1ccncc1NC(=O)Cc1cc(Cl)cc(Br)c1,Cc1ccncc1NC(=O)Cc1cc(Cl)cc(NCC2(C)CC2)c1
EN300-54011,CN1CCC(N)C1,Cc1ccncc1NC(=O)Cc1cc(Cl)cc(Br)c1,Cc1ccncc1NC(=O)Cc1cc(Cl)cc(NC2CCN(C)C2)c1
EN300-108091,NC1(C2CC2)CC1,Cc1ccncc1NC(=O)Cc1cc(Cl)cc(Br)c1,Cc1ccncc1NC(=O)Cc1cc(Cl)cc(NC2(C3CC3)CC2)c1
EN300-108328,NCc1ccon1,Cc1ccncc1NC(=O)Cc1cc(Cl)cc(Br)c1,Cc1ccncc1NC(=O)Cc1cc(Cl)cc(NCc2ccon2)c1
EN300-82799,NC1CCC(F)(F)C1,Cc1ccncc1NC(=O)Cc1cc(Cl)cc(Br)c1,Cc1ccncc1NC(=O)Cc1cc(Cl)cc(NC2CCC(F)(F)C2)c1
EN300-110525,NCc1ccsc1,Cc1ccncc1NC(=O)Cc1cc(Cl)cc(Br)c1,Cc1ccncc1NC(=O)Cc1cc(Cl)cc(NCc2ccsc2)c1
EN300-111171,COCC1(N)CC1,Cc1ccncc1NC(=O)Cc1cc(Cl)cc(Br)c1,COCC1(Nc2cc(Cl)cc(CC(=O)Nc3cnccc3C)c2)CC1
EN300-111959,CC(C)(N)C(F)(F)F,Cc1ccncc1NC(=O)Cc1cc(Cl)cc(Br)c1,Cc1ccncc1NC(=O)Cc1cc(Cl)cc(NC(C)(C)C(F)(F)F)c1
EN300-114312,NCCN1CCC1,Cc1ccncc1NC(=O)Cc1cc(Cl)cc(Br)c1,Cc1ccncc1NC(=O)Cc1cc(Cl)cc(NCCN2CCC2)c1
EN300-70458,NC1CCCOC1,Cc1ccncc1NC(=O)Cc1cc(Cl)cc(Br)c1,Cc1ccncc1NC(=O)Cc1cc(Cl)cc(NC2CCCOC2)c1
EN300-82798,NC1CCCC1(F)F,Cc1ccncc1NC(=O)Cc1cc(Cl)cc(Br)c1,Cc1ccncc1NC(=O)Cc1cc(Cl)cc(NC2CCCC2(F)F)c1
EN300-98749,NC1CCOC1,Cc1ccncc1NC(=O)Cc1cc(Cl)cc(Br)c1,Cc1ccncc1NC(=O)Cc1cc(Cl)cc(NC2CCOC2)c1
EN300-31564,CC(N)C1(C)CC1,Cc1ccncc1NC(=O)Cc1cc(Cl)cc(Br)c1,Cc1ccncc1NC(=O)Cc1cc(Cl)cc(NC(C)C2(C)CC2)c1
EN300-53047,CN1CCC(N)C1,Cc1ccncc1NC(=O)Cc1cc(Cl)cc(Br)c1,Cc1ccncc1NC(=O)Cc1cc(Cl)cc(NC2CCN(C)C2)c1
EN300-42923,CS(=O)(=O)CCN,Cc1ccncc1NC(=O)Cc1cc(Cl)cc(Br)c1,Cc1ccncc1NC(=O)Cc1cc(Cl)cc(NCCS(C)(=O)=O)c1
EN300-111950,NC1(CO)CCC1,Cc1ccncc1NC(=O)Cc1cc(Cl)cc(Br)c1,Cc1ccncc1NC(=O)Cc1cc(Cl)cc(NC2(CO)CCC2)c1
EN300-117059,NC1(CO)CC1,Cc1ccncc1NC(=O)Cc1cc(Cl)cc(Br)c1,Cc1ccncc1NC(=O)Cc1cc(Cl)cc(NC2(CO)CC2)c1
EN300-115277,NC1CC(O)(C(F)F)C1,Cc1ccncc1NC(=O)Cc1cc(Cl)cc(Br)c1,Cc1ccncc1NC(=O)Cc1cc(Cl)cc(NC2CC(O)(C(F)F)C2)c1
EN300-75686,CC1(CN)COC1,Cc1ccncc1NC(=O)Cc1cc(Cl)cc(Br)c1,Cc1ccncc1NC(=O)Cc1cc(Cl)cc(NCC2(C)COC2)c1
EN300-122871,CC(C)(N)C1CC1,Cc1ccncc1NC(=O)Cc1cc(Cl)cc(Br)c1,Cc1ccncc1NC(=O)Cc1cc(Cl)cc(NC(C)(C)C2CC2)c1
EN300-124478,CC1(F)CC(N)C1,Cc1ccncc1NC(=O)Cc1cc(Cl)cc(Br)c1,Cc1ccncc1NC(=O)Cc1cc(Cl)cc(NC2CC(C)(F)C2)c1
EN300-124559,CC1(C)CC(N)C1,Cc1ccncc1NC(=O)Cc1cc(Cl)cc(Br)c1,Cc1ccncc1NC(=O)Cc1cc(Cl)cc(NC2CC(C)(C)C2)c1
EN300-112138,NC1CCC(F)C1,Cc1ccncc1NC(=O)Cc1cc(Cl)cc(Br)c1,Cc1ccncc1NC(=O)Cc1cc(Cl)cc(NC2CCC(F)C2)c1
EN300-124590,NCc1ccno1,Cc1ccncc1NC(=O)Cc1cc(Cl)cc(Br)c1,Cc1ccncc1NC(=O)Cc1cc(Cl)cc(NCc2ccno2)c1
EN300-123291,NC1CS(=O)(=O)C1,Cc1ccncc1NC(=O)Cc1cc(Cl)cc(Br)c1,Cc1ccncc1NC(=O)Cc1cc(Cl)cc(NC2CS(=O)(=O)C2)c1
EN300-115151,NC1CCCC1F,Cc1ccncc1NC(=O)Cc1cc(Cl)cc(Br)c1,Cc1ccncc1NC(=O)Cc1cc(Cl)cc(NC2CCCC2F)c1
EN300-118519,CC1(N)CCOC1,Cc1ccncc1NC(=O)Cc1cc(Cl)cc(Br)c1,Cc1ccncc1NC(=O)Cc1cc(Cl)cc(NC2(C)CCOC2)c1
EN300-116304,CC1(N)CCC1,Cc1ccncc1NC(=O)Cc1cc(Cl)cc(Br)c1,Cc1ccncc1NC(=O)Cc1cc(Cl)cc(NC2(C)CCC2)c1
EN300-57765,CC(N)C1(C)CC1,Cc1ccncc1NC(=O)Cc1cc(Cl)cc(Br)c1,Cc1ccncc1NC(=O)Cc1cc(Cl)cc(NC(C)C2(C)CC2)c1
EN300-41084,NCC1CCCC1,Cc1ccncc1NC(=O)Cc1cc(Cl)cc(Br)c1,Cc1ccncc1NC(=O)Cc1cc(Cl)cc(NCC2CCCC2)c1
EN300-39958,CC1CC1CN,Cc1ccncc1NC(=O)Cc1cc(Cl)cc(Br)c1,Cc1ccncc1NC(=O)Cc1cc(Cl)cc(NCC2CC2C)c1
EN300-40412,NCC1CCC1,Cc1ccncc1NC(=O)Cc1cc(Cl)cc(Br)c1,Cc1ccncc1NC(=O)Cc1cc(Cl)cc(NCC2CCC2)c1
EN300-115962,NCC(F)F,Cc1ccncc1NC(=O)Cc1cc(Cl)cc(Br)c1,Cc1ccncc1NC(=O)Cc1cc(Cl)cc(NCC(F)F)c1
EN300-194474,NCCF,Cc1ccncc1NC(=O)Cc1cc(Cl)cc(Br)c1,Cc1ccncc1NC(=O)Cc1cc(Cl)cc(NCCF)c1
EN300-122284,Nc1ccccc1C1CC1,Cc1ccncc1NC(=O)Cc1cc(Cl)cc(Br)c1,Cc1ccncc1NC(=O)Cc1cc(Cl)cc(Nc2ccccc2C2CC2)c1
EN300-101084,CS(=O)(=O)c1ccncc1N,Cc1ccncc1NC(=O)Cc1cc(Cl)cc(Br)c1,Cc1ccncc1NC(=O)Cc1cc(Cl)cc(Nc2cnccc2S(C)(=O)=O)c1
EN300-146086,NCc1ncon1,Cc1ccncc1NC(=O)Cc1cc(Cl)cc(Br)c1,Cc1ccncc1NC(=O)Cc1cc(Cl)cc(NCc2ncon2)c1
EN300-81920,NCCC1CC1,Cc1ccncc1NC(=O)Cc1cc(Cl)cc(Br)c1,Cc1ccncc1NC(=O)Cc1cc(Cl)cc(NCCC2CC2)c1
EN300-214518,CN(C)C(CN)C(F)(F)F,Cc1ccncc1NC(=O)Cc1cc(Cl)cc(Br)c1,Cc1ccncc1NC(=O)Cc1cc(Cl)cc(NCC(N(C)C)C(F)(F)F)c1
EN300-73252,NCCC(O)C(F)(F)F,Cc1ccncc1NC(=O)Cc1cc(Cl)cc(Br)c1,Cc1ccncc1NC(=O)Cc1cc(Cl)cc(NCCC(O)C(F)(F)F)c1
EN300-145249,CC1(N)CCCCCC1,Cc1ccncc1NC(=O)Cc1cc(Cl)cc(Br)c1,Cc1ccncc1NC(=O)Cc1cc(Cl)cc(NC2(C)CCCCCC2)c1
EN300-148266,NCCCOCC(F)F,Cc1ccncc1NC(=O)Cc1cc(Cl)cc(Br)c1,Cc1ccncc1NC(=O)Cc1cc(Cl)cc(NCCCOCC(F)F)c1
EN300-216508,CC(N)CC(F)F,Cc1ccncc1NC(=O)Cc1cc(Cl)cc(Br)c1,Cc1ccncc1NC(=O)Cc1cc(Cl)cc(NC(C)CC(F)F)c1
EN300-111170,COCC1(N)CC1,Cc1ccncc1NC(=O)Cc1cc(Cl)cc(Br)c1,COCC1(Nc2cc(Cl)cc(CC(=O)Nc3cnccc3C)c2)CC1
EN300-134778,NC1(CC(F)(F)F)CC1,Cc1ccncc1NC(=O)Cc1cc(Cl)cc(Br)c1,Cc1ccncc1NC(=O)Cc1cc(Cl)cc(NC2(CC(F)(F)F)CC2)c1
EN300-66135,CC1(N)CC1,Cc1ccncc1NC(=O)Cc1cc(Cl)cc(Br)c1,Cc1ccncc1NC(=O)Cc1cc(Cl)cc(NC2(C)CC2)c1
EN300-136213,NCC1CCC(F)(F)CC1,Cc1ccncc1NC(=O)Cc1cc(Cl)cc(Br)c1,Cc1ccncc1NC(=O)Cc1cc(Cl)cc(NCC2CCC(F)(F)CC2)c1
EN300-225236,CN1CC(N)C1,Cc1ccncc1NC(=O)Cc1cc(Cl)cc(Br)c1,Cc1ccncc1NC(=O)Cc1cc(Cl)cc(NC2CN(C)C2)c1
EN300-90679,COCC(C)(N)C(F)(F)F,Cc1ccncc1NC(=O)Cc1cc(Cl)cc(Br)c1,COCC(C)(Nc1cc(Cl)cc(CC(=O)Nc2cnccc2C)c1)C(F)(F)F
EN300-90673,CC(N)(C1CC1)C(F)(F)F,Cc1ccncc1NC(=O)Cc1cc(Cl)cc(Br)c1,Cc1ccncc1NC(=O)Cc1cc(Cl)cc(NC(C)(C2CC2)C(F)(F)F)c1
EN300-107702,NC1(CO)CC1,Cc1ccncc1NC(=O)Cc1cc(Cl)cc(Br)c1,Cc1ccncc1NC(=O)Cc1cc(Cl)cc(NC2(CO)CC2)c1
EN300-152199,NCC(F)c1ccccc1,Cc1ccncc1NC(=O)Cc1cc(Cl)cc(Br)c1,Cc1ccncc1NC(=O)Cc1cc(Cl)cc(NCC(F)c2ccccc2)c1
EN300-140532,CC1CC(N)C1,Cc1ccncc1NC(=O)Cc1cc(Cl)cc(Br)c1,Cc1ccncc1NC(=O)Cc1cc(Cl)cc(NC2CC(C)C2)c1
EN300-147856,CC1(CN)CC1,Cc1ccncc1NC(=O)Cc1cc(Cl)cc(Br)c1,Cc1ccncc1NC(=O)Cc1cc(Cl)cc(NCC2(C)CC2)c1
EN300-182477,CC1(C)CCN(CCN)C1,Cc1ccncc1NC(=O)Cc1cc(Cl)cc(Br)c1,Cc1ccncc1NC(=O)Cc1cc(Cl)cc(NCCN2CCC(C)(C)C2)c1
EN300-149654,NC1C2CCCCC12,Cc1ccncc1NC(=O)Cc1cc(Cl)cc(Br)c1,Cc1ccncc1NC(=O)Cc1cc(Cl)cc(NC2C3CCCCC32)c1
EN300-139846,NCC(F)(F)CO,Cc1ccncc1NC(=O)Cc1cc(Cl)cc(Br)c1,Cc1ccncc1NC(=O)Cc1cc(Cl)cc(NCC(F)(F)CO)c1
EN300-175608,NC(CO)CCF,Cc1ccncc1NC(=O)Cc1cc(Cl)cc(Br)c1,Cc1ccncc1NC(=O)Cc1cc(Cl)cc(NC(CO)CCF)c1
EN300-149793,CC1(CN)CCC1,Cc1ccncc1NC(=O)Cc1cc(Cl)cc(Br)c1,Cc1ccncc1NC(=O)Cc1cc(Cl)cc(NCC2(C)CCC2)c1
EN300-102373,CN1CC(CN)C1,Cc1ccncc1NC(=O)Cc1cc(Cl)cc(Br)c1,Cc1ccncc1NC(=O)Cc1cc(Cl)cc(NCC2CN(C)C2)c1
EN300-191646,NC1CC(N2CCCCC2)C1,Cc1ccncc1NC(=O)Cc1cc(Cl)cc(Br)c1,Cc1ccncc1NC(=O)Cc1cc(Cl)cc(NC2CC(N3CCCCC3)C2)c1
EN300-150438,CC1(C)CC(N)C1,Cc1ccncc1NC(=O)Cc1cc(Cl)cc(Br)c1,Cc1ccncc1NC(=O)Cc1cc(Cl)cc(NC2CC(C)(C)C2)c1
EN300-140767,CC1(N)CCOC1,Cc1ccncc1NC(=O)Cc1cc(Cl)cc(Br)c1,Cc1ccncc1NC(=O)Cc1cc(Cl)cc(NC2(C)CCOC2)c1
EN300-183036,CN1CC(C)(N)C1,Cc1ccncc1NC(=O)Cc1cc(Cl)cc(Br)c1,Cc1ccncc1NC(=O)Cc1cc(Cl)cc(NC2(C)CN(C)C2)c1
EN300-218639,CC1(O)CC(N)C1,Cc1ccncc1NC(=O)Cc1cc(Cl)cc(Br)c1,Cc1ccncc1NC(=O)Cc1cc(Cl)cc(NC2CC(C)(O)C2)c1
EN300-206057,NC(C(F)F)C1CC1,Cc1ccncc1NC(=O)Cc1cc(Cl)cc(Br)c1,Cc1ccncc1NC(=O)Cc1cc(Cl)cc(NC(C(F)F)C2CC2)c1
EN300-136220,NC1(C(F)F)CCCC1,Cc1ccncc1NC(=O)Cc1cc(Cl)cc(Br)c1,Cc1ccncc1NC(=O)Cc1cc(Cl)cc(NC2(C(F)F)CCCC2)c1
EN300-190874,CC(C)(N)C(F)F,Cc1ccncc1NC(=O)Cc1cc(Cl)cc(Br)c1,Cc1ccncc1NC(=O)Cc1cc(Cl)cc(NC(C)(C)C(F)F)c1
EN300-136221,NC1(C(F)F)CCCCC1,Cc1ccncc1NC(=O)Cc1cc(Cl)cc(Br)c1,Cc1ccncc1NC(=O)Cc1cc(Cl)cc(NC2(C(F)F)CCCCC2)c1
EN300-131018,CC(C)(C#N)CN,Cc1ccncc1NC(=O)Cc1cc(Cl)cc(Br)c1,Cc1ccncc1NC(=O)Cc1cc(Cl)cc(NCC(C)(C)C#N)c1
EN300-133413,CC(N)CF,Cc1ccncc1NC(=O)Cc1cc(Cl)cc(Br)c1,Cc1ccncc1NC(=O)Cc1cc(Cl)cc(NC(C)CF)c1
EN300-137425,NCC1CC1(F)F,Cc1ccncc1NC(=O)Cc1cc(Cl)cc(Br)c1,Cc1ccncc1NC(=O)Cc1cc(Cl)cc(NCC2CC2(F)F)c1
EN300-141346,CC(C)(N)CF,Cc1ccncc1NC(=O)Cc1cc(Cl)cc(Br)c1,Cc1ccncc1NC(=O)Cc1cc(Cl)cc(NC(C)(C)CF)c1
EN300-152989,NC1CC2(CCC2)C1,Cc1ccncc1NC(=O)Cc1cc(Cl)cc(Br)c1,Cc1ccncc1NC(=O)Cc1cc(Cl)cc(NC2CC3(CCC3)C2)c1
EN300-112789,NCC1CCCC1(F)F,Cc1ccncc1NC(=O)Cc1cc(Cl)cc(Br)c1,Cc1ccncc1NC(=O)Cc1cc(Cl)cc(NCC2CCCC2(F)F)c1
EN300-136211,NCC1CCCC(F)(F)C1,Cc1ccncc1NC(=O)Cc1cc(Cl)cc(Br)c1,Cc1ccncc1NC(=O)Cc1cc(Cl)cc(NCC2CCCC(F)(F)C2)c1
EN300-136202,NCC1CCC(F)(F)C1,Cc1ccncc1NC(=O)Cc1cc(Cl)cc(Br)c1,Cc1ccncc1NC(=O)Cc1cc(Cl)cc(NCC2CCC(F)(F)C2)c1
EN300-136219,NCC1CC(C(F)(F)F)C1,Cc1ccncc1NC(=O)Cc1cc(Cl)cc(Br)c1,Cc1ccncc1NC(=O)Cc1cc(Cl)cc(NCC2CC(C(F)(F)F)C2)c1
EN300-115150,NC1CCCC1F,Cc1ccncc1NC(=O)Cc1cc(Cl)cc(Br)c1,Cc1ccncc1NC(=O)Cc1cc(Cl)cc(NC2CCCC2F)c1
EN300-122352,NCC1CCCCC1(F)F,Cc1ccncc1NC(=O)Cc1cc(Cl)cc(Br)c1,Cc1ccncc1NC(=O)Cc1cc(Cl)cc(NCC2CCCCC2(F)F)c1
EN300-59553,N[C@@H]1CCC[C@H]1O,Cc1ccncc1NC(=O)Cc1cc(Cl)cc(Br)c1,Cc1ccncc1NC(=O)Cc1cc(Cl)cc(N[C@@H]2CCC[C@H]2O)c1
EN300-97850,N[C@H]1C[C@@H](O)C1,Cc1ccncc1NC(=O)Cc1cc(Cl)cc(Br)c1,Cc1ccncc1NC(=O)Cc1cc(Cl)cc(N[C@H]2C[C@@H](O)C2)c1
EN300-124496,CC1(N)CCC(F)(F)CC1,Cc1ccncc1NC(=O)Cc1cc(Cl)cc(Br)c1,Cc1ccncc1NC(=O)Cc1cc(Cl)cc(NC2(C)CCC(F)(F)CC2)c1
EN300-147474,NC1CC[S+]([O-])C1,Cc1ccncc1NC(=O)Cc1cc(Cl)cc(Br)c1,Cc1ccncc1NC(=O)Cc1cc(Cl)cc(NC2CC[S+]([O-])C2)c1
EN300-145121,Nc1cccc(C(F)F)c1,Cc1ccncc1NC(=O)Cc1cc(Cl)cc(Br)c1,Cc1ccncc1NC(=O)Cc1cc(Cl)cc(Nc2cccc(C(F)F)c2)c1
EN300-150585,NCc1ccno1,Cc1ccncc1NC(=O)Cc1cc(Cl)cc(Br)c1,Cc1ccncc1NC(=O)Cc1cc(Cl)cc(NCc2ccno2)c1
EN300-150667,NC1CS(=O)(=O)C1,Cc1ccncc1NC(=O)Cc1cc(Cl)cc(Br)c1,Cc1ccncc1NC(=O)Cc1cc(Cl)cc(NC2CS(=O)(=O)C2)c1
EN300-149340,NC(CO)CF,Cc1ccncc1NC(=O)Cc1cc(Cl)cc(Br)c1,Cc1ccncc1NC(=O)Cc1cc(Cl)cc(NC(CO)CF)c1
EN300-233625,COCC(F)CN,Cc1ccncc1NC(=O)Cc1cc(Cl)cc(Br)c1,COCC(F)CNc1cc(Cl)cc(CC(=O)Nc2cnccc2C)c1
EN300-171752,NC1CCOC1,Cc1ccncc1NC(=O)Cc1cc(Cl)cc(Br)c1,Cc1ccncc1NC(=O)Cc1cc(Cl)cc(NC2CCOC2)c1
EN300-175160,NCC(O)C(F)F,Cc1ccncc1NC(=O)Cc1cc(Cl)cc(Br)c1,Cc1ccncc1NC(=O)Cc1cc(Cl)cc(NCC(O)C(F)F)c1
EN300-175892,NCc1cc[nH]n1,Cc1ccncc1NC(=O)Cc1cc(Cl)cc(Br)c1,Cc1ccncc1NC(=O)Cc1cc(Cl)cc(NCc2cc[nH]n2)c1
EN300-178618,NC1CCCOC1,Cc1ccncc1NC(=O)Cc1cc(Cl)cc(Br)c1,Cc1ccncc1NC(=O)Cc1cc(Cl)cc(NC2CCCOC2)c1
EN300-176052,NCc1cc[nH]n1,Cc1ccncc1NC(=O)Cc1cc(Cl)cc(Br)c1,Cc1ccncc1NC(=O)Cc1cc(Cl)cc(NCc2cc[nH]n2)c1
EN300-182114,NC1CCC2(CC1)CC2,Cc1ccncc1NC(=O)Cc1cc(Cl)cc(Br)c1,Cc1ccncc1NC(=O)Cc1cc(Cl)cc(NC2CCC3(CC2)CC3)c1
EN300-188125,CN1CC(C)(N)C1,Cc1ccncc1NC(=O)Cc1cc(Cl)cc(Br)c1,Cc1ccncc1NC(=O)Cc1cc(Cl)cc(NC2(C)CN(C)C2)c1
EN300-189763,NC1CCC1(F)F,Cc1ccncc1NC(=O)Cc1cc(Cl)cc(Br)c1,Cc1ccncc1NC(=O)Cc1cc(Cl)cc(NC2CCC2(F)F)c1
EN300-190503,CN1CC(CN)C1,Cc1ccncc1NC(=O)Cc1cc(Cl)cc(Br)c1,Cc1ccncc1NC(=O)Cc1cc(Cl)cc(NCC2CN(C)C2)c1
EN300-190780,NCCOC(F)F,Cc1ccncc1NC(=O)Cc1cc(Cl)cc(Br)c1,Cc1ccncc1NC(=O)Cc1cc(Cl)cc(NCCOC(F)F)c1
EN300-190873,CC(C)(N)C(F)F,Cc1ccncc1NC(=O)Cc1cc(Cl)cc(Br)c1,Cc1ccncc1NC(=O)Cc1cc(Cl)cc(NC(C)(C)C(F)F)c1
EN300-191814,Cc1csc(N)n1,Cc1ccncc1NC(=O)Cc1cc(Cl)cc(Br)c1,Cc1csc(Nc2cc(Cl)cc(CC(=O)Nc3cnccc3C)c2)n1
EN300-192482,N[C@@H]1[C@H]2COC[C@H]21,Cc1ccncc1NC(=O)Cc1cc(Cl)cc(Br)c1,Cc1ccncc1NC(=O)Cc1cc(Cl)cc(N[C@@H]2[C@H]3COC[C@H]32)c1
EN300-193138,NC1CCC2CC12,Cc1ccncc1NC(=O)Cc1cc(Cl)cc(Br)c1,Cc1ccncc1NC(=O)Cc1cc(Cl)cc(NC2CCC3CC32)c1
EN300-190690,NCC1(C(F)F)CC1,Cc1ccncc1NC(=O)Cc1cc(Cl)cc(Br)c1,Cc1ccncc1NC(=O)Cc1cc(Cl)cc(NCC2(C(F)F)CC2)c1
EN300-192483,N[C@@H]1[C@H]2COC[C@H]21,Cc1ccncc1NC(=O)Cc1cc(Cl)cc(Br)c1,Cc1ccncc1NC(=O)Cc1cc(Cl)cc(N[C@@H]2[C@H]3COC[C@H]32)c1
EN300-201994,NC1(C(F)F)CC1,Cc1ccncc1NC(=O)Cc1cc(Cl)cc(Br)c1,Cc1ccncc1NC(=O)Cc1cc(Cl)cc(NC2(C(F)F)CC2)c1
EN300-234104,NC12CCC(CC1)CC2,Cc1ccncc1NC(=O)Cc1cc(Cl)cc(Br)c1,Cc1ccncc1NC(=O)Cc1cc(Cl)cc(NC23CCC(CC2)CC3)c1
EN300-196048,N#CC1(CN)CC1,Cc1ccncc1NC(=O)Cc1cc(Cl)cc(Br)c1,Cc1ccncc1NC(=O)Cc1cc(Cl)cc(NCC2(C#N)CC2)c1
EN300-201048,NCC1(C(F)(F)F)CC1,Cc1ccncc1NC(=O)Cc1cc(Cl)cc(Br)c1,Cc1ccncc1NC(=O)Cc1cc(Cl)cc(NCC2(C(F)(F)F)CC2)c1
EN300-190781,NCCOC(F)F,Cc1ccncc1NC(=O)Cc1cc(Cl)cc(Br)c1,Cc1ccncc1NC(=O)Cc1cc(Cl)cc(NCCOC(F)F)c1
EN300-195396,NCC1(F)CCC1,Cc1ccncc1NC(=O)Cc1cc(Cl)cc(Br)c1,Cc1ccncc1NC(=O)Cc1cc(Cl)cc(NCC2(F)CCC2)c1
EN300-195603,NCC1(F)CCCCC1,Cc1ccncc1NC(=O)Cc1cc(Cl)cc(Br)c1,Cc1ccncc1NC(=O)Cc1cc(Cl)cc(NCC2(F)CCCCC2)c1
EN300-196047,N#CC1(CN)CC1,Cc1ccncc1NC(=O)Cc1cc(Cl)cc(Br)c1,Cc1ccncc1NC(=O)Cc1cc(Cl)cc(NCC2(C#N)CC2)c1
EN300-196215,N[C@@H]1C[C@H]1C1CC1,Cc1ccncc1NC(=O)Cc1cc(Cl)cc(Br)c1,Cc1ccncc1NC(=O)Cc1cc(Cl)cc(N[C@@H]2C[C@H]2C2CC2)c1
EN300-194473,NCCF,Cc1ccncc1NC(=O)Cc1cc(Cl)cc(Br)c1,Cc1ccncc1NC(=O)Cc1cc(Cl)cc(NCCF)c1
EN300-133414,NCC(F)(F)C1CCC1,Cc1ccncc1NC(=O)Cc1cc(Cl)cc(Br)c1,Cc1ccncc1NC(=O)Cc1cc(Cl)cc(NCC(F)(F)C2CCC2)c1
EN300-196216,N[C@@H]1C[C@H]1C1CC1,Cc1ccncc1NC(=O)Cc1cc(Cl)cc(Br)c1,Cc1ccncc1NC(=O)Cc1cc(Cl)cc(N[C@@H]2C[C@H]2C2CC2)c1
EN300-196927,NCC1(C(F)F)CCC1,Cc1ccncc1NC(=O)Cc1cc(Cl)cc(Br)c1,Cc1ccncc1NC(=O)Cc1cc(Cl)cc(NCC2(C(F)F)CCC2)c1
EN300-196962,N[C@@H]1C[C@H]1CO,Cc1ccncc1NC(=O)Cc1cc(Cl)cc(Br)c1,Cc1ccncc1NC(=O)Cc1cc(Cl)cc(N[C@@H]2C[C@H]2CO)c1
EN300-201046,N[C@@H]1CCC[C@H]1OC(F)F,Cc1ccncc1NC(=O)Cc1cc(Cl)cc(Br)c1,Cc1ccncc1NC(=O)Cc1cc(Cl)cc(N[C@@H]2CCC[C@H]2OC(F)F)c1
EN300-201790,NC1CCC(F)C1,Cc1ccncc1NC(=O)Cc1cc(Cl)cc(Br)c1,Cc1ccncc1NC(=O)Cc1cc(Cl)cc(NC2CCC(F)C2)c1
EN300-201993,NC1(C(F)F)CC1,Cc1ccncc1NC(=O)Cc1cc(Cl)cc(Br)c1,Cc1ccncc1NC(=O)Cc1cc(Cl)cc(NC2(C(F)F)CC2)c1
EN300-200827,NCCC1(F)CCC1,Cc1ccncc1NC(=O)Cc1cc(Cl)cc(Br)c1,Cc1ccncc1NC(=O)Cc1cc(Cl)cc(NCCC2(F)CCC2)c1
EN300-30165,NC1CN2CCC1CC2,Cc1ccncc1NC(=O)Cc1cc(Cl)cc(Br)c1,Cc1ccncc1NC(=O)Cc1cc(Cl)cc(NC2CN3CCC2CC3)c1
EN300-205924,NC1CCC(OC(F)F)C1,Cc1ccncc1NC(=O)Cc1cc(Cl)cc(Br)c1,Cc1ccncc1NC(=O)Cc1cc(Cl)cc(NC2CCC(OC(F)F)C2)c1
EN300-206065,NC1CC(OC(F)F)C1,Cc1ccncc1NC(=O)Cc1cc(Cl)cc(Br)c1,Cc1ccncc1NC(=O)Cc1cc(Cl)cc(NC2CC(OC(F)F)C2)c1
EN300-191088,CC(C)(CN)C(F)(F)F,Cc1ccncc1NC(=O)Cc1cc(Cl)cc(Br)c1,Cc1ccncc1NC(=O)Cc1cc(Cl)cc(NCC(C)(C)C(F)(F)F)c1
EN300-204120,NC1CC(C(F)F)C1,Cc1ccncc1NC(=O)Cc1cc(Cl)cc(Br)c1,Cc1ccncc1NC(=O)Cc1cc(Cl)cc(NC2CC(C(F)F)C2)c1
EN300-206571,CO[C@H]1C[C@@H](N)C1,Cc1ccncc1NC(=O)Cc1cc(Cl)cc(Br)c1,CO[C@H]1C[C@@H](Nc2cc(Cl)cc(CC(=O)Nc3cnccc3C)c2)C1
EN300-212244,CC(N)C(C)(F)F,Cc1ccncc1NC(=O)Cc1cc(Cl)cc(Br)c1,Cc1ccncc1NC(=O)Cc1cc(Cl)cc(NC(C)C(C)(F)F)c1
EN300-253359,NCC1CC12CC2,Cc1ccncc1NC(=O)Cc1cc(Cl)cc(Br)c1,Cc1ccncc1NC(=O)Cc1cc(Cl)cc(NCC2CC23CC3)c1
EN300-208867,NC(CF)CF,Cc1ccncc1NC(=O)Cc1cc(Cl)cc(Br)c1,Cc1ccncc1NC(=O)Cc1cc(Cl)cc(NC(CF)CF)c1
EN300-206572,CO[C@H]1C[C@@H](N)C1,Cc1ccncc1NC(=O)Cc1cc(Cl)cc(Br)c1,CO[C@H]1C[C@@H](Nc2cc(Cl)cc(CC(=O)Nc3cnccc3C)c2)C1
EN300-212003,N[C@@H]1CC[C@H]1O,Cc1ccncc1NC(=O)Cc1cc(Cl)cc(Br)c1,Cc1ccncc1NC(=O)Cc1cc(Cl)cc(N[C@@H]2CC[C@H]2O)c1
EN300-212829,CC(C)(C#N)CN,Cc1ccncc1NC(=O)Cc1cc(Cl)cc(Br)c1,Cc1ccncc1NC(=O)Cc1cc(Cl)cc(NCC(C)(C)C#N)c1
EN300-213174,NCC1(CF)CC1,Cc1ccncc1NC(=O)Cc1cc(Cl)cc(Br)c1,Cc1ccncc1NC(=O)Cc1cc(Cl)cc(NCC2(CF)CC2)c1
EN300-211424,CC(F)(F)CN,Cc1ccncc1NC(=O)Cc1cc(Cl)cc(Br)c1,Cc1ccncc1NC(=O)Cc1cc(Cl)cc(NCC(C)(F)F)c1
EN300-176589,NC(CF)CF,Cc1ccncc1NC(=O)Cc1cc(Cl)cc(Br)c1,Cc1ccncc1NC(=O)Cc1cc(Cl)cc(NC(CF)CF)c1
EN300-184699,NCC1(C(F)(F)F)CCC1,Cc1ccncc1NC(=O)Cc1cc(Cl)cc(Br)c1,Cc1ccncc1NC(=O)Cc1cc(Cl)cc(NCC2(C(F)(F)F)CCC2)c1
EN300-214040,CC(N)CF,Cc1ccncc1NC(=O)Cc1cc(Cl)cc(Br)c1,Cc1ccncc1NC(=O)Cc1cc(Cl)cc(NC(C)CF)c1
EN300-214188,Cn1nncc1CN,Cc1ccncc1NC(=O)Cc1cc(Cl)cc(Br)c1,Cc1ccncc1NC(=O)Cc1cc(Cl)cc(NCc2cnnn2C)c1
EN300-214556,CCOC(=O)CC1CCC2(CCNCC2)CC1,Cc1ccncc1NC(=O)Cc1cc(Cl)cc(Br)c1,CCOC(=O)CC1CCC2(CC1)CCN(c1cc(Cl)cc(CC(=O)Nc3cnccc3C)c1)CC2
EN300-212004,N[C@@H]1CC[C@H]1O,Cc1ccncc1NC(=O)Cc1cc(Cl)cc(Br)c1,Cc1ccncc1NC(=O)Cc1cc(Cl)cc(N[C@@H]2CC[C@H]2O)c1
EN300-213175,NCC1(CF)CC1,Cc1ccncc1NC(=O)Cc1cc(Cl)cc(Br)c1,Cc1ccncc1NC(=O)Cc1cc(Cl)cc(NCC2(CF)CC2)c1
EN300-216067,NCC(F)(F)CN,Cc1ccncc1NC(=O)Cc1cc(Cl)cc(Br)c1,Cc1ccncc1NC(=O)Cc1cc(Cl)cc(NCC(F)(F)CN)c1
EN300-195708,N[C@@H]1COC[C@H]1O,Cc1ccncc1NC(=O)Cc1cc(Cl)cc(Br)c1,Cc1ccncc1NC(=O)Cc1cc(Cl)cc(N[C@@H]2COC[C@H]2O)c1
EN300-218385,N[C@@H]1COC[C@H]1O,Cc1ccncc1NC(=O)Cc1cc(Cl)cc(Br)c1,Cc1ccncc1NC(=O)Cc1cc(Cl)cc(N[C@@H]2COC[C@H]2O)c1
EN300-218386,N[C@@H]1COC[C@H]1O,Cc1ccncc1NC(=O)Cc1cc(Cl)cc(Br)c1,Cc1ccncc1NC(=O)Cc1cc(Cl)cc(N[C@@H]2COC[C@H]2O)c1
EN300-227188,CC(C)(CO)CCN,Cc1ccncc1NC(=O)Cc1cc(Cl)cc(Br)c1,Cc1ccncc1NC(=O)Cc1cc(Cl)cc(NCCC(C)(C)CO)c1
EN300-194088,NCC1CC(F)(F)C1,Cc1ccncc1NC(=O)Cc1cc(Cl)cc(Br)c1,Cc1ccncc1NC(=O)Cc1cc(Cl)cc(NCC2CC(F)(F)C2)c1
EN300-251966,NCc1cccc(S(F)(F)(F)(F)F)c1,Cc1ccncc1NC(=O)Cc1cc(Cl)cc(Br)c1,Cc1ccncc1NC(=O)Cc1cc(Cl)cc(NCc2cccc(S(F)(F)(F)(F)F)c2)c1
EN300-225574,NCC1(CF)CCOCC1,Cc1ccncc1NC(=O)Cc1cc(Cl)cc(Br)c1,Cc1ccncc1NC(=O)Cc1cc(Cl)cc(NCC2(CF)CCOCC2)c1
EN300-226318,CC(F)(F)CCN,Cc1ccncc1NC(=O)Cc1cc(Cl)cc(Br)c1,Cc1ccncc1NC(=O)Cc1cc(Cl)cc(NCCC(C)(F)F)c1
EN300-225235,CN1CC(N)C1,Cc1ccncc1NC(=O)Cc1cc(Cl)cc(Br)c1,Cc1ccncc1NC(=O)Cc1cc(Cl)cc(NC2CN(C)C2)c1
EN300-225693,CC1(O)CC(N)C1,Cc1ccncc1NC(=O)Cc1cc(Cl)cc(Br)c1,Cc1ccncc1NC(=O)Cc1cc(Cl)cc(NC2CC(C)(O)C2)c1
EN300-225951,CC1(F)CC(N)C1,Cc1ccncc1NC(=O)Cc1cc(Cl)cc(Br)c1,Cc1ccncc1NC(=O)Cc1cc(Cl)cc(NC2CC(C)(F)C2)c1
EN300-223035,NC(CCO)C(F)F,Cc1ccncc1NC(=O)Cc1cc(Cl)cc(Br)c1,Cc1ccncc1NC(=O)Cc1cc(Cl)cc(NC(CCO)C(F)F)c1
EN300-226384,CO[C@@H]1CC[C@H]1N,Cc1ccncc1NC(=O)Cc1cc(Cl)cc(Br)c1,CO[C@@H]1CC[C@H]1Nc1cc(Cl)cc(CC(=O)Nc2cnccc2C)c1
EN300-226385,CO[C@@H]1CC[C@H]1N,Cc1ccncc1NC(=O)Cc1cc(Cl)cc(Br)c1,CO[C@@H]1CC[C@H]1Nc1cc(Cl)cc(CC(=O)Nc2cnccc2C)c1
EN300-225616,NC1(CF)CCOCC1,Cc1ccncc1NC(=O)Cc1cc(Cl)cc(Br)c1,Cc1ccncc1NC(=O)Cc1cc(Cl)cc(NC2(CF)CCOCC2)c1
EN300-248519,NC1CC2(CC2)C1,Cc1ccncc1NC(=O)Cc1cc(Cl)cc(Br)c1,Cc1ccncc1NC(=O)Cc1cc(Cl)cc(NC2CC3(CC3)C2)c1
EN300-249748,NC[C@@H]1C[C@H]1C1CC1,Cc1ccncc1NC(=O)Cc1cc(Cl)cc(Br)c1,Cc1ccncc1NC(=O)Cc1cc(Cl)cc(NC[C@@H]2C[C@H]2C2CC2)c1
EN300-250098,NCCC1CC(F)(F)C1,Cc1ccncc1NC(=O)Cc1cc(Cl)cc(Br)c1,Cc1ccncc1NC(=O)Cc1cc(Cl)cc(NCCC2CC(F)(F)C2)c1
EN300-251521,NC1(CF)CCC1,Cc1ccncc1NC(=O)Cc1cc(Cl)cc(Br)c1,Cc1ccncc1NC(=O)Cc1cc(Cl)cc(NC2(CF)CCC2)c1
EN300-253426,CC1(C)CCC(C)(C)C1N,Cc1ccncc1NC(=O)Cc1cc(Cl)cc(Br)c1,Cc1ccncc1NC(=O)Cc1cc(Cl)cc(NC2C(C)(C)CCC2(C)C)c1
EN300-245112,NC1(CF)CCC1,Cc1ccncc1NC(=O)Cc1cc(Cl)cc(Br)c1,Cc1ccncc1NC(=O)Cc1cc(Cl)cc(NC2(CF)CCC2)c1
EN300-257209,N[C@@H]1C[C@H]1C1CCC1,Cc1ccncc1NC(=O)Cc1cc(Cl)cc(Br)c1,Cc1ccncc1NC(=O)Cc1cc(Cl)cc(N[C@@H]2C[C@H]2C2CCC2)c1
EN300-257898,NC1CC12CC2,Cc1ccncc1NC(=O)Cc1cc(Cl)cc(Br)c1,Cc1ccncc1NC(=O)Cc1cc(Cl)cc(NC2CC23CC3)c1
EN300-257922,CS(C)(=O)=NC(=O)CN,Cc1ccncc1NC(=O)Cc1cc(Cl)cc(Br)c1,Cc1ccncc1NC(=O)Cc1cc(Cl)cc(NCC(=O)N=S(C)(C)=O)c1
EN300-258753,CC1(C)[C@@H](N)CS1(=O)=O,Cc1ccncc1NC(=O)Cc1cc(Cl)cc(Br)c1,Cc1ccncc1NC(=O)Cc1cc(Cl)cc(N[C@H]2CS(=O)(=O)C2(C)C)c1
EN300-258804,CC1(C)SC[C@H]1N,Cc1ccncc1NC(=O)Cc1cc(Cl)cc(Br)c1,Cc1ccncc1NC(=O)Cc1cc(Cl)cc(N[C@@H]2CSC2(C)C)c1
EN300-259919,CC1(C)OB(CN)OC1(C)C,Cc1ccncc1NC(=O)Cc1cc(Cl)cc(Br)c1,Cc1ccncc1NC(=O)Cc1cc(Cl)cc(NCB2OC(C)(C)C(C)(C)O2)c1
EN300-633992,NCc1ccccc1C1CCC1,Cc1ccncc1NC(=O)Cc1cc(Cl)cc(Br)c1,Cc1ccncc1NC(=O)Cc1cc(Cl)cc(NCc2ccccc2C2CCC2)c1
EN300-1242106,NCC1CC12CCC2,Cc1ccncc1NC(=O)Cc1cc(Cl)cc(Br)c1,Cc1ccncc1NC(=O)Cc1cc(Cl)cc(NCC2CC23CCC3)c1
EN300-1264663,Cn1ccnc1C(N)C(F)(F)F,Cc1ccncc1NC(=O)Cc1cc(Cl)cc(Br)c1,Cc1ccncc1NC(=O)Cc1cc(Cl)cc(NC(c2nccn2C)C(F)(F)F)c1
EN300-120864,NC1CCC(C(F)(F)F)NC1,Cc1ccncc1NC(=O)Cc1cc(Cl)cc(Br)c1,Cc1ccncc1NC(=O)Cc1cc(Cl)cc(NC2CCC(C(F)(F)F)NC2)c1
EN300-313597,NCC(C1CCC1)C1CCC1,Cc1ccncc1NC(=O)Cc1cc(Cl)cc(Br)c1,Cc1ccncc1NC(=O)Cc1cc(Cl)cc(NCC(C2CCC2)C2CCC2)c1
EN300-314307,COc1ccc(C(N)C2CC2)cn1,Cc1ccncc1NC(=O)Cc1cc(Cl)cc(Br)c1,COc1ccc(C(Nc2cc(Cl)cc(CC(=O)Nc3cnccc3C)c2)C2CC2)cn1
EN300-367532,CC(C)(C)OC(=O)N1[C@H]2CC[C@@H]1C[C@@H](N)C2,Cc1ccncc1NC(=O)Cc1cc(Cl)cc(Br)c1,Cc1ccncc1NC(=O)Cc1cc(Cl)cc(N[C@H]2C[C@@H]3CC[C@H](C2)N3C(=O)OC(C)(C)C)c1
EN300-1461647,NC1CCCC12CCC2,Cc1ccncc1NC(=O)Cc1cc(Cl)cc(Br)c1,Cc1ccncc1NC(=O)Cc1cc(Cl)cc(NC2CCCC23CCC3)c1
EN300-314323,Cn1ccnc1C(N)c1nccn1C,Cc1ccncc1NC(=O)Cc1cc(Cl)cc(Br)c1,Cc1ccncc1NC(=O)Cc1cc(Cl)cc(NC(c2nccn2C)c2nccn2C)c1
EN300-1234985,NCC(F)(F)c1ccccn1,Cc1ccncc1NC(=O)Cc1cc(Cl)cc(Br)c1,Cc1ccncc1NC(=O)Cc1cc(Cl)cc(NCC(F)(F)c2ccccn2)c1
EN300-345687,Nc1ccn(CCF)n1,Cc1ccncc1NC(=O)Cc1cc(Cl)cc(Br)c1,Cc1ccncc1NC(=O)Cc1cc(Cl)cc(Nc2ccn(CCF)n2)c1
EN300-1223412,NCC1CC2(CCOCC2)C1,Cc1ccncc1NC(=O)Cc1cc(Cl)cc(Br)c1,Cc1ccncc1NC(=O)Cc1cc(Cl)cc(NCC2CC3(CCOCC3)C2)c1
EN300-1461644,NC1CCCC12CCCC2,Cc1ccncc1NC(=O)Cc1cc(Cl)cc(Br)c1,Cc1ccncc1NC(=O)Cc1cc(Cl)cc(NC2CCCC23CCCC3)c1
EN300-363585,NC1(c2ccccc2)CC2(CCC2)C1,Cc1ccncc1NC(=O)Cc1cc(Cl)cc(Br)c1,Cc1ccncc1NC(=O)Cc1cc(Cl)cc(NC2(c3ccccc3)CC3(CCC3)C2)c1
EN300-381042,NC1(c2ncccn2)CCC1,Cc1ccncc1NC(=O)Cc1cc(Cl)cc(Br)c1,Cc1ccncc1NC(=O)Cc1cc(Cl)cc(NC2(c3ncccn3)CCC2)c1
EN300-2990324,Nc1cccc(N2CCC2)c1,Cc1ccncc1NC(=O)Cc1cc(Cl)cc(Br)c1,Cc1ccncc1NC(=O)Cc1cc(Cl)cc(Nc2cccc(N3CCC3)c2)c1
EN300-1929086,CC(F)(F)c1cc(N)no1,Cc1ccncc1NC(=O)Cc1cc(Cl)cc(Br)c1,Cc1ccncc1NC(=O)Cc1cc(Cl)cc(Nc2cc(C(C)(F)F)on2)c1
EN300-367021,NC1CC12CCC2,Cc1ccncc1NC(=O)Cc1cc(Cl)cc(Br)c1,Cc1ccncc1NC(=O)Cc1cc(Cl)cc(NC2CC23CCC3)c1
EN300-1177753,CC(N)C1CC(F)(F)C1,Cc1ccncc1NC(=O)Cc1cc(Cl)cc(Br)c1,Cc1ccncc1NC(=O)Cc1cc(Cl)cc(NC(C)C2CC(F)(F)C2)c1
EN300-307488,NCc1cn(C(F)F)c2ccccc12,Cc1ccncc1NC(=O)Cc1cc(Cl)cc(Br)c1,Cc1ccncc1NC(=O)Cc1cc(Cl)cc(NCc2cn(C(F)F)c3ccccc23)c1
EN300-1247482,CCc1conc1N,Cc1ccncc1NC(=O)Cc1cc(Cl)cc(Br)c1,CCc1conc1Nc1cc(Cl)cc(CC(=O)Nc2cnccc2C)c1
EN300-395468,NCCC1CCC2(CCC2)O1,Cc1ccncc1NC(=O)Cc1cc(Cl)cc(Br)c1,Cc1ccncc1NC(=O)Cc1cc(Cl)cc(NCCC2CCC3(CCC3)O2)c1
EN300-344955,Nc1ncc(F)cn1,Cc1ccncc1NC(=O)Cc1cc(Cl)cc(Br)c1,Cc1ccncc1NC(=O)Cc1cc(Cl)cc(Nc2ncc(F)cn2)c1
EN300-703002,CCC#CCN,Cc1ccncc1NC(=O)Cc1cc(Cl)cc(Br)c1,CCC#CCNc1cc(Cl)cc(CC(=O)Nc2cnccc2C)c1
EN300-6735714,NC1CCCC2(CCC2)C1,Cc1ccncc1NC(=O)Cc1cc(Cl)cc(Br)c1,Cc1ccncc1NC(=O)Cc1cc(Cl)cc(NC2CCCC3(CCC3)C2)c1
EN300-2941583,CC(F)c1cccc(N)c1,Cc1ccncc1NC(=O)Cc1cc(Cl)cc(Br)c1,Cc1ccncc1NC(=O)Cc1cc(Cl)cc(Nc2cccc(C(C)F)c2)c1
EN300-1654411,NC1CCC2(CCC2)CC1,Cc1ccncc1NC(=O)Cc1cc(Cl)cc(Br)c1,Cc1ccncc1NC(=O)Cc1cc(Cl)cc(NC2CCC3(CCC3)CC2)c1
EN300-360908,Cc1cc(CN)cc(F)n1,Cc1ccncc1NC(=O)Cc1cc(Cl)cc(Br)c1,Cc1cc(CNc2cc(Cl)cc(CC(=O)Nc3cnccc3C)c2)cc(F)n1
EN300-179772,NC1CCC12CCCC2,Cc1ccncc1NC(=O)Cc1cc(Cl)cc(Br)c1,Cc1ccncc1NC(=O)Cc1cc(Cl)cc(NC2CCC23CCCC3)c1
EN300-307766,CS(=N)(=O)c1ccccc1N,Cc1ccncc1NC(=O)Cc1cc(Cl)cc(Br)c1,Cc1ccncc1NC(=O)Cc1cc(Cl)cc(Nc2ccccc2S(C)(=N)=O)c1
EN300-1931782,CC(F)(F)CCCCN,Cc1ccncc1NC(=O)Cc1cc(Cl)cc(Br)c1,Cc1ccncc1NC(=O)Cc1cc(Cl)cc(NCCCCC(C)(F)F)c1
EN300-345479,CC(C)(F)c1cc(N)no1,Cc1ccncc1NC(=O)Cc1cc(Cl)cc(Br)c1,Cc1ccncc1NC(=O)Cc1cc(Cl)cc(Nc2cc(C(C)(C)F)on2)c1
EN300-295114,NC1CCC2C(C1)C2(F)F,Cc1ccncc1NC(=O)Cc1cc(Cl)cc(Br)c1,Cc1ccncc1NC(=O)Cc1cc(Cl)cc(NC2CCC3C(C2)C3(F)F)c1
EN300-4264867,Nc1ccc(CCF)cc1,Cc1ccncc1NC(=O)Cc1cc(Cl)cc(Br)c1,Cc1ccncc1NC(=O)Cc1cc(Cl)cc(Nc2ccc(CCF)cc2)c1
EN300-1587825,NCCN1CC2(COC2)C1,Cc1ccncc1NC(=O)Cc1cc(Cl)cc(Br)c1,Cc1ccncc1NC(=O)Cc1cc(Cl)cc(NCCN2CC3(COC3)C2)c1
EN300-1307871,COC1(OC)CC(CN)C1,Cc1ccncc1NC(=O)Cc1cc(Cl)cc(Br)c1,COC1(OC)CC(CNc2cc(Cl)cc(CC(=O)Nc3cnccc3C)c2)C1
EN300-1653447,NCC1CC2CCC(C1)O2,Cc1ccncc1NC(=O)Cc1cc(Cl)cc(Br)c1,Cc1ccncc1NC(=O)Cc1cc(Cl)cc(NCC2CC3CCC(C2)O3)c1
EN300-781099,NCC1CCO1,Cc1ccncc1NC(=O)Cc1cc(Cl)cc(Br)c1,Cc1ccncc1NC(=O)Cc1cc(Cl)cc(NCC2CCO2)c1
EN300-331593,N[C@H]1C[C@@H](CO)C1,Cc1ccncc1NC(=O)Cc1cc(Cl)cc(Br)c1,Cc1ccncc1NC(=O)Cc1cc(Cl)cc(N[C@H]2C[C@@H](CO)C2)c1
EN300-119051,N[C@H]1CCNC1=O,Cc1ccncc1NC(=O)Cc1cc(Cl)cc(Br)c1,Cc1ccncc1NC(=O)Cc1cc(Cl)cc(N[C@H]2CCNC2=O)c1
EN300-6497225,CP(C)(=O)CCCN,Cc1ccncc1NC(=O)Cc1cc(Cl)cc(Br)c1,Cc1ccncc1NC(=O)Cc1cc(Cl)cc(NCCCP(C)(C)=O)c1
EN300-117234,Nc1cc(F)nc(F)c1,Cc1ccncc1NC(=O)Cc1cc(Cl)cc(Br)c1,Cc1ccncc1NC(=O)Cc1cc(Cl)cc(Nc2cc(F)nc(F)c2)c1
EN300-310205,CC1(C)CC1(N)c1ccccc1,Cc1ccncc1NC(=O)Cc1cc(Cl)cc(Br)c1,Cc1ccncc1NC(=O)Cc1cc(Cl)cc(NC2(c3ccccc3)CC2(C)C)c1
EN300-366212,CC(C)(C)OC(=O)[C@H]1C[C@H](N)C1,Cc1ccncc1NC(=O)Cc1cc(Cl)cc(Br)c1,Cc1ccncc1NC(=O)Cc1cc(Cl)cc(N[C@H]2C[C@H](C(=O)OC(C)(C)C)C2)c1
EN300-7441509,NCc1cnn(C(F)(F)F)c1,Cc1ccncc1NC(=O)Cc1cc(Cl)cc(Br)c1,Cc1ccncc1NC(=O)Cc1cc(Cl)cc(NCc2cnn(C(F)(F)F)c2)c1
EN300-5393231,Nc1nnc(C2(C(F)(F)F)CC2)s1,Cc1ccncc1NC(=O)Cc1cc(Cl)cc(Br)c1,Cc1ccncc1NC(=O)Cc1cc(Cl)cc(Nc2nnc(C3(C(F)(F)F)CC3)s2)c1
EN300-1387018,NC12CC3CC(F)(C1)CC(F)(C3)C2,Cc1ccncc1NC(=O)Cc1cc(Cl)cc(Br)c1,Cc1ccncc1NC(=O)Cc1cc(Cl)cc(NC23CC4CC(F)(CC(F)(C4)C2)C3)c1
EN300-7363250,Nc1cccc(OC(F)(F)C(F)F)c1,Cc1ccncc1NC(=O)Cc1cc(Cl)cc(Br)c1,Cc1ccncc1NC(=O)Cc1cc(Cl)cc(Nc2cccc(OC(F)(F)C(F)F)c2)c1
EN300-1696857,NC12CC3(F)CC(F)(C1)CC(F)(C2)C3,Cc1ccncc1NC(=O)Cc1cc(Cl)cc(Br)c1,Cc1ccncc1NC(=O)Cc1cc(Cl)cc(NC23CC4(F)CC(F)(CC(F)(C4)C2)C3)c1
EN300-1270498,CC(C)(C)OC(=O)N1CC2CC2(CN)C1,Cc1ccncc1NC(=O)Cc1cc(Cl)cc(Br)c1,Cc1ccncc1NC(=O)Cc1cc(Cl)cc(NCC23CC2CN(C(=O)OC(C)(C)C)C3)c1
EN300-5567790,CC(C)(C)OC(=O)N1CCC(F)(CN)CC1,Cc1ccncc1NC(=O)Cc1cc(Cl)cc(Br)c1,Cc1ccncc1NC(=O)Cc1cc(Cl)cc(NCC2(F)CCN(C(=O)OC(C)(C)C)CC2)c1
EN300-268837,CC(C)(C)OC(=O)N1CC2(CN)CC1CO2,Cc1ccncc1NC(=O)Cc1cc(Cl)cc(Br)c1,Cc1ccncc1NC(=O)Cc1cc(Cl)cc(NCC23CC(CO2)N(C(=O)OC(C)(C)C)C3)c1
EN300-312458,CC(C)(C)OC(=O)N1CCCCC(N)CC1,Cc1ccncc1NC(=O)Cc1cc(Cl)cc(Br)c1,Cc1ccncc1NC(=O)Cc1cc(Cl)cc(NC2CCCCN(C(=O)OC(C)(C)C)CC2)c1
EN300-360524,CC(C)(C)OC(=O)C[C@@H](N)C1CCCCC1,Cc1ccncc1NC(=O)Cc1cc(Cl)cc(Br)c1,Cc1ccncc1NC(=O)Cc1cc(Cl)cc(N[C@H](CC(=O)OC(C)(C)C)C2CCCCC2)c1
EN300-1073123,CC(C)(C)OC(=O)N1CCCC(N)C(F)C1,Cc1ccncc1NC(=O)Cc1cc(Cl)cc(Br)c1,Cc1ccncc1NC(=O)Cc1cc(Cl)cc(NC2CCCN(C(=O)OC(C)(C)C)CC2F)c1
EN300-1681879,CC(C)(C)OC(=O)N1CCC2(CC1)CC(N)CCO2,Cc1ccncc1NC(=O)Cc1cc(Cl)cc(Br)c1,Cc1ccncc1NC(=O)Cc1cc(Cl)cc(NC2CCOC3(CCN(C(=O)OC(C)(C)C)CC3)C2)c1
EN300-254079,NCC12CC(CO1)C2,Cc1ccncc1NC(=O)Cc1cc(Cl)cc(Br)c1,Cc1ccncc1NC(=O)Cc1cc(Cl)cc(NCC23CC(CO2)C3)c1
EN300-307325,CC(C)(C)OC(=O)N1C[C@H](O)[C@H](N)C1,Cc1ccncc1NC(=O)Cc1cc(Cl)cc(Br)c1,Cc1ccncc1NC(=O)Cc1cc(Cl)cc(N[C@@H]2CN(C(=O)OC(C)(C)C)C[C@@H]2O)c1
EN300-393147,CN1C(CN)CCS1(=O)=O,Cc1ccncc1NC(=O)Cc1cc(Cl)cc(Br)c1,Cc1ccncc1NC(=O)Cc1cc(Cl)cc(NCC2CCS(=O)(=O)N2C)c1
EN300-312320,CC1(C)[C@@H](N)[C@@H]1c1ccccc1,Cc1ccncc1NC(=O)Cc1cc(Cl)cc(Br)c1,Cc1ccncc1NC(=O)Cc1cc(Cl)cc(N[C@H]2[C@H](c3ccccc3)C2(C)C)c1
EN300-318169,NC[C@H]1C[C@@H](O)C1,Cc1ccncc1NC(=O)Cc1cc(Cl)cc(Br)c1,Cc1ccncc1NC(=O)Cc1cc(Cl)cc(NC[C@H]2C[C@@H](O)C2)c1
EN300-1666517,CC(C)(C)OC(=O)N1CCCC2C(N)C21,Cc1ccncc1NC(=O)Cc1cc(Cl)cc(Br)c1,Cc1ccncc1NC(=O)Cc1cc(Cl)cc(NC2C3CCCN(C(=O)OC(C)(C)C)C32)c1
EN300-365351,CC(C)(C)OC(=O)N1[C@H]2CC[C@@H]1C[C@H](CN)C2,Cc1ccncc1NC(=O)Cc1cc(Cl)cc(Br)c1,Cc1ccncc1NC(=O)Cc1cc(Cl)cc(NC[C@@H]2C[C@@H]3CC[C@H](C2)N3C(=O)OC(C)(C)C)c1
EN300-297833,NC1CC2C(C1)C2(F)F,Cc1ccncc1NC(=O)Cc1cc(Cl)cc(Br)c1,Cc1ccncc1NC(=O)Cc1cc(Cl)cc(NC2CC3C(C2)C3(F)F)c1
EN300-1588064,CC(C)(C)OC(=O)N1CCC(CN)(C2CC2)C1,Cc1ccncc1NC(=O)Cc1cc(Cl)cc(Br)c1,Cc1ccncc1NC(=O)Cc1cc(Cl)cc(NCC2(C3CC3)CCN(C(=O)OC(C)(C)C)C2)c1
EN300-322924,CC(C)(C)OC(=O)N1CC2(COC(CN)C2)C1,Cc1ccncc1NC(=O)Cc1cc(Cl)cc(Br)c1,Cc1ccncc1NC(=O)Cc1cc(Cl)cc(NCC2CC3(CO2)CN(C(=O)OC(C)(C)C)C3)c1
EN300-1448574,CC(C)(C)OC(=O)N1CCC(N)C2(CCC2)C1,Cc1ccncc1NC(=O)Cc1cc(Cl)cc(Br)c1,Cc1ccncc1NC(=O)Cc1cc(Cl)cc(NC2CCN(C(=O)OC(C)(C)C)CC23CCC3)c1
EN300-3053129,CCC(N)C1COC1,Cc1ccncc1NC(=O)Cc1cc(Cl)cc(Br)c1,CCC(Nc1cc(Cl)cc(CC(=O)Nc2cnccc2C)c1)C1COC1
EN300-366698,Nc1cc2n(n1)CCNC2,Cc1ccncc1NC(=O)Cc1cc(Cl)cc(Br)c1,Cc1ccncc1NC(=O)Cc1cc(Cl)cc(Nc2cc3n(n2)CCNC3)c1
EN300-1588894,CC(C)(C)OC(=O)NC1CC12CC(N)C2,Cc1ccncc1NC(=O)Cc1cc(Cl)cc(Br)c1,Cc1ccncc1NC(=O)Cc1cc(Cl)cc(N(C(=O)OC(C)(C)C)C2CC23CC(N)C3)c1
EN300-313256,NCC1CCN1C1CCCCC1,Cc1ccncc1NC(=O)Cc1cc(Cl)cc(Br)c1,Cc1ccncc1NC(=O)Cc1cc(Cl)cc(NCC2CCN2C2CCCCC2)c1
EN300-1149785,Cc1nn(C)c(N)c1F,Cc1ccncc1NC(=O)Cc1cc(Cl)cc(Br)c1,Cc1ccncc1NC(=O)Cc1cc(Cl)cc(Nc2c(F)c(C)nn2C)c1
EN300-1448621,CC(C)(C)OC(=O)C12CC(N)(C1)C2,Cc1ccncc1NC(=O)Cc1cc(Cl)cc(Br)c1,Cc1ccncc1NC(=O)Cc1cc(Cl)cc(NC23CC(C(=O)OC(C)(C)C)(C2)C3)c1
EN300-1704763,NC1CCCCC12CCC2,Cc1ccncc1NC(=O)Cc1cc(Cl)cc(Br)c1,Cc1ccncc1NC(=O)Cc1cc(Cl)cc(NC2CCCCC23CCC3)c1
EN300-3104482,CN1CC(CN)CC1(C)C,Cc1ccncc1NC(=O)Cc1cc(Cl)cc(Br)c1,Cc1ccncc1NC(=O)Cc1cc(Cl)cc(NCC2CN(C)C(C)(C)C2)c1
EN300-1590573,NC1CCOCC12CCCC2,Cc1ccncc1NC(=O)Cc1cc(Cl)cc(Br)c1,Cc1ccncc1NC(=O)Cc1cc(Cl)cc(NC2CCOCC23CCCC3)c1
EN300-1696842,CC(C)(C)OC(=O)N1[C@H](CN)C[C@@H]2C[C@@H]21,Cc1ccncc1NC(=O)Cc1cc(Cl)cc(Br)c1,Cc1ccncc1NC(=O)Cc1cc(Cl)cc(NC[C@@H]2C[C@@H]3C[C@@H]3N2C(=O)OC(C)(C)C)c1
EN300-364068,CN1CCC(C)(CN)C1=O,Cc1ccncc1NC(=O)Cc1cc(Cl)cc(Br)c1,Cc1ccncc1NC(=O)Cc1cc(Cl)cc(NCC2(C)CCN(C)C2=O)c1
EN300-106961,CP(C)(=O)c1cccc(N)c1,Cc1ccncc1NC(=O)Cc1cc(Cl)cc(Br)c1,Cc1ccncc1NC(=O)Cc1cc(Cl)cc(Nc2cccc(P(C)(C)=O)c2)c1
EN300-171811,CC1(C)C(N)CS1(=O)=O,Cc1ccncc1NC(=O)Cc1cc(Cl)cc(Br)c1,Cc1ccncc1NC(=O)Cc1cc(Cl)cc(NC2CS(=O)(=O)C2(C)C)c1
EN300-374344,CCN1CCC1CN,Cc1ccncc1NC(=O)Cc1cc(Cl)cc(Br)c1,CCN1CCC1CNc1cc(Cl)cc(CC(=O)Nc2cnccc2C)c1
EN300-6733131,NC1CC2(C1)CC(O)C2,Cc1ccncc1NC(=O)Cc1cc(Cl)cc(Br)c1,Cc1ccncc1NC(=O)Cc1cc(Cl)cc(NC2CC3(CC(O)C3)C2)c1
EN300-85990,COC1(OC)CCOCC1N,Cc1ccncc1NC(=O)Cc1cc(Cl)cc(Br)c1,COC1(OC)CCOCC1Nc1cc(Cl)cc(CC(=O)Nc2cnccc2C)c1
EN300-262201,NC12CC(F)(C1)C2,Cc1ccncc1NC(=O)Cc1cc(Cl)cc(Br)c1,Cc1ccncc1NC(=O)Cc1cc(Cl)cc(NC23CC(F)(C2)C3)c1
EN300-153078,CC(C)(C)OC(=O)NC12CC(N)(C1)C2,Cc1ccncc1NC(=O)Cc1cc(Cl)cc(Br)c1,Cc1ccncc1NC(=O)Cc1cc(Cl)cc(N(C(=O)OC(C)(C)C)C23CC(N)(C2)C3)c1
EN300-1692178,CC(C)(C)OC(=O)NC12CC(CN)(C1)C2,Cc1ccncc1NC(=O)Cc1cc(Cl)cc(Br)c1,Cc1ccncc1NC(=O)Cc1cc(Cl)cc(N(C(=O)OC(C)(C)C)C23CC(CN)(C2)C3)c1
EN300-1425613,CC(C)(C)OC(=O)N1CC(N)C2(CCOCC2)C1,Cc1ccncc1NC(=O)Cc1cc(Cl)cc(Br)c1,Cc1ccncc1NC(=O)Cc1cc(Cl)cc(NC2CN(C(=O)OC(C)(C)C)CC23CCOCC3)c1
EN300-7178266,NC12CCC(CO)(CC1)C2,Cc1ccncc1NC(=O)Cc1cc(Cl)cc(Br)c1,Cc1ccncc1NC(=O)Cc1cc(Cl)cc(NC23CCC(CO)(CC2)C3)c1
EN300-267539,CN(C)[C@H]1C[C@@H](CN)C1,Cc1ccncc1NC(=O)Cc1cc(Cl)cc(Br)c1,Cc1ccncc1NC(=O)Cc1cc(Cl)cc(NC[C@H]2C[C@@H](N(C)C)C2)c1
EN300-193855,Nc1ccccc1C1(C(F)(F)F)CC1,Cc1ccncc1NC(=O)Cc1cc(Cl)cc(Br)c1,Cc1ccncc1NC(=O)Cc1cc(Cl)cc(Nc2ccccc2C2(C(F)(F)F)CC2)c1
EN300-6822508,Nc1cccc(C2COC2)c1,Cc1ccncc1NC(=O)Cc1cc(Cl)cc(Br)c1,Cc1ccncc1NC(=O)Cc1cc(Cl)cc(Nc2cccc(C3COC3)c2)c1
EN300-744227,CC(C)(C)OC(=O)N1CCC2(CC1)OCCC2N,Cc1ccncc1NC(=O)Cc1cc(Cl)cc(Br)c1,Cc1ccncc1NC(=O)Cc1cc(Cl)cc(NC2CCOC23CCN(C(=O)OC(C)(C)C)CC3)c1
EN300-1270676,CC(N)C1CSC1,Cc1ccncc1NC(=O)Cc1cc(Cl)cc(Br)c1,Cc1ccncc1NC(=O)Cc1cc(Cl)cc(NC(C)C2CSC2)c1
EN300-358926,NCc1nc(C(F)(F)F)n2c1CCCC2,Cc1ccncc1NC(=O)Cc1cc(Cl)cc(Br)c1,Cc1ccncc1NC(=O)Cc1cc(Cl)cc(NCc2nc(C(F)(F)F)n3c2CCCC3)c1
EN300-300141,CC(C)(C)OC(=O)N1C[C@@H](N)C[C@H](F)C1,Cc1ccncc1NC(=O)Cc1cc(Cl)cc(Br)c1,Cc1ccncc1NC(=O)Cc1cc(Cl)cc(N[C@H]2C[C@H](F)CN(C(=O)OC(C)(C)C)C2)c1
EN300-2515954,NC12CC(N3CCCCC3)(C1)C2,Cc1ccncc1NC(=O)Cc1cc(Cl)cc(Br)c1,Cc1ccncc1NC(=O)Cc1cc(Cl)cc(NC23CC(N4CCCCC4)(C2)C3)c1
EN300-371925,NC1CCCC12CCCO2,Cc1ccncc1NC(=O)Cc1cc(Cl)cc(Br)c1,Cc1ccncc1NC(=O)Cc1cc(Cl)cc(NC2CCCC23CCCO3)c1
EN300-262200,NC12CC(F)(C1)C2,Cc1ccncc1NC(=O)Cc1cc(Cl)cc(Br)c1,Cc1ccncc1NC(=O)Cc1cc(Cl)cc(NC23CC(F)(C2)C3)c1
EN300-263075,N[C@@H]1C[C@@H]1C(F)F,Cc1ccncc1NC(=O)Cc1cc(Cl)cc(Br)c1,Cc1ccncc1NC(=O)Cc1cc(Cl)cc(N[C@@H]2C[C@@H]2C(F)F)c1
EN300-263301,N[C@H]1c2ccccc2C[C@H]1F,Cc1ccncc1NC(=O)Cc1cc(Cl)cc(Br)c1,Cc1ccncc1NC(=O)Cc1cc(Cl)cc(N[C@H]2c3ccccc3C[C@H]2F)c1
EN300-266183,NCC1CS(=O)(=O)C1,Cc1ccncc1NC(=O)Cc1cc(Cl)cc(Br)c1,Cc1ccncc1NC(=O)Cc1cc(Cl)cc(NCC2CS(=O)(=O)C2)c1
EN300-267328,NC1(c2cccc(OC(F)(F)F)c2)CC1,Cc1ccncc1NC(=O)Cc1cc(Cl)cc(Br)c1,Cc1ccncc1NC(=O)Cc1cc(Cl)cc(NC2(c3cccc(OC(F)(F)F)c3)CC2)c1
EN300-267463,NC1(c2ccncn2)CC1,Cc1ccncc1NC(=O)Cc1cc(Cl)cc(Br)c1,Cc1ccncc1NC(=O)Cc1cc(Cl)cc(NC2(c3ccncn3)CC2)c1
EN300-269572,NCB(O)O,Cc1ccncc1NC(=O)Cc1cc(Cl)cc(Br)c1,Cc1ccncc1NC(=O)Cc1cc(Cl)cc(NCB(O)O)c1
EN300-270256,N[C@@H]1CC[C@@H]1c1ccccc1,Cc1ccncc1NC(=O)Cc1cc(Cl)cc(Br)c1,Cc1ccncc1NC(=O)Cc1cc(Cl)cc(N[C@@H]2CC[C@@H]2c2ccccc2)c1
EN300-270269,NC1CCC2(CC1)CC2(F)F,Cc1ccncc1NC(=O)Cc1cc(Cl)cc(Br)c1,Cc1ccncc1NC(=O)Cc1cc(Cl)cc(NC2CCC3(CC2)CC3(F)F)c1
EN300-295113,NC1CCC2C(C1)C2(F)F,Cc1ccncc1NC(=O)Cc1cc(Cl)cc(Br)c1,Cc1ccncc1NC(=O)Cc1cc(Cl)cc(NC2CCC3C(C2)C3(F)F)c1
EN300-295200,NC12CCCC1C2,Cc1ccncc1NC(=O)Cc1cc(Cl)cc(Br)c1,Cc1ccncc1NC(=O)Cc1cc(Cl)cc(NC23CCCC2C3)c1
EN300-295395,NC12CC(C1)C2,Cc1ccncc1NC(=O)Cc1cc(Cl)cc(Br)c1,Cc1ccncc1NC(=O)Cc1cc(Cl)cc(NC23CC(C2)C3)c1
EN300-297832,NC1CC2C(C1)C2(F)F,Cc1ccncc1NC(=O)Cc1cc(Cl)cc(Br)c1,Cc1ccncc1NC(=O)Cc1cc(Cl)cc(NC2CC3C(C2)C3(F)F)c1
EN300-298101,NC[C@@H]1C[C@@H]2CC[C@H]1O2,Cc1ccncc1NC(=O)Cc1cc(Cl)cc(Br)c1,Cc1ccncc1NC(=O)Cc1cc(Cl)cc(NC[C@@H]2C[C@@H]3CC[C@H]2O3)c1
EN300-300126,NC1(C(=O)O)CC(c2ccccc2)C1,Cc1ccncc1NC(=O)Cc1cc(Cl)cc(Br)c1,Cc1ccncc1NC(=O)Cc1cc(Cl)cc(NC2(C(=O)O)CC(c3ccccc3)C2)c1
EN300-300403,NCC#CC(=O)O,Cc1ccncc1NC(=O)Cc1cc(Cl)cc(Br)c1,Cc1ccncc1NC(=O)Cc1cc(Cl)cc(NCC#CC(=O)O)c1
EN300-301440,NC1COC2(CCC2)C1,Cc1ccncc1NC(=O)Cc1cc(Cl)cc(Br)c1,Cc1ccncc1NC(=O)Cc1cc(Cl)cc(NC2COC3(CCC3)C2)c1
EN300-301582,NC1CC2(C1)CC2(F)F,Cc1ccncc1NC(=O)Cc1cc(Cl)cc(Br)c1,Cc1ccncc1NC(=O)Cc1cc(Cl)cc(NC2CC3(C2)CC3(F)F)c1
EN300-270270,NC1CCC2(CC1)CC2(F)F,Cc1ccncc1NC(=O)Cc1cc(Cl)cc(Br)c1,Cc1ccncc1NC(=O)Cc1cc(Cl)cc(NC2CCC3(CC2)CC3(F)F)c1
EN300-303451,CC1(CCN)CC1(F)F,Cc1ccncc1NC(=O)Cc1cc(Cl)cc(Br)c1,Cc1ccncc1NC(=O)Cc1cc(Cl)cc(NCCC2(C)CC2(F)F)c1
EN300-267907,NC[C@@H]1C[C@H](c2ccccc2)CO1,Cc1ccncc1NC(=O)Cc1cc(Cl)cc(Br)c1,Cc1ccncc1NC(=O)Cc1cc(Cl)cc(NC[C@@H]2C[C@H](c3ccccc3)CO2)c1
EN300-267916,NC[C@@H]1C[C@@H](c2ccccc2)CO1,Cc1ccncc1NC(=O)Cc1cc(Cl)cc(Br)c1,Cc1ccncc1NC(=O)Cc1cc(Cl)cc(NC[C@@H]2C[C@@H](c3ccccc3)CO2)c1
EN300-303800,NC[C@]12OCCC[C@H]1C2(F)F,Cc1ccncc1NC(=O)Cc1cc(Cl)cc(Br)c1,Cc1ccncc1NC(=O)Cc1cc(Cl)cc(NC[C@]23OCCC[C@H]2C3(F)F)c1
EN300-304311,CC1(C)C(CN)C1(F)F,Cc1ccncc1NC(=O)Cc1cc(Cl)cc(Br)c1,Cc1ccncc1NC(=O)Cc1cc(Cl)cc(NCC2C(C)(C)C2(F)F)c1
EN300-304788,NCc1ccns1,Cc1ccncc1NC(=O)Cc1cc(Cl)cc(Br)c1,Cc1ccncc1NC(=O)Cc1cc(Cl)cc(NCc2ccns2)c1
EN300-307350,CN(N)CC(F)(F)F,Cc1ccncc1NC(=O)Cc1cc(Cl)cc(Br)c1,Cc1ccncc1NC(=O)Cc1cc(Cl)cc(NN(C)CC(F)(F)F)c1
EN300-307592,N[C@H]1C[C@H](O)C1,Cc1ccncc1NC(=O)Cc1cc(Cl)cc(Br)c1,Cc1ccncc1NC(=O)Cc1cc(Cl)cc(N[C@H]2C[C@H](O)C2)c1
EN300-307594,COc1ccc(C2(N)CCOCC2)cc1,Cc1ccncc1NC(=O)Cc1cc(Cl)cc(Br)c1,COc1ccc(C2(Nc3cc(Cl)cc(CC(=O)Nc4cnccc4C)c3)CCOCC2)cc1
EN300-309524,NCCC1CC1(F)F,Cc1ccncc1NC(=O)Cc1cc(Cl)cc(Br)c1,Cc1ccncc1NC(=O)Cc1cc(Cl)cc(NCCC2CC2(F)F)c1
EN300-310599,NC[C@H]1C[C@@H](c2ccccc2)C1,Cc1ccncc1NC(=O)Cc1cc(Cl)cc(Br)c1,Cc1ccncc1NC(=O)Cc1cc(Cl)cc(NC[C@H]2C[C@@H](c3ccccc3)C2)c1
EN300-305362,CC(C)(C)OC(=O)N1CC2CCCC2(N)C1,Cc1ccncc1NC(=O)Cc1cc(Cl)cc(Br)c1,Cc1ccncc1NC(=O)Cc1cc(Cl)cc(NC23CCCC2CN(C(=O)OC(C)(C)C)C3)c1
EN300-310749,CC1(C)CC1(CN)c1ccccc1,Cc1ccncc1NC(=O)Cc1cc(Cl)cc(Br)c1,Cc1ccncc1NC(=O)Cc1cc(Cl)cc(NCC2(c3ccccc3)CC2(C)C)c1
EN300-310998,CC1CC(CN)C1,Cc1ccncc1NC(=O)Cc1cc(Cl)cc(Br)c1,Cc1ccncc1NC(=O)Cc1cc(Cl)cc(NCC2CC(C)C2)c1
EN300-311403,NC(C(F)F)C1CCCCC1,Cc1ccncc1NC(=O)Cc1cc(Cl)cc(Br)c1,Cc1ccncc1NC(=O)Cc1cc(Cl)cc(NC(C(F)F)C2CCCCC2)c1
EN300-311437,NC1(c2ncc[nH]2)CCOC1,Cc1ccncc1NC(=O)Cc1cc(Cl)cc(Br)c1,Cc1ccncc1NC(=O)Cc1cc(Cl)cc(NC2(c3ncc[nH]3)CCOC2)c1
EN300-312767,NC1(c2c(F)cccc2F)CCC1,Cc1ccncc1NC(=O)Cc1cc(Cl)cc(Br)c1,Cc1ccncc1NC(=O)Cc1cc(Cl)cc(NC2(c3c(F)cccc3F)CCC2)c1
EN300-312545,CC(C)(C)OC(=O)N1CCCC(N)CCC1,Cc1ccncc1NC(=O)Cc1cc(Cl)cc(Br)c1,Cc1ccncc1NC(=O)Cc1cc(Cl)cc(NC2CCCN(C(=O)OC(C)(C)C)CCC2)c1
EN300-313267,CN1CCCC(N)C1=O,Cc1ccncc1NC(=O)Cc1cc(Cl)cc(Br)c1,Cc1ccncc1NC(=O)Cc1cc(Cl)cc(NC2CCCN(C)C2=O)c1
EN300-313579,NCc1cncs1,Cc1ccncc1NC(=O)Cc1cc(Cl)cc(Br)c1,Cc1ccncc1NC(=O)Cc1cc(Cl)cc(NCc2cncs2)c1
EN300-313839,Cn1ccnc1[C@@H]1NC(=O)CC[C@H]1N,Cc1ccncc1NC(=O)Cc1cc(Cl)cc(Br)c1,Cc1ccncc1NC(=O)Cc1cc(Cl)cc(N2C(=O)CC[C@@H](N)[C@@H]2c2nccn2C)c1
EN300-314522,NCc1cccc(COC2CCOC2)n1,Cc1ccncc1NC(=O)Cc1cc(Cl)cc(Br)c1,Cc1ccncc1NC(=O)Cc1cc(Cl)cc(NCc2cccc(COC3CCOC3)n2)c1
EN300-314773,CCN1OCCC(N)C1=O,Cc1ccncc1NC(=O)Cc1cc(Cl)cc(Br)c1,CCN1OCCC(Nc2cc(Cl)cc(CC(=O)Nc3cnccc3C)c2)C1=O
EN300-315164,NCc1ccc(C2(C(F)(F)F)N=N2)cc1,Cc1ccncc1NC(=O)Cc1cc(Cl)cc(Br)c1,Cc1ccncc1NC(=O)Cc1cc(Cl)cc(NCc2ccc(C3(C(F)(F)F)N=N3)cc2)c1
EN300-315322,NC1C2Cc3c(Cl)cccc3C12,Cc1ccncc1NC(=O)Cc1cc(Cl)cc(Br)c1,Cc1ccncc1NC(=O)Cc1cc(Cl)cc(NC2C3Cc4c(Cl)cccc4C32)c1
EN300-268160,CCC(F)(F)C(C)(C)CN,Cc1ccncc1NC(=O)Cc1cc(Cl)cc(Br)c1,CCC(F)(F)C(C)(C)CNc1cc(Cl)cc(CC(=O)Nc2cnccc2C)c1
EN300-321072,NCC[C@H]1CCCO1,Cc1ccncc1NC(=O)Cc1cc(Cl)cc(Br)c1,Cc1ccncc1NC(=O)Cc1cc(Cl)cc(NCC[C@H]2CCCO2)c1
EN300-321398,NC1COCCC1=O,Cc1ccncc1NC(=O)Cc1cc(Cl)cc(Br)c1,Cc1ccncc1NC(=O)Cc1cc(Cl)cc(NC2COCCC2=O)c1
EN300-321459,CN[C@H]1C[C@@H](C(N)=O)C1,Cc1ccncc1NC(=O)Cc1cc(Cl)cc(Br)c1,Cc1ccncc1NC(=O)Cc1cc(Cl)cc(N(C)[C@H]2C[C@@H](C(N)=O)C2)c1
EN300-321475,N[C@@H]1CCO[C@H]1c1cc[nH]n1,Cc1ccncc1NC(=O)Cc1cc(Cl)cc(Br)c1,Cc1ccncc1NC(=O)Cc1cc(Cl)cc(N[C@@H]2CCO[C@H]2c2cc[nH]n2)c1
EN300-321843,CO[C@H]1C[C@H](N)C1,Cc1ccncc1NC(=O)Cc1cc(Cl)cc(Br)c1,CO[C@H]1C[C@H](Nc2cc(Cl)cc(CC(=O)Nc3cnccc3C)c2)C1
EN300-321940,NCc1nc2cnccc2s1,Cc1ccncc1NC(=O)Cc1cc(Cl)cc(Br)c1,Cc1ccncc1NC(=O)Cc1cc(Cl)cc(NCc2nc3cnccc3s2)c1
EN300-322222,NCC1(C(F)(F)F)CCCC1,Cc1ccncc1NC(=O)Cc1cc(Cl)cc(Br)c1,Cc1ccncc1NC(=O)Cc1cc(Cl)cc(NCC2(C(F)(F)F)CCCC2)c1
EN300-322261,Cn1ccnc1[C@@H]1[C@@H](N)CCC(=O)N1C1CC1,Cc1ccncc1NC(=O)Cc1cc(Cl)cc(Br)c1,Cc1ccncc1NC(=O)Cc1cc(Cl)cc(N[C@H]2CCC(=O)N(C3CC3)[C@@H]2c2nccn2C)c1
EN300-299312,NCC(F)(C(F)(F)F)C(F)(F)F,Cc1ccncc1NC(=O)Cc1cc(Cl)cc(Br)c1,Cc1ccncc1NC(=O)Cc1cc(Cl)cc(NCC(F)(C(F)(F)F)C(F)(F)F)c1
EN300-331424,NC1CCCC12CC2,Cc1ccncc1NC(=O)Cc1cc(Cl)cc(Br)c1,Cc1ccncc1NC(=O)Cc1cc(Cl)cc(NC2CCCC23CC3)c1
EN300-331499,NC1C[S+]([O-])C1,Cc1ccncc1NC(=O)Cc1cc(Cl)cc(Br)c1,Cc1ccncc1NC(=O)Cc1cc(Cl)cc(NC2C[S+]([O-])C2)c1
EN300-332176,NCC1CC2(CC(=O)N2)C1,Cc1ccncc1NC(=O)Cc1cc(Cl)cc(Br)c1,Cc1ccncc1NC(=O)Cc1cc(Cl)cc(NCC2CC3(CC(=O)N3)C2)c1
EN300-332218,NCC1CC2(CC2)C1,Cc1ccncc1NC(=O)Cc1cc(Cl)cc(Br)c1,Cc1ccncc1NC(=O)Cc1cc(Cl)cc(NCC2CC3(CC3)C2)c1
EN300-332545,N[C@]1(C(=O)O)C[C@@H](F)C1,Cc1ccncc1NC(=O)Cc1cc(Cl)cc(Br)c1,Cc1ccncc1NC(=O)Cc1cc(Cl)cc(N[C@]2(C(=O)O)C[C@@H](F)C2)c1
EN300-332718,NC12CCCCC1C2,Cc1ccncc1NC(=O)Cc1cc(Cl)cc(Br)c1,Cc1ccncc1NC(=O)Cc1cc(Cl)cc(NC23CCCCC2C3)c1
EN300-333033,NCCCC(F)F,Cc1ccncc1NC(=O)Cc1cc(Cl)cc(Br)c1,Cc1ccncc1NC(=O)Cc1cc(Cl)cc(NCCCC(F)F)c1
EN300-333110,NC1(C(F)F)CCC1,Cc1ccncc1NC(=O)Cc1cc(Cl)cc(Br)c1,Cc1ccncc1NC(=O)Cc1cc(Cl)cc(NC2(C(F)F)CCC2)c1
EN300-333128,NN1CCC1,Cc1ccncc1NC(=O)Cc1cc(Cl)cc(Br)c1,Cc1ccncc1NC(=O)Cc1cc(Cl)cc(NN2CCC2)c1
EN300-342028,N[C@@H]1CCC[C@@H]1C(=O)O,Cc1ccncc1NC(=O)Cc1cc(Cl)cc(Br)c1,Cc1ccncc1NC(=O)Cc1cc(Cl)cc(N[C@@H]2CCC[C@@H]2C(=O)O)c1
EN300-343124,NCCc1ccno1,Cc1ccncc1NC(=O)Cc1cc(Cl)cc(Br)c1,Cc1ccncc1NC(=O)Cc1cc(Cl)cc(NCCc2ccno2)c1
EN300-343171,N[C@@H]1CCCC[C@@H]1F,Cc1ccncc1NC(=O)Cc1cc(Cl)cc(Br)c1,Cc1ccncc1NC(=O)Cc1cc(Cl)cc(N[C@@H]2CCCC[C@@H]2F)c1
EN300-343269,CSC1CC(N)C1,Cc1ccncc1NC(=O)Cc1cc(Cl)cc(Br)c1,CSC1CC(Nc2cc(Cl)cc(CC(=O)Nc3cnccc3C)c2)C1
EN300-343434,NC1(c2nnn[nH]2)CCC1,Cc1ccncc1NC(=O)Cc1cc(Cl)cc(Br)c1,Cc1ccncc1NC(=O)Cc1cc(Cl)cc(NC2(c3nnn[nH]3)CCC2)c1
EN300-344166,NC1CC2CC1C1CC21,Cc1ccncc1NC(=O)Cc1cc(Cl)cc(Br)c1,Cc1ccncc1NC(=O)Cc1cc(Cl)cc(NC2CC3CC2C2CC32)c1
EN300-344448,NCC1(F)CCOCC1,Cc1ccncc1NC(=O)Cc1cc(Cl)cc(Br)c1,Cc1ccncc1NC(=O)Cc1cc(Cl)cc(NCC2(F)CCOCC2)c1
EN300-344565,NCC12CCCC1OCC2,Cc1ccncc1NC(=O)Cc1cc(Cl)cc(Br)c1,Cc1ccncc1NC(=O)Cc1cc(Cl)cc(NCC23CCCC2OCC3)c1
EN300-344643,NCC1CCC2(CC1)CC2,Cc1ccncc1NC(=O)Cc1cc(Cl)cc(Br)c1,Cc1ccncc1NC(=O)Cc1cc(Cl)cc(NCC2CCC3(CC2)CC3)c1
EN300-344719,CC(C)(N)C1CCCCO1,Cc1ccncc1NC(=O)Cc1cc(Cl)cc(Br)c1,Cc1ccncc1NC(=O)Cc1cc(Cl)cc(NC(C)(C)C2CCCCO2)c1
EN300-344725,NC1COC2(CCCC2)C1,Cc1ccncc1NC(=O)Cc1cc(Cl)cc(Br)c1,Cc1ccncc1NC(=O)Cc1cc(Cl)cc(NC2COC3(CCCC3)C2)c1
EN300-344759,CC(F)(F)C(C)(C)CN,Cc1ccncc1NC(=O)Cc1cc(Cl)cc(Br)c1,Cc1ccncc1NC(=O)Cc1cc(Cl)cc(NCC(C)(C)C(C)(F)F)c1
EN300-344818,NC1CCCC12CCCCO2,Cc1ccncc1NC(=O)Cc1cc(Cl)cc(Br)c1,Cc1ccncc1NC(=O)Cc1cc(Cl)cc(NC2CCCC23CCCCO3)c1
EN300-344825,COC(=O)[C@@]12C[C@@H](N)C[C@@H]1C2,Cc1ccncc1NC(=O)Cc1cc(Cl)cc(Br)c1,COC(=O)[C@@]12C[C@@H](Nc3cc(Cl)cc(CC(=O)Nc4cnccc4C)c3)C[C@@H]1C2
EN300-345208,N[C@H]1C[C@H](S(=O)(=O)c2ccccc2)C1,Cc1ccncc1NC(=O)Cc1cc(Cl)cc(Br)c1,Cc1ccncc1NC(=O)Cc1cc(Cl)cc(N[C@H]2C[C@H](S(=O)(=O)c3ccccc3)C2)c1
EN300-345932,NCC1CCC12CCOCC2,Cc1ccncc1NC(=O)Cc1cc(Cl)cc(Br)c1,Cc1ccncc1NC(=O)Cc1cc(Cl)cc(NCC2CCC23CCOCC3)c1
EN300-345626,COC(=O)C(N)C1CC1C(=O)OC,Cc1ccncc1NC(=O)Cc1cc(Cl)cc(Br)c1,COC(=O)C1CC1C(Nc1cc(Cl)cc(CC(=O)Nc2cnccc2C)c1)C(=O)OC
EN300-352291,NC12CC3CC(C1)CC(F)(C3)C2,Cc1ccncc1NC(=O)Cc1cc(Cl)cc(Br)c1,Cc1ccncc1NC(=O)Cc1cc(Cl)cc(NC23CC4CC(CC(F)(C4)C2)C3)c1
EN300-364628,CC(C)(C)OC(=O)N[C@H]1C[C@H](CN)C1,Cc1ccncc1NC(=O)Cc1cc(Cl)cc(Br)c1,Cc1ccncc1NC(=O)Cc1cc(Cl)cc(N(C(=O)OC(C)(C)C)[C@H]2C[C@H](CN)C2)c1
EN300-364631,CC1CC1C1CC1N,Cc1ccncc1NC(=O)Cc1cc(Cl)cc(Br)c1,Cc1ccncc1NC(=O)Cc1cc(Cl)cc(NC2CC2C2CC2C)c1
EN300-352243,NC1CNC1=O,Cc1ccncc1NC(=O)Cc1cc(Cl)cc(Br)c1,Cc1ccncc1NC(=O)Cc1cc(Cl)cc(NC2CNC2=O)c1
EN300-364973,NCC1CC2CCC(C1)S2(=O)=O,Cc1ccncc1NC(=O)Cc1cc(Cl)cc(Br)c1,Cc1ccncc1NC(=O)Cc1cc(Cl)cc(NCC2CC3CCC(C2)S3(=O)=O)c1
EN300-365003,NC1(C2CCCCO2)CCC1,Cc1ccncc1NC(=O)Cc1cc(Cl)cc(Br)c1,Cc1ccncc1NC(=O)Cc1cc(Cl)cc(NC2(C3CCCCO3)CCC2)c1
EN300-365108,NC[C@@H]1C[C@H]1C1CCOCC1,Cc1ccncc1NC(=O)Cc1cc(Cl)cc(Br)c1,Cc1ccncc1NC(=O)Cc1cc(Cl)cc(NC[C@@H]2C[C@H]2C2CCOCC2)c1
EN300-365363,NC1CC2(CSC2)C1,Cc1ccncc1NC(=O)Cc1cc(Cl)cc(Br)c1,Cc1ccncc1NC(=O)Cc1cc(Cl)cc(NC2CC3(CSC3)C2)c1
EN300-365418,N[C@@H]1C[C@H]2C[C@@]2(C(=O)O)C1,Cc1ccncc1NC(=O)Cc1cc(Cl)cc(Br)c1,Cc1ccncc1NC(=O)Cc1cc(Cl)cc(N[C@@H]2C[C@H]3C[C@@]3(C(=O)O)C2)c1
EN300-365605,NC1C2C3CCC(C3)C12,Cc1ccncc1NC(=O)Cc1cc(Cl)cc(Br)c1,Cc1ccncc1NC(=O)Cc1cc(Cl)cc(NC2C3C4CCC(C4)C23)c1
EN300-365607,Cn1ncc(I)c1CN,Cc1ccncc1NC(=O)Cc1cc(Cl)cc(Br)c1,Cc1ccncc1NC(=O)Cc1cc(Cl)cc(NCc2c(I)cnn2C)c1
EN300-365945,CC(C)(C)OC(=O)N1CC(N)(c2ccccc2)C1,Cc1ccncc1NC(=O)Cc1cc(Cl)cc(Br)c1,Cc1ccncc1NC(=O)Cc1cc(Cl)cc(NC2(c3ccccc3)CN(C(=O)OC(C)(C)C)C2)c1
EN300-365998,NCCOC(F)(F)C(F)(F)F,Cc1ccncc1NC(=O)Cc1cc(Cl)cc(Br)c1,Cc1ccncc1NC(=O)Cc1cc(Cl)cc(NCCOC(F)(F)C(F)(F)F)c1
EN300-366128,NCCC1(C(F)(F)F)N=N1,Cc1ccncc1NC(=O)Cc1cc(Cl)cc(Br)c1,Cc1ccncc1NC(=O)Cc1cc(Cl)cc(NCCC2(C(F)(F)F)N=N2)c1
EN300-366250,CC1(C)COC(CN)C1,Cc1ccncc1NC(=O)Cc1cc(Cl)cc(Br)c1,Cc1ccncc1NC(=O)Cc1cc(Cl)cc(NCC2CC(C)(C)CO2)c1
EN300-366299,NC[C@H]1C[C@H](O)C1,Cc1ccncc1NC(=O)Cc1cc(Cl)cc(Br)c1,Cc1ccncc1NC(=O)Cc1cc(Cl)cc(NC[C@H]2C[C@H](O)C2)c1
EN300-366552,CC1(N)CC(F)(F)C1,Cc1ccncc1NC(=O)Cc1cc(Cl)cc(Br)c1,Cc1ccncc1NC(=O)Cc1cc(Cl)cc(NC2(C)CC(F)(F)C2)c1
EN300-343779,COC(=O)C12CC(N)CC1C2,Cc1ccncc1NC(=O)Cc1cc(Cl)cc(Br)c1,COC(=O)C12CC(Nc3cc(Cl)cc(CC(=O)Nc4cnccc4C)c3)CC1C2
EN300-367210,NN1CC2CCCC(C2)C1,Cc1ccncc1NC(=O)Cc1cc(Cl)cc(Br)c1,Cc1ccncc1NC(=O)Cc1cc(Cl)cc(NN2CC3CCCC(C3)C2)c1
EN300-367383,N[C@@]12COC[C@@H]1C2,Cc1ccncc1NC(=O)Cc1cc(Cl)cc(Br)c1,Cc1ccncc1NC(=O)Cc1cc(Cl)cc(N[C@@]23COC[C@@H]2C3)c1
EN300-367479,NCC1CC2CCCC2O1,Cc1ccncc1NC(=O)Cc1cc(Cl)cc(Br)c1,Cc1ccncc1NC(=O)Cc1cc(Cl)cc(NCC2CC3CCCC3O2)c1
EN300-310254,NC1C(=O)NCC12CCOCC2,Cc1ccncc1NC(=O)Cc1cc(Cl)cc(Br)c1,Cc1ccncc1NC(=O)Cc1cc(Cl)cc(NC2C(=O)NCC23CCOCC3)c1
EN300-345025,Cc1conc1CN,Cc1ccncc1NC(=O)Cc1cc(Cl)cc(Br)c1,Cc1ccncc1NC(=O)Cc1cc(Cl)cc(NCc2nocc2C)c1
EN300-371175,NCC1CC2(CCC2)CO1,Cc1ccncc1NC(=O)Cc1cc(Cl)cc(Br)c1,Cc1ccncc1NC(=O)Cc1cc(Cl)cc(NCC2CC3(CCC3)CO2)c1
EN300-345831,NC1=NOC(=O)C12CC2,Cc1ccncc1NC(=O)Cc1cc(Cl)cc(Br)c1,Cc1ccncc1NC(=O)Cc1cc(Cl)cc(NC2=NOC(=O)C23CC3)c1
EN300-371760,NC(c1ccncc1)C1CCC1,Cc1ccncc1NC(=O)Cc1cc(Cl)cc(Br)c1,Cc1ccncc1NC(=O)Cc1cc(Cl)cc(NC(c2ccncc2)C2CCC2)c1
EN300-345806,CC1(CN)OCCc2ccccc21,Cc1ccncc1NC(=O)Cc1cc(Cl)cc(Br)c1,Cc1ccncc1NC(=O)Cc1cc(Cl)cc(NCC2(C)OCCc3ccccc32)c1
EN300-373280,NC(C1CCOCC1)C(F)(F)F,Cc1ccncc1NC(=O)Cc1cc(Cl)cc(Br)c1,Cc1ccncc1NC(=O)Cc1cc(Cl)cc(NC(C2CCOCC2)C(F)(F)F)c1
EN300-373334,COC[C@@H]1CC[C@@H]1N,Cc1ccncc1NC(=O)Cc1cc(Cl)cc(Br)c1,COC[C@@H]1CC[C@@H]1Nc1cc(Cl)cc(CC(=O)Nc2cnccc2C)c1
EN300-373377,NCC1C=CCC1,Cc1ccncc1NC(=O)Cc1cc(Cl)cc(Br)c1,Cc1ccncc1NC(=O)Cc1cc(Cl)cc(NCC2C=CCC2)c1
EN300-373586,CC1(C)CCC(CN)OC1,Cc1ccncc1NC(=O)Cc1cc(Cl)cc(Br)c1,Cc1ccncc1NC(=O)Cc1cc(Cl)cc(NCC2CCC(C)(C)CO2)c1
EN300-373736,N[C@@H]1C[C@@H]2CCCC[C@@H]21,Cc1ccncc1NC(=O)Cc1cc(Cl)cc(Br)c1,Cc1ccncc1NC(=O)Cc1cc(Cl)cc(N[C@@H]2C[C@@H]3CCCC[C@@H]32)c1
EN300-373956,C#CC1(N)CC1,Cc1ccncc1NC(=O)Cc1cc(Cl)cc(Br)c1,C#CC1(Nc2cc(Cl)cc(CC(=O)Nc3cnccc3C)c2)CC1
EN300-374266,CC(C)(CN)CC(F)F,Cc1ccncc1NC(=O)Cc1cc(Cl)cc(Br)c1,Cc1ccncc1NC(=O)Cc1cc(Cl)cc(NCC(C)(C)CC(F)F)c1
EN300-374310,CC1(C)CC1(C)CN,Cc1ccncc1NC(=O)Cc1cc(Cl)cc(Br)c1,Cc1ccncc1NC(=O)Cc1cc(Cl)cc(NCC2(C)CC2(C)C)c1
EN300-378184,NCC1CCC2(CCC2)O1,Cc1ccncc1NC(=O)Cc1cc(Cl)cc(Br)c1,Cc1ccncc1NC(=O)Cc1cc(Cl)cc(NCC2CCC3(CCC3)O2)c1
EN300-378272,Nc1ccc(C(F)C(F)(F)F)cc1,Cc1ccncc1NC(=O)Cc1cc(Cl)cc(Br)c1,Cc1ccncc1NC(=O)Cc1cc(Cl)cc(Nc2ccc(C(F)C(F)(F)F)cc2)c1
EN300-378429,NCC[C@@H]1C[C@H]1C1CC1,Cc1ccncc1NC(=O)Cc1cc(Cl)cc(Br)c1,Cc1ccncc1NC(=O)Cc1cc(Cl)cc(NCC[C@@H]2C[C@H]2C2CC2)c1
EN300-364600,NC[C@@H]1CCO[C@H]1c1ncc[nH]1,Cc1ccncc1NC(=O)Cc1cc(Cl)cc(Br)c1,Cc1ccncc1NC(=O)Cc1cc(Cl)cc(NC[C@@H]2CCO[C@H]2c2ncc[nH]2)c1
EN300-298418,NCC12CCCCC1C2,Cc1ccncc1NC(=O)Cc1cc(Cl)cc(Br)c1,Cc1ccncc1NC(=O)Cc1cc(Cl)cc(NCC23CCCCC2C3)c1
EN300-366014,NC12COCC1C2,Cc1ccncc1NC(=O)Cc1cc(Cl)cc(Br)c1,Cc1ccncc1NC(=O)Cc1cc(Cl)cc(NC23COCC2C3)c1
EN300-361370,CC(C)(C)OC(=O)NC1(CN)COC1,Cc1ccncc1NC(=O)Cc1cc(Cl)cc(Br)c1,Cc1ccncc1NC(=O)Cc1cc(Cl)cc(N(C(=O)OC(C)(C)C)C2(CN)COC2)c1
EN300-378760,CS(=O)(=O)[C@H]1C[C@H](N)C1,Cc1ccncc1NC(=O)Cc1cc(Cl)cc(Br)c1,Cc1ccncc1NC(=O)Cc1cc(Cl)cc(N[C@H]2C[C@H](S(C)(=O)=O)C2)c1
EN300-378862,COC[C@H]1C[C@@H](N)C1,Cc1ccncc1NC(=O)Cc1cc(Cl)cc(Br)c1,COC[C@H]1C[C@@H](Nc2cc(Cl)cc(CC(=O)Nc3cnccc3C)c2)C1
EN300-378881,NCC1CCC2(CCOCC2)CO1,Cc1ccncc1NC(=O)Cc1cc(Cl)cc(Br)c1,Cc1ccncc1NC(=O)Cc1cc(Cl)cc(NCC2CCC3(CCOCC3)CO2)c1
EN300-378895,CC(C)(C)C12CC(N)(C1)C2,Cc1ccncc1NC(=O)Cc1cc(Cl)cc(Br)c1,Cc1ccncc1NC(=O)Cc1cc(Cl)cc(NC23CC(C(C)(C)C)(C2)C3)c1
EN300-378941,NC1(c2ccc(Br)cc2)CC(F)C1,Cc1ccncc1NC(=O)Cc1cc(Cl)cc(Br)c1,Cc1ccncc1NC(=O)Cc1cc(Cl)cc(NC2(c3ccc(Br)cc3)CC(F)C2)c1
EN300-379472,NCCC1CCCS1(=O)=O,Cc1ccncc1NC(=O)Cc1cc(Cl)cc(Br)c1,Cc1ccncc1NC(=O)Cc1cc(Cl)cc(NCCC2CCCS2(=O)=O)c1
EN300-380967,NC1C2(CC2)C12CC2,Cc1ccncc1NC(=O)Cc1cc(Cl)cc(Br)c1,Cc1ccncc1NC(=O)Cc1cc(Cl)cc(NC2C3(CC3)C23CC3)c1
EN300-381020,COC(=O)[C@@H]1[C@H](CN)C1(F)F,Cc1ccncc1NC(=O)Cc1cc(Cl)cc(Br)c1,COC(=O)[C@@H]1[C@H](CNc2cc(Cl)cc(CC(=O)Nc3cnccc3C)c2)C1(F)F
EN300-381059,NC1CC(C2CC2)C1,Cc1ccncc1NC(=O)Cc1cc(Cl)cc(Br)c1,Cc1ccncc1NC(=O)Cc1cc(Cl)cc(NC2CC(C3CC3)C2)c1
EN300-381199,NCCC1CCCC1(F)F,Cc1ccncc1NC(=O)Cc1cc(Cl)cc(Br)c1,Cc1ccncc1NC(=O)Cc1cc(Cl)cc(NCCC2CCCC2(F)F)c1
EN300-383663,NC1CC2(CCC2)Oc2ccccc21,Cc1ccncc1NC(=O)Cc1cc(Cl)cc(Br)c1,Cc1ccncc1NC(=O)Cc1cc(Cl)cc(NC2CC3(CCC3)Oc3ccccc32)c1
EN300-383670,NCCC1(c2ccccc2)CC1,Cc1ccncc1NC(=O)Cc1cc(Cl)cc(Br)c1,Cc1ccncc1NC(=O)Cc1cc(Cl)cc(NCCC2(c3ccccc3)CC2)c1
EN300-384108,NC1(C2CC2)CCC1,Cc1ccncc1NC(=O)Cc1cc(Cl)cc(Br)c1,Cc1ccncc1NC(=O)Cc1cc(Cl)cc(NC2(C3CC3)CCC2)c1
EN300-384325,NCC1C2(CC2)C12CC2,Cc1ccncc1NC(=O)Cc1cc(Cl)cc(Br)c1,Cc1ccncc1NC(=O)Cc1cc(Cl)cc(NCC2C3(CC3)C23CC3)c1
EN300-384586,COC(=O)[C@@H](F)CN,Cc1ccncc1NC(=O)Cc1cc(Cl)cc(Br)c1,COC(=O)[C@@H](F)CNc1cc(Cl)cc(CC(=O)Nc2cnccc2C)c1
EN300-384690,NC[C@@]12COC[C@@H]1C2,Cc1ccncc1NC(=O)Cc1cc(Cl)cc(Br)c1,Cc1ccncc1NC(=O)Cc1cc(Cl)cc(NC[C@@]23COC[C@@H]2C3)c1
EN300-385210,NC1CCC=CCC1,Cc1ccncc1NC(=O)Cc1cc(Cl)cc(Br)c1,Cc1ccncc1NC(=O)Cc1cc(Cl)cc(NC2CCC=CCC2)c1
EN300-393345,N[C@@H]1CCO[C@H]1C1CC1,Cc1ccncc1NC(=O)Cc1cc(Cl)cc(Br)c1,Cc1ccncc1NC(=O)Cc1cc(Cl)cc(N[C@@H]2CCO[C@H]2C2CC2)c1
EN300-396398,NCC12CCCCC1C2,Cc1ccncc1NC(=O)Cc1cc(Cl)cc(Br)c1,Cc1ccncc1NC(=O)Cc1cc(Cl)cc(NCC23CCCCC2C3)c1
EN300-398596,CC1(C)OB(C2(N)CCC2)OC1(C)C,Cc1ccncc1NC(=O)Cc1cc(Cl)cc(Br)c1,Cc1ccncc1NC(=O)Cc1cc(Cl)cc(NC2(B3OC(C)(C)C(C)(C)O3)CCC2)c1
EN300-399336,CC1(C)OB(C2(N)CC2)OC1(C)C,Cc1ccncc1NC(=O)Cc1cc(Cl)cc(Br)c1,Cc1ccncc1NC(=O)Cc1cc(Cl)cc(NC2(B3OC(C)(C)C(C)(C)O3)CC2)c1
EN300-399915,CC(C)(C)OC(=O)N1C[C@@H](N)CO1,Cc1ccncc1NC(=O)Cc1cc(Cl)cc(Br)c1,Cc1ccncc1NC(=O)Cc1cc(Cl)cc(N[C@H]2CON(C(=O)OC(C)(C)C)C2)c1
EN300-624143,NC1CC12CC(O)C2,Cc1ccncc1NC(=O)Cc1cc(Cl)cc(Br)c1,Cc1ccncc1NC(=O)Cc1cc(Cl)cc(NC2CC23CC(O)C3)c1
EN300-631715,NC1CC2CCCC12,Cc1ccncc1NC(=O)Cc1cc(Cl)cc(Br)c1,Cc1ccncc1NC(=O)Cc1cc(Cl)cc(NC2CC3CCCC32)c1
EN300-633491,NC1CC(Cl)(Cl)C1,Cc1ccncc1NC(=O)Cc1cc(Cl)cc(Br)c1,Cc1ccncc1NC(=O)Cc1cc(Cl)cc(NC2CC(Cl)(Cl)C2)c1
EN300-637407,N[C@@H]1CO[C@H]1c1ccccc1,Cc1ccncc1NC(=O)Cc1cc(Cl)cc(Br)c1,Cc1ccncc1NC(=O)Cc1cc(Cl)cc(N[C@@H]2CO[C@H]2c2ccccc2)c1
EN300-650540,NCC12CC(C(F)(F)F)(C1)C2,Cc1ccncc1NC(=O)Cc1cc(Cl)cc(Br)c1,Cc1ccncc1NC(=O)Cc1cc(Cl)cc(NCC23CC(C(F)(F)F)(C2)C3)c1
EN300-650549,CCOC(=O)C#CCN,Cc1ccncc1NC(=O)Cc1cc(Cl)cc(Br)c1,CCOC(=O)C#CCNc1cc(Cl)cc(CC(=O)Nc2cnccc2C)c1
EN300-650557,NC1(c2c(F)cccc2F)COC1,Cc1ccncc1NC(=O)Cc1cc(Cl)cc(Br)c1,Cc1ccncc1NC(=O)Cc1cc(Cl)cc(NC2(c3c(F)cccc3F)COC2)c1
EN300-651697,NC1(C(F)F)CCOCC1,Cc1ccncc1NC(=O)Cc1cc(Cl)cc(Br)c1,Cc1ccncc1NC(=O)Cc1cc(Cl)cc(NC2(C(F)F)CCOCC2)c1
EN300-657153,NC1CC2(C1)CS(=O)(=O)C2,Cc1ccncc1NC(=O)Cc1cc(Cl)cc(Br)c1,Cc1ccncc1NC(=O)Cc1cc(Cl)cc(NC2CC3(C2)CS(=O)(=O)C3)c1
EN300-657285,NC[C@@H]1C[C@H]1C(F)(F)F,Cc1ccncc1NC(=O)Cc1cc(Cl)cc(Br)c1,Cc1ccncc1NC(=O)Cc1cc(Cl)cc(NC[C@@H]2C[C@H]2C(F)(F)F)c1
EN300-657375,NC1CCSC2(CCC2)C1,Cc1ccncc1NC(=O)Cc1cc(Cl)cc(Br)c1,Cc1ccncc1NC(=O)Cc1cc(Cl)cc(NC2CCSC3(CCC3)C2)c1
EN300-399812,NC1COC2(CC2)C1,Cc1ccncc1NC(=O)Cc1cc(Cl)cc(Br)c1,Cc1ccncc1NC(=O)Cc1cc(Cl)cc(NC2COC3(CC3)C2)c1
EN300-687031,NCC1CCCC(C(F)(F)F)O1,Cc1ccncc1NC(=O)Cc1cc(Cl)cc(Br)c1,Cc1ccncc1NC(=O)Cc1cc(Cl)cc(NCC2CCCC(C(F)(F)F)O2)c1
EN300-687036,NCC1CCCC2(CCC2)O1,Cc1ccncc1NC(=O)Cc1cc(Cl)cc(Br)c1,Cc1ccncc1NC(=O)Cc1cc(Cl)cc(NCC2CCCC3(CCC3)O2)c1
EN300-687047,CC(C)(C)OC(=O)N1CC[C@@]2(CN)CCC[C@@H]12,Cc1ccncc1NC(=O)Cc1cc(Cl)cc(Br)c1,Cc1ccncc1NC(=O)Cc1cc(Cl)cc(NC[C@]23CCC[C@H]2N(C(=O)OC(C)(C)C)CC3)c1
EN300-378161,CC1(C)CC2(CO1)CC(N)C2,Cc1ccncc1NC(=O)Cc1cc(Cl)cc(Br)c1,Cc1ccncc1NC(=O)Cc1cc(Cl)cc(NC2CC3(COC(C)(C)C3)C2)c1
EN300-697583,NC[C@]12CCC[C@H]1OCC2,Cc1ccncc1NC(=O)Cc1cc(Cl)cc(Br)c1,Cc1ccncc1NC(=O)Cc1cc(Cl)cc(NC[C@]23CCC[C@H]2OCC3)c1
EN300-702542,NCC12CC(CO)(CO1)C2,Cc1ccncc1NC(=O)Cc1cc(Cl)cc(Br)c1,Cc1ccncc1NC(=O)Cc1cc(Cl)cc(NCC23CC(CO)(CO2)C3)c1
EN300-703951,N[C@@H]1C[C@H](C(=O)O)[C@H]2C[C@H]21,Cc1ccncc1NC(=O)Cc1cc(Cl)cc(Br)c1,Cc1ccncc1NC(=O)Cc1cc(Cl)cc(N[C@@H]2C[C@H](C(=O)O)[C@H]3C[C@H]32)c1
EN300-704236,N[C@@H]1CC[C@H](CS(=O)(=O)F)C1,Cc1ccncc1NC(=O)Cc1cc(Cl)cc(Br)c1,Cc1ccncc1NC(=O)Cc1cc(Cl)cc(N[C@@H]2CC[C@H](CS(=O)(=O)F)C2)c1
EN300-705974,NC1CSC1,Cc1ccncc1NC(=O)Cc1cc(Cl)cc(Br)c1,Cc1ccncc1NC(=O)Cc1cc(Cl)cc(NC2CSC2)c1
EN300-706082,CC(C)(C)OC(=O)N1CCCC2(CN)CC12,Cc1ccncc1NC(=O)Cc1cc(Cl)cc(Br)c1,Cc1ccncc1NC(=O)Cc1cc(Cl)cc(NCC23CCCN(C(=O)OC(C)(C)C)C2C3)c1
EN300-706136,NC1CCS(=O)(=O)C2(CCC2)C1,Cc1ccncc1NC(=O)Cc1cc(Cl)cc(Br)c1,Cc1ccncc1NC(=O)Cc1cc(Cl)cc(NC2CCS(=O)(=O)C3(CCC3)C2)c1
EN300-717297,NC1CCCC2(CC2)C1,Cc1ccncc1NC(=O)Cc1cc(Cl)cc(Br)c1,Cc1ccncc1NC(=O)Cc1cc(Cl)cc(NC2CCCC3(CC3)C2)c1
EN300-694172,CC1CC2(CO1)CC(N)C2,Cc1ccncc1NC(=O)Cc1cc(Cl)cc(Br)c1,Cc1ccncc1NC(=O)Cc1cc(Cl)cc(NC2CC3(COC(C)C3)C2)c1
EN300-719654,NC1(c2ccccc2)COC1,Cc1ccncc1NC(=O)Cc1cc(Cl)cc(Br)c1,Cc1ccncc1NC(=O)Cc1cc(Cl)cc(NC2(c3ccccc3)COC2)c1
EN300-722101,CC1(C)CC(N)CCS1,Cc1ccncc1NC(=O)Cc1cc(Cl)cc(Br)c1,Cc1ccncc1NC(=O)Cc1cc(Cl)cc(NC2CCSC(C)(C)C2)c1
EN300-702742,NC1CCOC12CCCCC2,Cc1ccncc1NC(=O)Cc1cc(Cl)cc(Br)c1,Cc1ccncc1NC(=O)Cc1cc(Cl)cc(NC2CCOC23CCCCC3)c1
EN300-7432135,Nc1ccn(C(F)(F)F)n1,Cc1ccncc1NC(=O)Cc1cc(Cl)cc(Br)c1,Cc1ccncc1NC(=O)Cc1cc(Cl)cc(Nc2ccn(C(F)(F)F)n2)c1
EN300-310246,NC1(C(F)(F)F)CS(=O)(=O)C1,Cc1ccncc1NC(=O)Cc1cc(Cl)cc(Br)c1,Cc1ccncc1NC(=O)Cc1cc(Cl)cc(NC2(C(F)(F)F)CS(=O)(=O)C2)c1
EN300-7026726,NCC1CC2CC1C2,Cc1ccncc1NC(=O)Cc1cc(Cl)cc(Br)c1,Cc1ccncc1NC(=O)Cc1cc(Cl)cc(NCC2CC3CC2C3)c1
EN300-206066,NC1CC(OC(F)F)C1,Cc1ccncc1NC(=O)Cc1cc(Cl)cc(Br)c1,Cc1ccncc1NC(=O)Cc1cc(Cl)cc(NC2CC(OC(F)F)C2)c1
EN300-1693210,CC(C)(C)OC(=O)N1CC2(CCC2)CC1CN,Cc1ccncc1NC(=O)Cc1cc(Cl)cc(Br)c1,Cc1ccncc1NC(=O)Cc1cc(Cl)cc(NCC2CC3(CCC3)CN2C(=O)OC(C)(C)C)c1
EN300-6970573,NC1(CF)COC1,Cc1ccncc1NC(=O)Cc1cc(Cl)cc(Br)c1,Cc1ccncc1NC(=O)Cc1cc(Cl)cc(NC2(CF)COC2)c1
EN300-741823,NC1CCOC12CCCC2,Cc1ccncc1NC(=O)Cc1cc(Cl)cc(Br)c1,Cc1ccncc1NC(=O)Cc1cc(Cl)cc(NC2CCOC23CCCC3)c1
EN300-731673,NC1CCOC12CCOCC2,Cc1ccncc1NC(=O)Cc1cc(Cl)cc(Br)c1,Cc1ccncc1NC(=O)Cc1cc(Cl)cc(NC2CCOC23CCOCC3)c1
EN300-726375,CC1(C)CC(N)CCS1(=O)=O,Cc1ccncc1NC(=O)Cc1cc(Cl)cc(Br)c1,Cc1ccncc1NC(=O)Cc1cc(Cl)cc(NC2CCS(=O)(=O)C(C)(C)C2)c1
EN300-691886,CC(C)(C)OC(=O)N1CCC2CCC(N)C1C2,Cc1ccncc1NC(=O)Cc1cc(Cl)cc(Br)c1,Cc1ccncc1NC(=O)Cc1cc(Cl)cc(NC2CCC3CCN(C(=O)OC(C)(C)C)C2C3)c1
EN300-754590,CCO[C@@H]1C[C@H]1N,Cc1ccncc1NC(=O)Cc1cc(Cl)cc(Br)c1,CCO[C@@H]1C[C@H]1Nc1cc(Cl)cc(CC(=O)Nc2cnccc2C)c1
EN300-755048,CC1(C)C(C)(C)C1(C)N,Cc1ccncc1NC(=O)Cc1cc(Cl)cc(Br)c1,Cc1ccncc1NC(=O)Cc1cc(Cl)cc(NC2(C)C(C)(C)C2(C)C)c1
EN300-760961,NCC12CCC(CC1)CO2,Cc1ccncc1NC(=O)Cc1cc(Cl)cc(Br)c1,Cc1ccncc1NC(=O)Cc1cc(Cl)cc(NCC23CCC(CC2)CO3)c1
EN300-744236,NC1CCOC12CCOC2,Cc1ccncc1NC(=O)Cc1cc(Cl)cc(Br)c1,Cc1ccncc1NC(=O)Cc1cc(Cl)cc(NC2CCOC23CCOC3)c1
EN300-814010,CC(C)(C)OC(=O)NCC1(C(F)(F)F)CCCN1,Cc1ccncc1NC(=O)Cc1cc(Cl)cc(Br)c1,Cc1ccncc1NC(=O)Cc1cc(Cl)cc(N(CC2(C(F)(F)F)CCCN2)C(=O)OC(C)(C)C)c1
EN300-816124,COC1CC2(C1)CC2N,Cc1ccncc1NC(=O)Cc1cc(Cl)cc(Br)c1,COC1CC2(C1)CC2Nc1cc(Cl)cc(CC(=O)Nc2cnccc2C)c1
EN300-816133,NC1CC12CCC2,Cc1ccncc1NC(=O)Cc1cc(Cl)cc(Br)c1,Cc1ccncc1NC(=O)Cc1cc(Cl)cc(NC2CC23CCC3)c1
EN300-794501,CC(C)(C)OC(=O)N1C[C@@H]2CCC[C@]2(N)C1,Cc1ccncc1NC(=O)Cc1cc(Cl)cc(Br)c1,Cc1ccncc1NC(=O)Cc1cc(Cl)cc(N[C@]23CCC[C@H]2CN(C(=O)OC(C)(C)C)C3)c1
EN300-1067036,COC(=O)[C@@H]1CS(=O)(=O)C[C@H]1N,Cc1ccncc1NC(=O)Cc1cc(Cl)cc(Br)c1,COC(=O)[C@@H]1CS(=O)(=O)C[C@H]1Nc1cc(Cl)cc(CC(=O)Nc2cnccc2C)c1
EN300-1068214,NC1CCC2(CC1)CS(=O)(=O)C2,Cc1ccncc1NC(=O)Cc1cc(Cl)cc(Br)c1,Cc1ccncc1NC(=O)Cc1cc(Cl)cc(NC2CCC3(CC2)CS(=O)(=O)C3)c1
EN300-1071968,NCC1(F)CC1,Cc1ccncc1NC(=O)Cc1cc(Cl)cc(Br)c1,Cc1ccncc1NC(=O)Cc1cc(Cl)cc(NCC2(F)CC2)c1
EN300-1072071,N[C@H]1CC[C@@](O)(C(F)(F)F)CC1,Cc1ccncc1NC(=O)Cc1cc(Cl)cc(Br)c1,Cc1ccncc1NC(=O)Cc1cc(Cl)cc(N[C@H]2CC[C@@](O)(C(F)(F)F)CC2)c1
EN300-1072791,N[C@@H]1C[C@@H]2COC[C@@H]21,Cc1ccncc1NC(=O)Cc1cc(Cl)cc(Br)c1,Cc1ccncc1NC(=O)Cc1cc(Cl)cc(N[C@@H]2C[C@@H]3COC[C@@H]32)c1
EN300-1073067,N[C@H]1CCC(=O)NC1,Cc1ccncc1NC(=O)Cc1cc(Cl)cc(Br)c1,Cc1ccncc1NC(=O)Cc1cc(Cl)cc(N[C@H]2CCC(=O)NC2)c1
EN300-1074309,NC(=O)C1CC2(CC(N)CCS2(=O)=O)C1,Cc1ccncc1NC(=O)Cc1cc(Cl)cc(Br)c1,Cc1ccncc1NC(=O)Cc1cc(Cl)cc(NC(=O)C2CC3(CC(N)CCS3(=O)=O)C2)c1
EN300-1081128,NOCCF,Cc1ccncc1NC(=O)Cc1cc(Cl)cc(Br)c1,Cc1ccncc1NC(=O)Cc1cc(Cl)cc(NOCCF)c1
EN300-832810,CC12COC(CN)(C1)C2,Cc1ccncc1NC(=O)Cc1cc(Cl)cc(Br)c1,Cc1ccncc1NC(=O)Cc1cc(Cl)cc(NCC23CC(C)(CO2)C3)c1
EN300-761163,NCC12CCC(C1)C(=O)N2,Cc1ccncc1NC(=O)Cc1cc(Cl)cc(Br)c1,Cc1ccncc1NC(=O)Cc1cc(Cl)cc(NCC23CCC(C2)C(=O)N3)c1
EN300-1082510,NC1CC2CC(C(=O)O)CC12,Cc1ccncc1NC(=O)Cc1cc(Cl)cc(Br)c1,Cc1ccncc1NC(=O)Cc1cc(Cl)cc(NC2CC3CC(C(=O)O)CC32)c1
EN300-1082512,N[C@@H]1CCC[C@@H]1Cl,Cc1ccncc1NC(=O)Cc1cc(Cl)cc(Br)c1,Cc1ccncc1NC(=O)Cc1cc(Cl)cc(N[C@@H]2CCC[C@@H]2Cl)c1
EN300-1086760,CCC1(C)CC1N,Cc1ccncc1NC(=O)Cc1cc(Cl)cc(Br)c1,CCC1(C)CC1Nc1cc(Cl)cc(CC(=O)Nc2cnccc2C)c1
EN300-1086764,N[C@@H]1[C@H]2CCCC[C@H]21,Cc1ccncc1NC(=O)Cc1cc(Cl)cc(Br)c1,Cc1ccncc1NC(=O)Cc1cc(Cl)cc(N[C@@H]2[C@H]3CCCC[C@H]32)c1
EN300-1168541,CC1(C)CC(C)(N)C1,Cc1ccncc1NC(=O)Cc1cc(Cl)cc(Br)c1,Cc1ccncc1NC(=O)Cc1cc(Cl)cc(NC2(C)CC(C)(C)C2)c1
EN300-1168718,NCC(F)(F)C(F)(F)F,Cc1ccncc1NC(=O)Cc1cc(Cl)cc(Br)c1,Cc1ccncc1NC(=O)Cc1cc(Cl)cc(NCC(F)(F)C(F)(F)F)c1
EN300-1179690,NCC(F)(F)C(N)=O,Cc1ccncc1NC(=O)Cc1cc(Cl)cc(Br)c1,Cc1ccncc1NC(=O)Cc1cc(Cl)cc(NCC(F)(F)C(N)=O)c1
EN300-1179760,Cc1n[nH]c(C)c1N,Cc1ccncc1NC(=O)Cc1cc(Cl)cc(Br)c1,Cc1ccncc1NC(=O)Cc1cc(Cl)cc(Nc2c(C)n[nH]c2C)c1
EN300-1266425,NC1CCOC12CCS(=O)(=O)CC2,Cc1ccncc1NC(=O)Cc1cc(Cl)cc(Br)c1,Cc1ccncc1NC(=O)Cc1cc(Cl)cc(NC2CCOC23CCS(=O)(=O)CC3)c1
EN300-1083299,Nc1ncc(C2(O)COC2)s1,Cc1ccncc1NC(=O)Cc1cc(Cl)cc(Br)c1,Cc1ccncc1NC(=O)Cc1cc(Cl)cc(Nc2ncc(C3(O)COC3)s2)c1
EN300-817105,NCC1CC(F)(F)CO1,Cc1ccncc1NC(=O)Cc1cc(Cl)cc(Br)c1,Cc1ccncc1NC(=O)Cc1cc(Cl)cc(NCC2CC(F)(F)CO2)c1
EN300-841165,CC(C)(C)OC(=O)N1CCC2(CN)CCCCC12,Cc1ccncc1NC(=O)Cc1cc(Cl)cc(Br)c1,Cc1ccncc1NC(=O)Cc1cc(Cl)cc(NCC23CCCCC2N(C(=O)OC(C)(C)C)CC3)c1
EN300-1266519,CC(N)C1CS(=O)(=O)C1,Cc1ccncc1NC(=O)Cc1cc(Cl)cc(Br)c1,Cc1ccncc1NC(=O)Cc1cc(Cl)cc(NC(C)C2CS(=O)(=O)C2)c1
EN300-1267192,CC12CC(N)(C1)C2,Cc1ccncc1NC(=O)Cc1cc(Cl)cc(Br)c1,Cc1ccncc1NC(=O)Cc1cc(Cl)cc(NC23CC(C)(C2)C3)c1
EN300-1268016,NC(=O)C1CC2CC(N)C2C1,Cc1ccncc1NC(=O)Cc1cc(Cl)cc(Br)c1,Cc1ccncc1NC(=O)Cc1cc(Cl)cc(NC(=O)C2CC3CC(N)C3C2)c1
EN300-1268319,NCC12CCCC(CO1)C2,Cc1ccncc1NC(=O)Cc1cc(Cl)cc(Br)c1,Cc1ccncc1NC(=O)Cc1cc(Cl)cc(NCC23CCCC(CO2)C3)c1
EN300-1268379,CC1(C)C2CCC(C2)C1N,Cc1ccncc1NC(=O)Cc1cc(Cl)cc(Br)c1,Cc1ccncc1NC(=O)Cc1cc(Cl)cc(NC2C3CCC(C3)C2(C)C)c1
EN300-1270325,C=C1CC(CN)C1,Cc1ccncc1NC(=O)Cc1cc(Cl)cc(Br)c1,C=C1CC(CNc2cc(Cl)cc(CC(=O)Nc3cnccc3C)c2)C1
EN300-729685,N=S1(=O)CCN(N)CC1,Cc1ccncc1NC(=O)Cc1cc(Cl)cc(Br)c1,Cc1ccncc1NC(=O)Cc1cc(Cl)cc(NN2CCS(=N)(=O)CC2)c1
EN300-1270481,CC(C)(C)OC(=O)N1C[C@@]2(CN)C[C@@]2(C(F)(F)F)C1,Cc1ccncc1NC(=O)Cc1cc(Cl)cc(Br)c1,Cc1ccncc1NC(=O)Cc1cc(Cl)cc(NC[C@@]23CN(C(=O)OC(C)(C)C)C[C@]2(C(F)(F)F)C3)c1
EN300-1272581,NCC1(C(=O)O)CC(F)(F)C1,Cc1ccncc1NC(=O)Cc1cc(Cl)cc(Br)c1,Cc1ccncc1NC(=O)Cc1cc(Cl)cc(NCC2(C(=O)O)CC(F)(F)C2)c1
EN300-1272614,NCC#CC1CC1,Cc1ccncc1NC(=O)Cc1cc(Cl)cc(Br)c1,Cc1ccncc1NC(=O)Cc1cc(Cl)cc(NCC#CC2CC2)c1
EN300-1272820,CC1(C)C[C@@H](CN)N(C(=O)OC(C)(C)C)C1,Cc1ccncc1NC(=O)Cc1cc(Cl)cc(Br)c1,Cc1ccncc1NC(=O)Cc1cc(Cl)cc(NC[C@@H]2CC(C)(C)CN2C(=O)OC(C)(C)C)c1
EN300-1273133,NCC1(c2ccccc2)CC(F)(F)C1,Cc1ccncc1NC(=O)Cc1cc(Cl)cc(Br)c1,Cc1ccncc1NC(=O)Cc1cc(Cl)cc(NCC2(c3ccccc3)CC(F)(F)C2)c1
EN300-1273190,NCC1CC(=O)C1,Cc1ccncc1NC(=O)Cc1cc(Cl)cc(Br)c1,Cc1ccncc1NC(=O)Cc1cc(Cl)cc(NCC2CC(=O)C2)c1
EN300-1301341,CC1(N)CCC(F)(F)C1,Cc1ccncc1NC(=O)Cc1cc(Cl)cc(Br)c1,Cc1ccncc1NC(=O)Cc1cc(Cl)cc(NC2(C)CCC(F)(F)C2)c1
EN300-1301392,NC1CC(F)C1,Cc1ccncc1NC(=O)Cc1cc(Cl)cc(Br)c1,Cc1ccncc1NC(=O)Cc1cc(Cl)cc(NC2CC(F)C2)c1
EN300-1081193,CC(C)(C)OC(=O)N1CCCCC2C(N)C21,Cc1ccncc1NC(=O)Cc1cc(Cl)cc(Br)c1,Cc1ccncc1NC(=O)Cc1cc(Cl)cc(NC2C3CCCCN(C(=O)OC(C)(C)C)C32)c1
EN300-1387119,CC(C)(C)OC(=O)N1CCC[C@@H]2CC[C@@]21CN,Cc1ccncc1NC(=O)Cc1cc(Cl)cc(Br)c1,Cc1ccncc1NC(=O)Cc1cc(Cl)cc(NC[C@]23CC[C@H]2CCCN3C(=O)OC(C)(C)C)c1
EN300-1425548,NCC1CCCC2(CC2)C1,Cc1ccncc1NC(=O)Cc1cc(Cl)cc(Br)c1,Cc1ccncc1NC(=O)Cc1cc(Cl)cc(NCC2CCCC3(CC3)C2)c1
EN300-1425969,CC(C)(C)OC(=O)N1CCCC2(N)CC2C1,Cc1ccncc1NC(=O)Cc1cc(Cl)cc(Br)c1,Cc1ccncc1NC(=O)Cc1cc(Cl)cc(NC23CCCN(C(=O)OC(C)(C)C)CC2C3)c1
EN300-1440100,NC1CC2(CNC(=O)C2)C1,Cc1ccncc1NC(=O)Cc1cc(Cl)cc(Br)c1,Cc1ccncc1NC(=O)Cc1cc(Cl)cc(NC2CC3(CNC(=O)C3)C2)c1
EN300-1472332,N[C@@H]1C[C@@H]2OCCC[C@@H]21,Cc1ccncc1NC(=O)Cc1cc(Cl)cc(Br)c1,Cc1ccncc1NC(=O)Cc1cc(Cl)cc(N[C@@H]2C[C@@H]3OCCC[C@@H]32)c1
EN300-1478787,Nc1ccccc1C1CCC1,Cc1ccncc1NC(=O)Cc1cc(Cl)cc(Br)c1,Cc1ccncc1NC(=O)Cc1cc(Cl)cc(Nc2ccccc2C2CCC2)c1
EN300-1588296,COC1(OC)CC(CCN)C1,Cc1ccncc1NC(=O)Cc1cc(Cl)cc(Br)c1,COC1(OC)CC(CCNc2cc(Cl)cc(CC(=O)Nc3cnccc3C)c2)C1
EN300-1588359,NC1(CO)COC1,Cc1ccncc1NC(=O)Cc1cc(Cl)cc(Br)c1,Cc1ccncc1NC(=O)Cc1cc(Cl)cc(NC2(CO)COC2)c1
EN300-1472409,Nc1cccc(C(F)(F)CF)c1,Cc1ccncc1NC(=O)Cc1cc(Cl)cc(Br)c1,Cc1ccncc1NC(=O)Cc1cc(Cl)cc(Nc2cccc(C(F)(F)CF)c2)c1
EN300-1590424,CC1CC(C)(N)C1,Cc1ccncc1NC(=O)Cc1cc(Cl)cc(Br)c1,Cc1ccncc1NC(=O)Cc1cc(Cl)cc(NC2(C)CC(C)C2)c1
EN300-1590663,CC1(C)CC(=O)OC1CN,Cc1ccncc1NC(=O)Cc1cc(Cl)cc(Br)c1,Cc1ccncc1NC(=O)Cc1cc(Cl)cc(NCC2OC(=O)CC2(C)C)c1
EN300-1479051,CC1(C)CCOC1CN,Cc1ccncc1NC(=O)Cc1cc(Cl)cc(Br)c1,Cc1ccncc1NC(=O)Cc1cc(Cl)cc(NCC2OCCC2(C)C)c1
EN300-1608359,NC1CC(C2CCC2)C1,Cc1ccncc1NC(=O)Cc1cc(Cl)cc(Br)c1,Cc1ccncc1NC(=O)Cc1cc(Cl)cc(NC2CC(C3CCC3)C2)c1
EN300-1608711,NCc1cccc(C(F)(F)C(F)(F)F)c1,Cc1ccncc1NC(=O)Cc1cc(Cl)cc(Br)c1,Cc1ccncc1NC(=O)Cc1cc(Cl)cc(NCc2cccc(C(F)(F)C(F)(F)F)c2)c1
EN300-1608720,CC(C)(C)OC(=O)N1CCC(N)C(F)(F)CC1,Cc1ccncc1NC(=O)Cc1cc(Cl)cc(Br)c1,Cc1ccncc1NC(=O)Cc1cc(Cl)cc(NC2CCN(C(=O)OC(C)(C)C)CCC2(F)F)c1
EN300-1655741,CC(C)(CCN)C(F)(F)F,Cc1ccncc1NC(=O)Cc1cc(Cl)cc(Br)c1,Cc1ccncc1NC(=O)Cc1cc(Cl)cc(NCCC(C)(C)C(F)(F)F)c1
EN300-1663625,CC1(C)C2CCC1(CN)CC2,Cc1ccncc1NC(=O)Cc1cc(Cl)cc(Br)c1,Cc1ccncc1NC(=O)Cc1cc(Cl)cc(NCC23CCC(CC2)C3(C)C)c1
EN300-1663789,NCC1CC(F)(F)C(=O)N1,Cc1ccncc1NC(=O)Cc1cc(Cl)cc(Br)c1,Cc1ccncc1NC(=O)Cc1cc(Cl)cc(NCC2CC(F)(F)C(=O)N2)c1
EN300-1664936,COC(=O)CC(CN)C(F)(F)F,Cc1ccncc1NC(=O)Cc1cc(Cl)cc(Br)c1,COC(=O)CC(CNc1cc(Cl)cc(CC(=O)Nc2cnccc2C)c1)C(F)(F)F
EN300-1666266,NCCCS(=O)(=O)F,Cc1ccncc1NC(=O)Cc1cc(Cl)cc(Br)c1,Cc1ccncc1NC(=O)Cc1cc(Cl)cc(NCCCS(=O)(=O)F)c1
EN300-1666443,Nc1ccn(C2CC2(F)F)n1,Cc1ccncc1NC(=O)Cc1cc(Cl)cc(Br)c1,Cc1ccncc1NC(=O)Cc1cc(Cl)cc(Nc2ccn(C3CC3(F)F)n2)c1
EN300-1666635,CC12CCC(CN)(CC1)CO2,Cc1ccncc1NC(=O)Cc1cc(Cl)cc(Br)c1,Cc1ccncc1NC(=O)Cc1cc(Cl)cc(NCC23CCC(C)(CC2)OC3)c1
EN300-1666650,NCC12CCC(CO)(CC1)CO2,Cc1ccncc1NC(=O)Cc1cc(Cl)cc(Br)c1,Cc1ccncc1NC(=O)Cc1cc(Cl)cc(NCC23CCC(CO)(CC2)CO3)c1
EN300-1266310,NCC1C(F)(F)C12CCC2,Cc1ccncc1NC(=O)Cc1cc(Cl)cc(Br)c1,Cc1ccncc1NC(=O)Cc1cc(Cl)cc(NCC2C(F)(F)C23CCC3)c1
EN300-1689152,NCCCOC(F)(F)F,Cc1ccncc1NC(=O)Cc1cc(Cl)cc(Br)c1,Cc1ccncc1NC(=O)Cc1cc(Cl)cc(NCCCOC(F)(F)F)c1
EN300-1692237,N[C@@H]1C[C@@H]2OCCC[C@@H]21,Cc1ccncc1NC(=O)Cc1cc(Cl)cc(Br)c1,Cc1ccncc1NC(=O)Cc1cc(Cl)cc(N[C@@H]2C[C@@H]3OCCC[C@@H]32)c1
EN300-1693027,NCC1CCC2(CC2)O1,Cc1ccncc1NC(=O)Cc1cc(Cl)cc(Br)c1,Cc1ccncc1NC(=O)Cc1cc(Cl)cc(NCC2CCC3(CC3)O2)c1
EN300-1693736,NCCS(=O)(=O)F,Cc1ccncc1NC(=O)Cc1cc(Cl)cc(Br)c1,Cc1ccncc1NC(=O)Cc1cc(Cl)cc(NCCS(=O)(=O)F)c1
EN300-1693744,CC(C)(C)OC(=O)N1C[C@@H]2CS(=O)(=O)C[C@]2(N)C1,Cc1ccncc1NC(=O)Cc1cc(Cl)cc(Br)c1,Cc1ccncc1NC(=O)Cc1cc(Cl)cc(N[C@@]23CN(C(=O)OC(C)(C)C)C[C@@H]2CS(=O)(=O)C3)c1
EN300-1695868,CC(C)(C)OC(=O)N1CCC2(CCC2)C(CN)C1,Cc1ccncc1NC(=O)Cc1cc(Cl)cc(Br)c1,Cc1ccncc1NC(=O)Cc1cc(Cl)cc(NCC2CN(C(=O)OC(C)(C)C)CCC23CCC3)c1
EN300-1696686,CC1(C)SCCC1CN,Cc1ccncc1NC(=O)Cc1cc(Cl)cc(Br)c1,Cc1ccncc1NC(=O)Cc1cc(Cl)cc(NCC2CCSC2(C)C)c1
EN300-1694020,NCC1(C(F)(F)F)CC2(CCC2)C1,Cc1ccncc1NC(=O)Cc1cc(Cl)cc(Br)c1,Cc1ccncc1NC(=O)Cc1cc(Cl)cc(NCC2(C(F)(F)F)CC3(CCC3)C2)c1
EN300-1267260,CC(C)(C)OC(=O)N1CC[C@@H](N)C[C@@H](O)C1,Cc1ccncc1NC(=O)Cc1cc(Cl)cc(Br)c1,Cc1ccncc1NC(=O)Cc1cc(Cl)cc(N[C@@H]2CCN(C(=O)OC(C)(C)C)C[C@H](O)C2)c1
EN300-1699591,CN1CC2(CCC2)CCC1CN,Cc1ccncc1NC(=O)Cc1cc(Cl)cc(Br)c1,Cc1ccncc1NC(=O)Cc1cc(Cl)cc(NCC2CCC3(CCC3)CN2C)c1
EN300-1699691,N[C@@H]1C[C@H]1CF,Cc1ccncc1NC(=O)Cc1cc(Cl)cc(Br)c1,Cc1ccncc1NC(=O)Cc1cc(Cl)cc(N[C@@H]2C[C@H]2CF)c1
EN300-1699979,COC(=O)C12CC(CN)(C1)C2,Cc1ccncc1NC(=O)Cc1cc(Cl)cc(Br)c1,COC(=O)C12CC(CNc3cc(Cl)cc(CC(=O)Nc4cnccc4C)c3)(C1)C2
EN300-1700325,N[C@]12C[C@H](CNC1=O)C2,Cc1ccncc1NC(=O)Cc1cc(Cl)cc(Br)c1,Cc1ccncc1NC(=O)Cc1cc(Cl)cc(N[C@]23C[C@H](CNC2=O)C3)c1
EN300-1703576,NCC12CC(CN1C1CC1)C2,Cc1ccncc1NC(=O)Cc1cc(Cl)cc(Br)c1,Cc1ccncc1NC(=O)Cc1cc(Cl)cc(NCC23CC(CN2C2CC2)C3)c1
EN300-1706604,NCC12CCCC1CCO2,Cc1ccncc1NC(=O)Cc1cc(Cl)cc(Br)c1,Cc1ccncc1NC(=O)Cc1cc(Cl)cc(NCC23CCCC2CCO3)c1
EN300-1703979,CC(N)C12CC(CO1)C2,Cc1ccncc1NC(=O)Cc1cc(Cl)cc(Br)c1,Cc1ccncc1NC(=O)Cc1cc(Cl)cc(NC(C)C23CC(CO2)C3)c1
EN300-1708634,NC1CCS(=O)(=O)C2(CCOCC2)C1,Cc1ccncc1NC(=O)Cc1cc(Cl)cc(Br)c1,Cc1ccncc1NC(=O)Cc1cc(Cl)cc(NC2CCS(=O)(=O)C3(CCOCC3)C2)c1
EN300-1709301,NC1CCOCCC1(F)F,Cc1ccncc1NC(=O)Cc1cc(Cl)cc(Br)c1,Cc1ccncc1NC(=O)Cc1cc(Cl)cc(NC2CCOCCC2(F)F)c1
EN300-1709551,NC12CC3CC(C1)C(F)(F)C(C3)C2,Cc1ccncc1NC(=O)Cc1cc(Cl)cc(Br)c1,Cc1ccncc1NC(=O)Cc1cc(Cl)cc(NC23CC4CC(C2)C(F)(F)C(C4)C3)c1
EN300-1699883,CC(C)(C)OC(=O)N1CCC2(CC1)C(N)CS2(=O)=O,Cc1ccncc1NC(=O)Cc1cc(Cl)cc(Br)c1,Cc1ccncc1NC(=O)Cc1cc(Cl)cc(NC2CS(=O)(=O)C23CCN(C(=O)OC(C)(C)C)CC3)c1
EN300-1605441,NC1CCCCCC1(F)F,Cc1ccncc1NC(=O)Cc1cc(Cl)cc(Br)c1,Cc1ccncc1NC(=O)Cc1cc(Cl)cc(NC2CCCCCC2(F)F)c1
EN300-1719109,NC1CCC(=CF)CC1,Cc1ccncc1NC(=O)Cc1cc(Cl)cc(Br)c1,Cc1ccncc1NC(=O)Cc1cc(Cl)cc(NC2CCC(=CF)CC2)c1
EN300-1605368,NCC12CCC(CC1)CC2,Cc1ccncc1NC(=O)Cc1cc(Cl)cc(Br)c1,Cc1ccncc1NC(=O)Cc1cc(Cl)cc(NCC23CCC(CC2)CC3)c1
EN300-1721393,Nc1ccc(C(F)(F)CF)cc1,Cc1ccncc1NC(=O)Cc1cc(Cl)cc(Br)c1,Cc1ccncc1NC(=O)Cc1cc(Cl)cc(Nc2ccc(C(F)(F)CF)cc2)c1
EN300-1698458,CC1(C)OC2(CN)CC1C2,Cc1ccncc1NC(=O)Cc1cc(Cl)cc(Br)c1,Cc1ccncc1NC(=O)Cc1cc(Cl)cc(NCC23CC(C2)C(C)(C)O3)c1
EN300-1721903,NC1CCC(C(F)(F)F)NC1,Cc1ccncc1NC(=O)Cc1cc(Cl)cc(Br)c1,Cc1ccncc1NC(=O)Cc1cc(Cl)cc(NC2CCC(C(F)(F)F)NC2)c1
EN300-1703909,NCC12CC(CCO1)C2,Cc1ccncc1NC(=O)Cc1cc(Cl)cc(Br)c1,Cc1ccncc1NC(=O)Cc1cc(Cl)cc(NCC23CC(CCO2)C3)c1
EN300-1723947,NC1C(C(F)(F)F)C1C(F)(F)F,Cc1ccncc1NC(=O)Cc1cc(Cl)cc(Br)c1,Cc1ccncc1NC(=O)Cc1cc(Cl)cc(NC2C(C(F)(F)F)C2C(F)(F)F)c1
EN300-1725148,NCCCB(O)O,Cc1ccncc1NC(=O)Cc1cc(Cl)cc(Br)c1,Cc1ccncc1NC(=O)Cc1cc(Cl)cc(NCCCB(O)O)c1
EN300-1725730,NC1CS(=O)(=O)C12CCCC2,Cc1ccncc1NC(=O)Cc1cc(Cl)cc(Br)c1,Cc1ccncc1NC(=O)Cc1cc(Cl)cc(NC2CS(=O)(=O)C23CCCC3)c1
EN300-1726303,NCC1(c2ccccc2)CC1(F)F,Cc1ccncc1NC(=O)Cc1cc(Cl)cc(Br)c1,Cc1ccncc1NC(=O)Cc1cc(Cl)cc(NCC2(c3ccccc3)CC2(F)F)c1
EN300-1732255,NC12CC(S(N)(=O)=O)(C1)C2,Cc1ccncc1NC(=O)Cc1cc(Cl)cc(Br)c1,Cc1ccncc1NC(=O)Cc1cc(Cl)cc(NC23CC(S(N)(=O)=O)(C2)C3)c1
EN300-2007741,NCC1CCOCC12CCCC2,Cc1ccncc1NC(=O)Cc1cc(Cl)cc(Br)c1,Cc1ccncc1NC(=O)Cc1cc(Cl)cc(NCC2CCOCC23CCCC3)c1
EN300-2007949,CC1(CN)CCS(=O)(=O)CC1,Cc1ccncc1NC(=O)Cc1cc(Cl)cc(Br)c1,Cc1ccncc1NC(=O)Cc1cc(Cl)cc(NCC2(C)CCS(=O)(=O)CC2)c1
EN300-2008217,N[C@H]1C[C@@H](Cn2cccn2)C1,Cc1ccncc1NC(=O)Cc1cc(Cl)cc(Br)c1,Cc1ccncc1NC(=O)Cc1cc(Cl)cc(N[C@H]2C[C@@H](Cn3cccn3)C2)c1
EN300-2008980,CCOC(=O)C12COC(CN)(C1)C2,Cc1ccncc1NC(=O)Cc1cc(Cl)cc(Br)c1,CCOC(=O)C12COC(CNc3cc(Cl)cc(CC(=O)Nc4cnccc4C)c3)(C1)C2
EN300-2009025,NC1CCOCC12CCCCC2,Cc1ccncc1NC(=O)Cc1cc(Cl)cc(Br)c1,Cc1ccncc1NC(=O)Cc1cc(Cl)cc(NC2CCOCC23CCCCC3)c1
EN300-2009339,NC1CS(=O)(=O)C12CCOCC2,Cc1ccncc1NC(=O)Cc1cc(Cl)cc(Br)c1,Cc1ccncc1NC(=O)Cc1cc(Cl)cc(NC2CS(=O)(=O)C23CCOCC3)c1
EN300-6472541,NCC1(C(=O)O)CC1(F)F,Cc1ccncc1NC(=O)Cc1cc(Cl)cc(Br)c1,Cc1ccncc1NC(=O)Cc1cc(Cl)cc(NCC2(C(=O)O)CC2(F)F)c1
EN300-6473672,NCC1CCCCC12CCC2,Cc1ccncc1NC(=O)Cc1cc(Cl)cc(Br)c1,Cc1ccncc1NC(=O)Cc1cc(Cl)cc(NCC2CCCCC23CCC3)c1
EN300-6475343,CC12CC(N)(C1)C(C)(C)O2,Cc1ccncc1NC(=O)Cc1cc(Cl)cc(Br)c1,Cc1ccncc1NC(=O)Cc1cc(Cl)cc(NC23CC(C)(C2)OC3(C)C)c1
EN300-6477179,NC1C(=O)SC12CCC2,Cc1ccncc1NC(=O)Cc1cc(Cl)cc(Br)c1,Cc1ccncc1NC(=O)Cc1cc(Cl)cc(NC2C(=O)SC23CCC3)c1
EN300-6477809,NC1(c2ccccc2)CC1(F)F,Cc1ccncc1NC(=O)Cc1cc(Cl)cc(Br)c1,Cc1ccncc1NC(=O)Cc1cc(Cl)cc(NC2(c3ccccc3)CC2(F)F)c1
EN300-6477996,NC1CCC2(CCCCC2)C1,Cc1ccncc1NC(=O)Cc1cc(Cl)cc(Br)c1,Cc1ccncc1NC(=O)Cc1cc(Cl)cc(NC2CCC3(CCCCC3)C2)c1
EN300-6478226,NC1CC2(C1)N=N2,Cc1ccncc1NC(=O)Cc1cc(Cl)cc(Br)c1,Cc1ccncc1NC(=O)Cc1cc(Cl)cc(NC2CC3(C2)N=N3)c1
EN300-6479495,CCC12COC(CN)(C1)C2,Cc1ccncc1NC(=O)Cc1cc(Cl)cc(Br)c1,CCC12COC(CNc3cc(Cl)cc(CC(=O)Nc4cnccc4C)c3)(C1)C2
EN300-6481920,CC12CC(N)(CO1)C2,Cc1ccncc1NC(=O)Cc1cc(Cl)cc(Br)c1,Cc1ccncc1NC(=O)Cc1cc(Cl)cc(NC23COC(C)(C2)C3)c1
EN300-412525,NC1(C(F)(F)F)CCC(=O)CC1,Cc1ccncc1NC(=O)Cc1cc(Cl)cc(Br)c1,Cc1ccncc1NC(=O)Cc1cc(Cl)cc(NC2(C(F)(F)F)CCC(=O)CC2)c1
EN300-6486403,NC1CC(F)(C(=O)O)C1,Cc1ccncc1NC(=O)Cc1cc(Cl)cc(Br)c1,Cc1ccncc1NC(=O)Cc1cc(Cl)cc(NC2CC(F)(C(=O)O)C2)c1
EN300-6486612,NC1CS(=O)(=O)C12CCCCC2,Cc1ccncc1NC(=O)Cc1cc(Cl)cc(Br)c1,Cc1ccncc1NC(=O)Cc1cc(Cl)cc(NC2CS(=O)(=O)C23CCCCC3)c1
EN300-6486663,CCOC(=O)CC1(N)CS(=O)(=O)C1,Cc1ccncc1NC(=O)Cc1cc(Cl)cc(Br)c1,CCOC(=O)CC1(Nc2cc(Cl)cc(CC(=O)Nc3cnccc3C)c2)CS(=O)(=O)C1
EN300-1709977,Cn1cc(P(C)(C)=O)c(N)n1,Cc1ccncc1NC(=O)Cc1cc(Cl)cc(Br)c1,Cc1ccncc1NC(=O)Cc1cc(Cl)cc(Nc2nn(C)cc2P(C)(C)=O)c1
EN300-6488221,NC1(C(F)(F)F)CC2(CCC2)C1,Cc1ccncc1NC(=O)Cc1cc(Cl)cc(Br)c1,Cc1ccncc1NC(=O)Cc1cc(Cl)cc(NC2(C(F)(F)F)CC3(CCC3)C2)c1
EN300-1604839,NC1CCC1=O,Cc1ccncc1NC(=O)Cc1cc(Cl)cc(Br)c1,Cc1ccncc1NC(=O)Cc1cc(Cl)cc(NC2CCC2=O)c1
EN300-6489560,NCC12CC(C1)C2,Cc1ccncc1NC(=O)Cc1cc(Cl)cc(Br)c1,Cc1ccncc1NC(=O)Cc1cc(Cl)cc(NCC23CC(C2)C3)c1
EN300-6489846,N#CC12COC(CN)(C1)C2,Cc1ccncc1NC(=O)Cc1cc(Cl)cc(Br)c1,Cc1ccncc1NC(=O)Cc1cc(Cl)cc(NCC23CC(C#N)(CO2)C3)c1
EN300-6490928,NC1CCC12CCC2,Cc1ccncc1NC(=O)Cc1cc(Cl)cc(Br)c1,Cc1ccncc1NC(=O)Cc1cc(Cl)cc(NC2CCC23CCC3)c1
EN300-6491326,CC1(C)OB([C@@H]2C[C@H]2N)OC1(C)C,Cc1ccncc1NC(=O)Cc1cc(Cl)cc(Br)c1,Cc1ccncc1NC(=O)Cc1cc(Cl)cc(N[C@@H]2C[C@H]2B2OC(C)(C)C(C)(C)O2)c1
EN300-6493811,CC1(C)CC2(CC(N)C2)C1,Cc1ccncc1NC(=O)Cc1cc(Cl)cc(Br)c1,Cc1ccncc1NC(=O)Cc1cc(Cl)cc(NC2CC3(C2)CC(C)(C)C3)c1
EN300-6494362,NC1CC(CC(F)(F)F)C1,Cc1ccncc1NC(=O)Cc1cc(Cl)cc(Br)c1,Cc1ccncc1NC(=O)Cc1cc(Cl)cc(NC2CC(CC(F)(F)F)C2)c1
EN300-6481913,COCC12COC(CN)(C1)C2,Cc1ccncc1NC(=O)Cc1cc(Cl)cc(Br)c1,COCC12COC(CNc3cc(Cl)cc(CC(=O)Nc4cnccc4C)c3)(C1)C2
EN300-6430616,NC1(C(F)F)COC1,Cc1ccncc1NC(=O)Cc1cc(Cl)cc(Br)c1,Cc1ccncc1NC(=O)Cc1cc(Cl)cc(NC2(C(F)F)COC2)c1
EN300-6495743,NC1(C2CC2)CCCCC1,Cc1ccncc1NC(=O)Cc1cc(Cl)cc(Br)c1,Cc1ccncc1NC(=O)Cc1cc(Cl)cc(NC2(C3CC3)CCCCC2)c1
EN300-6495824,NCCCC1(C(F)(F)F)N=N1,Cc1ccncc1NC(=O)Cc1cc(Cl)cc(Br)c1,Cc1ccncc1NC(=O)Cc1cc(Cl)cc(NCCCC2(C(F)(F)F)N=N2)c1
EN300-6494450,CCOC(=O)C1(CN)CC2(CCC2)C1,Cc1ccncc1NC(=O)Cc1cc(Cl)cc(Br)c1,CCOC(=O)C1(CNc2cc(Cl)cc(CC(=O)Nc3cnccc3C)c2)CC2(CCC2)C1
EN300-6497035,NC1CCCC2C1C2(F)F,Cc1ccncc1NC(=O)Cc1cc(Cl)cc(Br)c1,Cc1ccncc1NC(=O)Cc1cc(Cl)cc(NC2CCCC3C2C3(F)F)c1
EN300-6496995,CC12CCC(CN)(C1)OC2,Cc1ccncc1NC(=O)Cc1cc(Cl)cc(Br)c1,Cc1ccncc1NC(=O)Cc1cc(Cl)cc(NCC23CCC(C)(CO2)C3)c1
EN300-1722748,CP(C)(=O)c1ccc(N)cc1,Cc1ccncc1NC(=O)Cc1cc(Cl)cc(Br)c1,Cc1ccncc1NC(=O)Cc1cc(Cl)cc(Nc2ccc(P(C)(C)=O)cc2)c1
EN300-1703181,Cn1ncc(P(C)(C)=O)c1N,Cc1ccncc1NC(=O)Cc1cc(Cl)cc(Br)c1,Cc1ccncc1NC(=O)Cc1cc(Cl)cc(Nc2c(P(C)(C)=O)cnn2C)c1
EN300-6497224,CP(C)(=O)CCCN,Cc1ccncc1NC(=O)Cc1cc(Cl)cc(Br)c1,Cc1ccncc1NC(=O)Cc1cc(Cl)cc(NCCCP(C)(C)=O)c1
EN300-6497869,NC[C@@H]1CCC[C@H](CF)C1,Cc1ccncc1NC(=O)Cc1cc(Cl)cc(Br)c1,Cc1ccncc1NC(=O)Cc1cc(Cl)cc(NC[C@@H]2CCC[C@H](CF)C2)c1
EN300-6498274,NC1CC2(C1)CC1(CCC1)C2,Cc1ccncc1NC(=O)Cc1cc(Cl)cc(Br)c1,Cc1ccncc1NC(=O)Cc1cc(Cl)cc(NC2CC3(C2)CC2(CCC2)C3)c1
EN300-6498993,N[C@@H]1CC[C@@H]1F,Cc1ccncc1NC(=O)Cc1cc(Cl)cc(Br)c1,Cc1ccncc1NC(=O)Cc1cc(Cl)cc(N[C@@H]2CC[C@@H]2F)c1
EN300-6482585,NC1C2CCC12,Cc1ccncc1NC(=O)Cc1cc(Cl)cc(Br)c1,Cc1ccncc1NC(=O)Cc1cc(Cl)cc(NC2C3CCC32)c1
EN300-6499351,NC1CCOC2(CCS(=O)(=O)CC2)C1,Cc1ccncc1NC(=O)Cc1cc(Cl)cc(Br)c1,Cc1ccncc1NC(=O)Cc1cc(Cl)cc(NC2CCOC3(CCS(=O)(=O)CC3)C2)c1
EN300-316544,CC1(C)CC(N)CC(C)(C)O1,Cc1ccncc1NC(=O)Cc1cc(Cl)cc(Br)c1,Cc1ccncc1NC(=O)Cc1cc(Cl)cc(NC2CC(C)(C)OC(C)(C)C2)c1
EN300-6501377,CC12CC(N)(C1)C1(CCC1)O2,Cc1ccncc1NC(=O)Cc1cc(Cl)cc(Br)c1,Cc1ccncc1NC(=O)Cc1cc(Cl)cc(NC23CC(C)(C2)OC32CCC2)c1
EN300-6501576,NCC(c1ccccc1)C(F)F,Cc1ccncc1NC(=O)Cc1cc(Cl)cc(Br)c1,Cc1ccncc1NC(=O)Cc1cc(Cl)cc(NCC(c2ccccc2)C(F)F)c1
EN300-6501611,CC12CCC(N)(CC1)CO2,Cc1ccncc1NC(=O)Cc1cc(Cl)cc(Br)c1,Cc1ccncc1NC(=O)Cc1cc(Cl)cc(NC23CCC(C)(CC2)OC3)c1
EN300-6503688,Cn1ncc(F)c1N,Cc1ccncc1NC(=O)Cc1cc(Cl)cc(Br)c1,Cc1ccncc1NC(=O)Cc1cc(Cl)cc(Nc2c(F)cnn2C)c1
EN300-6503808,CC(C)(N)C(C)(C)F,Cc1ccncc1NC(=O)Cc1cc(Cl)cc(Br)c1,Cc1ccncc1NC(=O)Cc1cc(Cl)cc(NC(C)(C)C(C)(C)F)c1
EN300-6504486,CN(C)[C@@H]1CC[C@H]1N,Cc1ccncc1NC(=O)Cc1cc(Cl)cc(Br)c1,Cc1ccncc1NC(=O)Cc1cc(Cl)cc(N[C@@H]2CC[C@H]2N(C)C)c1
EN300-6504621,CC(C)(C)OC(=O)N1CC(N)CC12CCOCC2,Cc1ccncc1NC(=O)Cc1cc(Cl)cc(Br)c1,Cc1ccncc1NC(=O)Cc1cc(Cl)cc(NC2CN(C(=O)OC(C)(C)C)C3(CCOCC3)C2)c1
EN300-6504633,NC1CCC2C(CC1)C2(F)F,Cc1ccncc1NC(=O)Cc1cc(Cl)cc(Br)c1,Cc1ccncc1NC(=O)Cc1cc(Cl)cc(NC2CCC3C(CC2)C3(F)F)c1
EN300-6504818,CC1(C)CC2(CC2N)C1,Cc1ccncc1NC(=O)Cc1cc(Cl)cc(Br)c1,Cc1ccncc1NC(=O)Cc1cc(Cl)cc(NC2CC23CC(C)(C)C3)c1
EN300-2980526,Nc1ccccc1P(=O)(O)O,Cc1ccncc1NC(=O)Cc1cc(Cl)cc(Br)c1,Cc1ccncc1NC(=O)Cc1cc(Cl)cc(Nc2ccccc2P(=O)(O)O)c1
EN300-1604749,NCC1CC2(C1)CC2F,Cc1ccncc1NC(=O)Cc1cc(Cl)cc(Br)c1,Cc1ccncc1NC(=O)Cc1cc(Cl)cc(NCC2CC3(C2)CC3F)c1
EN300-6512860,NC12CCC(C1)OC2,Cc1ccncc1NC(=O)Cc1cc(Cl)cc(Br)c1,Cc1ccncc1NC(=O)Cc1cc(Cl)cc(NC23CCC(C2)OC3)c1
EN300-6512862,CC1(C)OC2(CO)CC1(N)C2,Cc1ccncc1NC(=O)Cc1cc(Cl)cc(Br)c1,Cc1ccncc1NC(=O)Cc1cc(Cl)cc(NC23CC(CO)(C2)OC3(C)C)c1
EN300-6512890,CS(=O)(=O)[C@@]1(CN)C[C@@H]1C(F)(F)F,Cc1ccncc1NC(=O)Cc1cc(Cl)cc(Br)c1,Cc1ccncc1NC(=O)Cc1cc(Cl)cc(NC[C@]2(S(C)(=O)=O)C[C@@H]2C(F)(F)F)c1
EN300-6512944,NC1CCC2C1C2(F)F,Cc1ccncc1NC(=O)Cc1cc(Cl)cc(Br)c1,Cc1ccncc1NC(=O)Cc1cc(Cl)cc(NC2CCC3C2C3(F)F)c1
EN300-6512935,NC1CC2CCCC(O)(C1)C2,Cc1ccncc1NC(=O)Cc1cc(Cl)cc(Br)c1,Cc1ccncc1NC(=O)Cc1cc(Cl)cc(NC2CC3CCCC(O)(C3)C2)c1
EN300-6512946,NCC1CCCC(F)(F)CC1,Cc1ccncc1NC(=O)Cc1cc(Cl)cc(Br)c1,Cc1ccncc1NC(=O)Cc1cc(Cl)cc(NCC2CCCC(F)(F)CC2)c1
EN300-6513098,NCC12CCCC(CO)(CO1)C2,Cc1ccncc1NC(=O)Cc1cc(Cl)cc(Br)c1,Cc1ccncc1NC(=O)Cc1cc(Cl)cc(NCC23CCCC(CO)(CO2)C3)c1
EN300-6729473,CC12CCCC(N)(CO1)C2,Cc1ccncc1NC(=O)Cc1cc(Cl)cc(Br)c1,Cc1ccncc1NC(=O)Cc1cc(Cl)cc(NC23CCCC(C)(C2)OC3)c1
EN300-6730451,NC1CCCC2(CCCCC2)C1,Cc1ccncc1NC(=O)Cc1cc(Cl)cc(Br)c1,Cc1ccncc1NC(=O)Cc1cc(Cl)cc(NC2CCCC3(CCCCC3)C2)c1
EN300-6730511,NCC1CC2(C1)CC(F)(F)C2,Cc1ccncc1NC(=O)Cc1cc(Cl)cc(Br)c1,Cc1ccncc1NC(=O)Cc1cc(Cl)cc(NCC2CC3(C2)CC(F)(F)C3)c1
EN300-6730678,NC1CCC(=C(F)F)CC1,Cc1ccncc1NC(=O)Cc1cc(Cl)cc(Br)c1,Cc1ccncc1NC(=O)Cc1cc(Cl)cc(NC2CCC(=C(F)F)CC2)c1
EN300-6730703,CC1(N)CC1C(F)(F)F,Cc1ccncc1NC(=O)Cc1cc(Cl)cc(Br)c1,Cc1ccncc1NC(=O)Cc1cc(Cl)cc(NC2(C)CC2C(F)(F)F)c1
EN300-6730937,N[C@H]1C[C@@](O)(C(F)(F)F)C1,Cc1ccncc1NC(=O)Cc1cc(Cl)cc(Br)c1,Cc1ccncc1NC(=O)Cc1cc(Cl)cc(N[C@H]2C[C@@](O)(C(F)(F)F)C2)c1
EN300-6731341,N[C@H]1C[C@H](C(F)(F)F)C1,Cc1ccncc1NC(=O)Cc1cc(Cl)cc(Br)c1,Cc1ccncc1NC(=O)Cc1cc(Cl)cc(N[C@H]2C[C@H](C(F)(F)F)C2)c1
EN300-6731528,N[C@H]1C[C@](O)(C(F)(F)F)C1,Cc1ccncc1NC(=O)Cc1cc(Cl)cc(Br)c1,Cc1ccncc1NC(=O)Cc1cc(Cl)cc(N[C@H]2C[C@](O)(C(F)(F)F)C2)c1
EN300-6732632,Nc1ccc(/C=C/C(F)(F)F)cc1,Cc1ccncc1NC(=O)Cc1cc(Cl)cc(Br)c1,Cc1ccncc1NC(=O)Cc1cc(Cl)cc(Nc2ccc(/C=C/C(F)(F)F)cc2)c1
EN300-6733015,COC12CCC(N)(CC1)C2,Cc1ccncc1NC(=O)Cc1cc(Cl)cc(Br)c1,COC12CCC(Nc3cc(Cl)cc(CC(=O)Nc4cnccc4C)c3)(CC1)C2
EN300-6480186,NC1CCCOC12CCOCC2,Cc1ccncc1NC(=O)Cc1cc(Cl)cc(Br)c1,Cc1ccncc1NC(=O)Cc1cc(Cl)cc(NC2CCCOC23CCOCC3)c1
EN300-6733288,NC12CCC(C(F)(F)F)(CC1)C2,Cc1ccncc1NC(=O)Cc1cc(Cl)cc(Br)c1,Cc1ccncc1NC(=O)Cc1cc(Cl)cc(NC23CCC(C(F)(F)F)(CC2)C3)c1
EN300-6734454,NC12COC(CO)(C1)C2,Cc1ccncc1NC(=O)Cc1cc(Cl)cc(Br)c1,Cc1ccncc1NC(=O)Cc1cc(Cl)cc(NC23COC(CO)(C2)C3)c1
EN300-6734509,[N-]=[N+]=NC12CCC(N)(CC1)C2,Cc1ccncc1NC(=O)Cc1cc(Cl)cc(Br)c1,Cc1ccncc1NC(=O)Cc1cc(Cl)cc(NC23CCC(N=[N+]=[N-])(CC2)C3)c1
EN300-6734624,N[C@@H]1CCC(F)(F)[C@H]1O,Cc1ccncc1NC(=O)Cc1cc(Cl)cc(Br)c1,Cc1ccncc1NC(=O)Cc1cc(Cl)cc(N[C@@H]2CCC(F)(F)[C@H]2O)c1
EN300-6734782,CC1(C)CCCCC1(C)N,Cc1ccncc1NC(=O)Cc1cc(Cl)cc(Br)c1,Cc1ccncc1NC(=O)Cc1cc(Cl)cc(NC2(C)CCCCC2(C)C)c1
EN300-6734818,Nc1ccccc1/C=C/C(F)(F)F,Cc1ccncc1NC(=O)Cc1cc(Cl)cc(Br)c1,Cc1ccncc1NC(=O)Cc1cc(Cl)cc(Nc2ccccc2/C=C/C(F)(F)F)c1
EN300-6734958,NC[C@@H]1C[C@@H]1C(F)F,Cc1ccncc1NC(=O)Cc1cc(Cl)cc(Br)c1,Cc1ccncc1NC(=O)Cc1cc(Cl)cc(NC[C@@H]2C[C@@H]2C(F)F)c1
EN300-6734977,NC12COC(C1)C2,Cc1ccncc1NC(=O)Cc1cc(Cl)cc(Br)c1,Cc1ccncc1NC(=O)Cc1cc(Cl)cc(NC23COC(C2)C3)c1
EN300-6498733,NC1CC2COCC2C1,Cc1ccncc1NC(=O)Cc1cc(Cl)cc(Br)c1,Cc1ccncc1NC(=O)Cc1cc(Cl)cc(NC2CC3COCC3C2)c1
EN300-6736658,Cn1nccc1[C@@H]1C[C@H]1N,Cc1ccncc1NC(=O)Cc1cc(Cl)cc(Br)c1,Cc1ccncc1NC(=O)Cc1cc(Cl)cc(N[C@@H]2C[C@H]2c2ccnn2C)c1
EN300-6498296,NCC1C2CCC12,Cc1ccncc1NC(=O)Cc1cc(Cl)cc(Br)c1,Cc1ccncc1NC(=O)Cc1cc(Cl)cc(NCC2C3CCC32)c1
EN300-6738366,NC12CCC(F)(CC1)C2,Cc1ccncc1NC(=O)Cc1cc(Cl)cc(Br)c1,Cc1ccncc1NC(=O)Cc1cc(Cl)cc(NC23CCC(F)(CC2)C3)c1
EN300-6738528,CC12CC(CN)(CO1)C2,Cc1ccncc1NC(=O)Cc1cc(Cl)cc(Br)c1,Cc1ccncc1NC(=O)Cc1cc(Cl)cc(NCC23COC(C)(C2)C3)c1
EN300-6738687,NCc1cc(C(F)(F)F)cs1,Cc1ccncc1NC(=O)Cc1cc(Cl)cc(Br)c1,Cc1ccncc1NC(=O)Cc1cc(Cl)cc(NCc2cc(C(F)(F)F)cs2)c1
EN300-6738814,NC1CCCOC12CCC2,Cc1ccncc1NC(=O)Cc1cc(Cl)cc(Br)c1,Cc1ccncc1NC(=O)Cc1cc(Cl)cc(NC2CCCOC23CCC3)c1
EN300-6739173,NC1CN2CCC1C2,Cc1ccncc1NC(=O)Cc1cc(Cl)cc(Br)c1,Cc1ccncc1NC(=O)Cc1cc(Cl)cc(NC2CN3CCC2C3)c1
EN300-6739968,NCC12COC(C1)C2,Cc1ccncc1NC(=O)Cc1cc(Cl)cc(Br)c1,Cc1ccncc1NC(=O)Cc1cc(Cl)cc(NCC23COC(C2)C3)c1
EN300-6740842,CC12CC(CCN)(CO1)C2,Cc1ccncc1NC(=O)Cc1cc(Cl)cc(Br)c1,Cc1ccncc1NC(=O)Cc1cc(Cl)cc(NCCC23COC(C)(C2)C3)c1
EN300-6740474,CC(C)(F)CCCN,Cc1ccncc1NC(=O)Cc1cc(Cl)cc(Br)c1,Cc1ccncc1NC(=O)Cc1cc(Cl)cc(NCCCC(C)(C)F)c1
EN300-6503663,NCC12CC3CC(CC(C3)O1)C2,Cc1ccncc1NC(=O)Cc1cc(Cl)cc(Br)c1,Cc1ccncc1NC(=O)Cc1cc(Cl)cc(NCC23CC4CC(CC(C4)O2)C3)c1
EN300-6745643,N[C@H]1C[C@@H](CF)C1,Cc1ccncc1NC(=O)Cc1cc(Cl)cc(Br)c1,Cc1ccncc1NC(=O)Cc1cc(Cl)cc(N[C@H]2C[C@@H](CF)C2)c1
EN300-6745717,NC1CC[Si]2(CCCCC2)CC1,Cc1ccncc1NC(=O)Cc1cc(Cl)cc(Br)c1,Cc1ccncc1NC(=O)Cc1cc(Cl)cc(NC2CC[Si]3(CCCCC3)CC2)c1
EN300-6745997,N[C@@H]1CC[C@H](O)[C@@H](O)[C@H]1O,Cc1ccncc1NC(=O)Cc1cc(Cl)cc(Br)c1,Cc1ccncc1NC(=O)Cc1cc(Cl)cc(N[C@@H]2CC[C@H](O)[C@@H](O)[C@H]2O)c1
EN300-6746077,C=CC(F)(F)CN,Cc1ccncc1NC(=O)Cc1cc(Cl)cc(Br)c1,C=CC(F)(F)CNc1cc(Cl)cc(CC(=O)Nc2cnccc2C)c1
EN300-6746206,NCCCCCF,Cc1ccncc1NC(=O)Cc1cc(Cl)cc(Br)c1,Cc1ccncc1NC(=O)Cc1cc(Cl)cc(NCCCCCF)c1
EN300-6746518,CC(N)C1CC2(CCC2)C1,Cc1ccncc1NC(=O)Cc1cc(Cl)cc(Br)c1,Cc1ccncc1NC(=O)Cc1cc(Cl)cc(NC(C)C2CC3(CCC3)C2)c1
EN300-6746831,CC1(C)OB(C2CC(N)C2)OC1(C)C,Cc1ccncc1NC(=O)Cc1cc(Cl)cc(Br)c1,Cc1ccncc1NC(=O)Cc1cc(Cl)cc(NC2CC(B3OC(C)(C)C(C)(C)O3)C2)c1
EN300-6748156,NC1COC2(CCCCC2)C1,Cc1ccncc1NC(=O)Cc1cc(Cl)cc(Br)c1,Cc1ccncc1NC(=O)Cc1cc(Cl)cc(NC2COC3(CCCCC3)C2)c1
EN300-6750908,NCC12C3C4C5C3C1C5C42,Cc1ccncc1NC(=O)Cc1cc(Cl)cc(Br)c1,Cc1ccncc1NC(=O)Cc1cc(Cl)cc(NCC23C4C5C6C4C2C6C53)c1
EN300-6735126,CP(C)(=O)C1CCC(N)C1,Cc1ccncc1NC(=O)Cc1cc(Cl)cc(Br)c1,Cc1ccncc1NC(=O)Cc1cc(Cl)cc(NC2CCC(P(C)(C)=O)C2)c1
EN300-6764065,NCC1C(F)(F)C12CC2,Cc1ccncc1NC(=O)Cc1cc(Cl)cc(Br)c1,Cc1ccncc1NC(=O)Cc1cc(Cl)cc(NCC2C(F)(F)C23CC3)c1
EN300-6764298,NC1COCCC1(F)F,Cc1ccncc1NC(=O)Cc1cc(Cl)cc(Br)c1,Cc1ccncc1NC(=O)Cc1cc(Cl)cc(NC2COCCC2(F)F)c1
EN300-6764943,NCCC(F)(F)C(F)F,Cc1ccncc1NC(=O)Cc1cc(Cl)cc(Br)c1,Cc1ccncc1NC(=O)Cc1cc(Cl)cc(NCCC(F)(F)C(F)F)c1
EN300-7197598,CN1CCC(N)CC12CC2,Cc1ccncc1NC(=O)Cc1cc(Cl)cc(Br)c1,Cc1ccncc1NC(=O)Cc1cc(Cl)cc(NC2CCN(C)C3(CC3)C2)c1
EN300-6902447,COCC12CC(CN)(CO1)C2,Cc1ccncc1NC(=O)Cc1cc(Cl)cc(Br)c1,COCC12CC(CNc3cc(Cl)cc(CC(=O)Nc4cnccc4C)c3)(CO1)C2
EN300-6740378,CP(C)(=O)c1cc(N)ccn1,Cc1ccncc1NC(=O)Cc1cc(Cl)cc(Br)c1,Cc1ccncc1NC(=O)Cc1cc(Cl)cc(Nc2ccnc(P(C)(C)=O)c2)c1
EN300-7353973,NCC(F)CO,Cc1ccncc1NC(=O)Cc1cc(Cl)cc(Br)c1,Cc1ccncc1NC(=O)Cc1cc(Cl)cc(NCC(F)CO)c1
EN300-7354406,NC1CCC12CCCO2,Cc1ccncc1NC(=O)Cc1cc(Cl)cc(Br)c1,Cc1ccncc1NC(=O)Cc1cc(Cl)cc(NC2CCC23CCCO3)c1
EN300-7355125,C[C@@H](N)C1CC(F)(F)C1,Cc1ccncc1NC(=O)Cc1cc(Cl)cc(Br)c1,Cc1ccncc1NC(=O)Cc1cc(Cl)cc(N[C@H](C)C2CC(F)(F)C2)c1
EN300-7355337,CP(C)(=O)[C@H](N)C1CCCC1,Cc1ccncc1NC(=O)Cc1cc(Cl)cc(Br)c1,Cc1ccncc1NC(=O)Cc1cc(Cl)cc(N[C@H](C2CCCC2)P(C)(C)=O)c1
EN300-7356475,CP(C)(=O)c1cccc(CN)c1,Cc1ccncc1NC(=O)Cc1cc(Cl)cc(Br)c1,Cc1ccncc1NC(=O)Cc1cc(Cl)cc(NCc2cccc(P(C)(C)=O)c2)c1
EN300-7425217,NCC1CCC12CCCO2,Cc1ccncc1NC(=O)Cc1cc(Cl)cc(Br)c1,Cc1ccncc1NC(=O)Cc1cc(Cl)cc(NCC2CCC23CCCO3)c1
EN300-7426139,N[C@@H]1CC[C@@H]1c1ccc(F)cc1F,Cc1ccncc1NC(=O)Cc1cc(Cl)cc(Br)c1,Cc1ccncc1NC(=O)Cc1cc(Cl)cc(N[C@@H]2CC[C@@H]2c2ccc(F)cc2F)c1
EN300-7427798,NC1CC2CS(=O)(=O)CC2C1,Cc1ccncc1NC(=O)Cc1cc(Cl)cc(Br)c1,Cc1ccncc1NC(=O)Cc1cc(Cl)cc(NC2CC3CS(=O)(=O)CC3C2)c1
EN300-7429806,CC1(CN)CCCC1(F)F,Cc1ccncc1NC(=O)Cc1cc(Cl)cc(Br)c1,Cc1ccncc1NC(=O)Cc1cc(Cl)cc(NCC2(C)CCCC2(F)F)c1
EN300-7429945,CSC[C@H]1C[C@@H](N)C1,Cc1ccncc1NC(=O)Cc1cc(Cl)cc(Br)c1,CSC[C@H]1C[C@@H](Nc2cc(Cl)cc(CC(=O)Nc3cnccc3C)c2)C1
EN300-7429970,CS(=O)(=O)CC1CC(N)C1,Cc1ccncc1NC(=O)Cc1cc(Cl)cc(Br)c1,Cc1ccncc1NC(=O)Cc1cc(Cl)cc(NC2CC(CS(C)(=O)=O)C2)c1
EN300-7429986,CS(=O)(=O)C[C@H]1C[C@H](N)C1,Cc1ccncc1NC(=O)Cc1cc(Cl)cc(Br)c1,Cc1ccncc1NC(=O)Cc1cc(Cl)cc(N[C@H]2C[C@H](CS(C)(=O)=O)C2)c1
EN300-7430703,CC(F)(F)c1ccc(N)nc1,Cc1ccncc1NC(=O)Cc1cc(Cl)cc(Br)c1,Cc1ccncc1NC(=O)Cc1cc(Cl)cc(Nc2ccc(C(C)(F)F)cn2)c1
EN300-7430909,NC1CN(C2COC2)C1,Cc1ccncc1NC(=O)Cc1cc(Cl)cc(Br)c1,Cc1ccncc1NC(=O)Cc1cc(Cl)cc(NC2CN(C3COC3)C2)c1
EN300-7431381,CN(C)C1CC2(CC(N)C2)C1,Cc1ccncc1NC(=O)Cc1cc(Cl)cc(Br)c1,Cc1ccncc1NC(=O)Cc1cc(Cl)cc(NC2CC3(C2)CC(N(C)C)C3)c1
EN300-7431704,NCC1CCC12CCC2,Cc1ccncc1NC(=O)Cc1cc(Cl)cc(Br)c1,Cc1ccncc1NC(=O)Cc1cc(Cl)cc(NCC2CCC23CCC3)c1
EN300-7432145,CC1(N)CCCC1(F)F,Cc1ccncc1NC(=O)Cc1cc(Cl)cc(Br)c1,Cc1ccncc1NC(=O)Cc1cc(Cl)cc(NC2(C)CCCC2(F)F)c1
EN300-7432909,NCC12CC(C(F)(F)F)(CO1)C2,Cc1ccncc1NC(=O)Cc1cc(Cl)cc(Br)c1,Cc1ccncc1NC(=O)Cc1cc(Cl)cc(NCC23CC(C(F)(F)F)(CO2)C3)c1
EN300-7433118,NC1CCCCCC1F,Cc1ccncc1NC(=O)Cc1cc(Cl)cc(Br)c1,Cc1ccncc1NC(=O)Cc1cc(Cl)cc(NC2CCCCCC2F)c1
EN300-7433153,CC(C)(F)C(C)(F)CN,Cc1ccncc1NC(=O)Cc1cc(Cl)cc(Br)c1,Cc1ccncc1NC(=O)Cc1cc(Cl)cc(NCC(C)(F)C(C)(C)F)c1
EN300-7434265,NC1C2CCCC(F)(F)C12,Cc1ccncc1NC(=O)Cc1cc(Cl)cc(Br)c1,Cc1ccncc1NC(=O)Cc1cc(Cl)cc(NC2C3CCCC(F)(F)C32)c1
EN300-7434566,N[C@@H]1[C@H]2CCC(F)(F)[C@H]21,Cc1ccncc1NC(=O)Cc1cc(Cl)cc(Br)c1,Cc1ccncc1NC(=O)Cc1cc(Cl)cc(N[C@@H]2[C@H]3CCC(F)(F)[C@H]32)c1
EN300-7434894,CC12CC(N)(CCO1)C2,Cc1ccncc1NC(=O)Cc1cc(Cl)cc(Br)c1,Cc1ccncc1NC(=O)Cc1cc(Cl)cc(NC23CCOC(C)(C2)C3)c1
EN300-7353974,CP(C)(=O)[C@H](N)C1CCCC1,Cc1ccncc1NC(=O)Cc1cc(Cl)cc(Br)c1,Cc1ccncc1NC(=O)Cc1cc(Cl)cc(N[C@H](C2CCCC2)P(C)(C)=O)c1
EN300-7438608,C[Si]1(C)CCC(N)CC1,Cc1ccncc1NC(=O)Cc1cc(Cl)cc(Br)c1,Cc1ccncc1NC(=O)Cc1cc(Cl)cc(NC2CC[Si](C)(C)CC2)c1
EN300-1605165,NC1CCCCC12CC2,Cc1ccncc1NC(=O)Cc1cc(Cl)cc(Br)c1,Cc1ccncc1NC(=O)Cc1cc(Cl)cc(NC2CCCCC23CC3)c1
EN300-7439202,CC1(CN)CCC2(CC1)CC2,Cc1ccncc1NC(=O)Cc1cc(Cl)cc(Br)c1,Cc1ccncc1NC(=O)Cc1cc(Cl)cc(NCC2(C)CCC3(CC2)CC3)c1
EN300-7443453,NC1CCC2(CCC2)C1,Cc1ccncc1NC(=O)Cc1cc(Cl)cc(Br)c1,Cc1ccncc1NC(=O)Cc1cc(Cl)cc(NC2CCC3(CCC3)C2)c1
EN300-7443717,NC12CC(c3ccccc3)(C1)C2(F)F,Cc1ccncc1NC(=O)Cc1cc(Cl)cc(Br)c1,Cc1ccncc1NC(=O)Cc1cc(Cl)cc(NC23CC(c4ccccc4)(C2)C3(F)F)c1
EN300-7443887,N[C@@H]1C[C@@H]1CF,Cc1ccncc1NC(=O)Cc1cc(Cl)cc(Br)c1,Cc1ccncc1NC(=O)Cc1cc(Cl)cc(N[C@@H]2C[C@@H]2CF)c1
EN300-1223410,NC1CC1(F)F,Cc1ccncc1NC(=O)Cc1cc(Cl)cc(Br)c1,Cc1ccncc1NC(=O)Cc1cc(Cl)cc(NC2CC2(F)F)c1
EN300-6760269,CCP(=O)(CC)c1ccc(N)cc1,Cc1ccncc1NC(=O)Cc1cc(Cl)cc(Br)c1,CCP(=O)(CC)c1ccc(Nc2cc(Cl)cc(CC(=O)Nc3cnccc3C)c2)cc1
EN300-7445552,NCC1(CF)CC2(CCC2)C1,Cc1ccncc1NC(=O)Cc1cc(Cl)cc(Br)c1,Cc1ccncc1NC(=O)Cc1cc(Cl)cc(NCC2(CF)CC3(CCC3)C2)c1
EN300-7445610,CCC12CC(N)(C1)C2,Cc1ccncc1NC(=O)Cc1cc(Cl)cc(Br)c1,CCC12CC(Nc3cc(Cl)cc(CC(=O)Nc4cnccc4C)c3)(C1)C2
EN300-7448099,NCCCSC(F)(F)F,Cc1ccncc1NC(=O)Cc1cc(Cl)cc(Br)c1,Cc1ccncc1NC(=O)Cc1cc(Cl)cc(NCCCSC(F)(F)F)c1
EN300-7448135,NC12CC(C(F)F)(C1)C2,Cc1ccncc1NC(=O)Cc1cc(Cl)cc(Br)c1,Cc1ccncc1NC(=O)Cc1cc(Cl)cc(NC23CC(C(F)F)(C2)C3)c1
EN300-7459769,NCC1CC12CC2(F)F,Cc1ccncc1NC(=O)Cc1cc(Cl)cc(Br)c1,Cc1ccncc1NC(=O)Cc1cc(Cl)cc(NCC2CC23CC3(F)F)c1
EN300-7459805,NCC12CC(CO)(CCO1)C2,Cc1ccncc1NC(=O)Cc1cc(Cl)cc(Br)c1,Cc1ccncc1NC(=O)Cc1cc(Cl)cc(NCC23CC(CO)(CCO2)C3)c1
EN300-7459928,NC1(C(F)F)CC2(CCC2)C1,Cc1ccncc1NC(=O)Cc1cc(Cl)cc(Br)c1,Cc1ccncc1NC(=O)Cc1cc(Cl)cc(NC2(C(F)F)CC3(CCC3)C2)c1
EN300-7459997,NCC(F)C(F)(F)F,Cc1ccncc1NC(=O)Cc1cc(Cl)cc(Br)c1,Cc1ccncc1NC(=O)Cc1cc(Cl)cc(NCC(F)C(F)(F)F)c1
EN300-7461074,C=C(F)CN,Cc1ccncc1NC(=O)Cc1cc(Cl)cc(Br)c1,C=C(F)CNc1cc(Cl)cc(CC(=O)Nc2cnccc2C)c1
EN300-7461639,NCCCF,Cc1ccncc1NC(=O)Cc1cc(Cl)cc(Br)c1,Cc1ccncc1NC(=O)Cc1cc(Cl)cc(NCCCF)c1
EN300-7463460,C[C@H]1C(N)[C@@H]1C,Cc1ccncc1NC(=O)Cc1cc(Cl)cc(Br)c1,Cc1ccncc1NC(=O)Cc1cc(Cl)cc(NC2[C@H](C)[C@H]2C)c1
EN300-7463520,CC(N)C(F)(F)C(F)(F)F,Cc1ccncc1NC(=O)Cc1cc(Cl)cc(Br)c1,Cc1ccncc1NC(=O)Cc1cc(Cl)cc(NC(C)C(F)(F)C(F)(F)F)c1
EN300-7463590,CO[C@]1(C(F)(F)F)C[C@H](N)C1,Cc1ccncc1NC(=O)Cc1cc(Cl)cc(Br)c1,CO[C@]1(C(F)(F)F)C[C@H](Nc2cc(Cl)cc(CC(=O)Nc3cnccc3C)c2)C1
EN300-7463937,NC1CCCC2(CC1)CC2,Cc1ccncc1NC(=O)Cc1cc(Cl)cc(Br)c1,Cc1ccncc1NC(=O)Cc1cc(Cl)cc(NC2CCCC3(CC2)CC3)c1
EN300-7464963,Nc1cccc(C2CC(F)(F)C2)c1,Cc1ccncc1NC(=O)Cc1cc(Cl)cc(Br)c1,Cc1ccncc1NC(=O)Cc1cc(Cl)cc(Nc2cccc(C3CC(F)(F)C3)c2)c1
EN300-7466790,NC1CC2CCC12,Cc1ccncc1NC(=O)Cc1cc(Cl)cc(Br)c1,Cc1ccncc1NC(=O)Cc1cc(Cl)cc(NC2CC3CCC32)c1
EN300-7374285,NCC1CCC1(F)F,Cc1ccncc1NC(=O)Cc1cc(Cl)cc(Br)c1,Cc1ccncc1NC(=O)Cc1cc(Cl)cc(NCC2CCC2(F)F)c1
EN300-7471940,CC(F)(F)c1ccc(N)cc1,Cc1ccncc1NC(=O)Cc1cc(Cl)cc(Br)c1,Cc1ccncc1NC(=O)Cc1cc(Cl)cc(Nc2ccc(C(C)(F)F)cc2)c1
EN300-7472482,NC12CCCC1CCC2,Cc1ccncc1NC(=O)Cc1cc(Cl)cc(Br)c1,Cc1ccncc1NC(=O)Cc1cc(Cl)cc(NC23CCCC2CCC3)c1
EN300-7473275,NCCC(C(F)(F)F)C(F)(F)F,Cc1ccncc1NC(=O)Cc1cc(Cl)cc(Br)c1,Cc1ccncc1NC(=O)Cc1cc(Cl)cc(NCCC(C(F)(F)F)C(F)(F)F)c1
EN300-7491998,NC1CCCCCCCC1,Cc1ccncc1NC(=O)Cc1cc(Cl)cc(Br)c1,Cc1ccncc1NC(=O)Cc1cc(Cl)cc(NC2CCCCCCCC2)c1
EN300-7493113,NCC1CCC2(CC2)C1,Cc1ccncc1NC(=O)Cc1cc(Cl)cc(Br)c1,Cc1ccncc1NC(=O)Cc1cc(Cl)cc(NCC2CCC3(CC3)C2)c1
EN300-7493266,N[C@H]1C[C@@H](n2cccn2)C1,Cc1ccncc1NC(=O)Cc1cc(Cl)cc(Br)c1,Cc1ccncc1NC(=O)Cc1cc(Cl)cc(N[C@H]2C[C@@H](n3cccn3)C2)c1
EN300-7493311,N[C@H]1C[C@@H](n2cncn2)C1,Cc1ccncc1NC(=O)Cc1cc(Cl)cc(Br)c1,Cc1ccncc1NC(=O)Cc1cc(Cl)cc(N[C@H]2C[C@@H](n3cncn3)C2)c1
EN300-7493768,NC12CC(C1)S(=O)(=O)C2,Cc1ccncc1NC(=O)Cc1cc(Cl)cc(Br)c1,Cc1ccncc1NC(=O)Cc1cc(Cl)cc(NC23CC(C2)S(=O)(=O)C3)c1
EN300-7493883,C=CC(F)CN,Cc1ccncc1NC(=O)Cc1cc(Cl)cc(Br)c1,C=CC(F)CNc1cc(Cl)cc(CC(=O)Nc2cnccc2C)c1
EN300-7494243,NCC12CC(c3ccccc3)(C1)C2(F)F,Cc1ccncc1NC(=O)Cc1cc(Cl)cc(Br)c1,Cc1ccncc1NC(=O)Cc1cc(Cl)cc(NCC23CC(c4ccccc4)(C2)C3(F)F)c1
EN300-7500507,NCC1(F)COCCOC1,Cc1ccncc1NC(=O)Cc1cc(Cl)cc(Br)c1,Cc1ccncc1NC(=O)Cc1cc(Cl)cc(NCC2(F)COCCOC2)c1
EN300-7535098,CC(C)(C)[C@H]1C[C@H](N)C1,Cc1ccncc1NC(=O)Cc1cc(Cl)cc(Br)c1,Cc1ccncc1NC(=O)Cc1cc(Cl)cc(N[C@H]2C[C@H](C(C)(C)C)C2)c1
EN300-7536715,CC1(c2cccc(N)c2)CCO1,Cc1ccncc1NC(=O)Cc1cc(Cl)cc(Br)c1,Cc1ccncc1NC(=O)Cc1cc(Cl)cc(Nc2cccc(C3(C)CCO3)c2)c1
EN300-7456379,CP(C)(=O)c1cccnc1N,Cc1ccncc1NC(=O)Cc1cc(Cl)cc(Br)c1,Cc1ccncc1NC(=O)Cc1cc(Cl)cc(Nc2ncccc2P(C)(C)=O)c1
EN300-7537126,NC1COCC1(F)F,Cc1ccncc1NC(=O)Cc1cc(Cl)cc(Br)c1,Cc1ccncc1NC(=O)Cc1cc(Cl)cc(NC2COCC2(F)F)c1
EN300-7537289,NC1CC(OC(F)(F)F)C1,Cc1ccncc1NC(=O)Cc1cc(Cl)cc(Br)c1,Cc1ccncc1NC(=O)Cc1cc(Cl)cc(NC2CC(OC(F)(F)F)C2)c1
EN300-7537290,C[C@H](F)CCN,Cc1ccncc1NC(=O)Cc1cc(Cl)cc(Br)c1,Cc1ccncc1NC(=O)Cc1cc(Cl)cc(NCC[C@H](C)F)c1
EN300-1695479,NC1C2CC3CC1CC(O)(C3)C2,Cc1ccncc1NC(=O)Cc1cc(Cl)cc(Br)c1,Cc1ccncc1NC(=O)Cc1cc(Cl)cc(NC2C3CC4CC2CC(O)(C4)C3)c1
EN300-7540362,NC12CSC(C1)C2,Cc1ccncc1NC(=O)Cc1cc(Cl)cc(Br)c1,Cc1ccncc1NC(=O)Cc1cc(Cl)cc(NC23CSC(C2)C3)c1
EN300-7470691,NC1COC2CC1C2,Cc1ccncc1NC(=O)Cc1cc(Cl)cc(Br)c1,Cc1ccncc1NC(=O)Cc1cc(Cl)cc(NC2COC3CC2C3)c1
EN300-7541997,NC12CCC(CC1)OC2,Cc1ccncc1NC(=O)Cc1cc(Cl)cc(Br)c1,Cc1ccncc1NC(=O)Cc1cc(Cl)cc(NC23CCC(CC2)OC3)c1
EN300-7545020,NCC1CC2CCC12,Cc1ccncc1NC(=O)Cc1cc(Cl)cc(Br)c1,Cc1ccncc1NC(=O)Cc1cc(Cl)cc(NCC2CC3CCC32)c1
EN300-7549317,N[C@@H]1CC[C@@H]1C1CCC1,Cc1ccncc1NC(=O)Cc1cc(Cl)cc(Br)c1,Cc1ccncc1NC(=O)Cc1cc(Cl)cc(N[C@@H]2CC[C@@H]2C2CCC2)c1
EN300-7562761,CS(=O)(=O)[C@H]1C[C@H](CN)C1,Cc1ccncc1NC(=O)Cc1cc(Cl)cc(Br)c1,Cc1ccncc1NC(=O)Cc1cc(Cl)cc(NC[C@H]2C[C@H](S(C)(=O)=O)C2)c1
EN300-7563680,NCC12CC(C1)C(C(F)(F)F)O2,Cc1ccncc1NC(=O)Cc1cc(Cl)cc(Br)c1,Cc1ccncc1NC(=O)Cc1cc(Cl)cc(NCC23CC(C2)C(C(F)(F)F)O3)c1
EN300-7564354,NC1CC2CC1C2,Cc1ccncc1NC(=O)Cc1cc(Cl)cc(Br)c1,Cc1ccncc1NC(=O)Cc1cc(Cl)cc(NC2CC3CC2C3)c1
EN300-26619851,N[C@H]1C[C@@H]2CC[C@@H]2C1,Cc1ccncc1NC(=O)Cc1cc(Cl)cc(Br)c1,Cc1ccncc1NC(=O)Cc1cc(Cl)cc(N[C@H]2C[C@@H]3CC[C@@H]3C2)c1
EN300-26619896,NCC12CC(CO1)C2,Cc1ccncc1NC(=O)Cc1cc(Cl)cc(Br)c1,Cc1ccncc1NC(=O)Cc1cc(Cl)cc(NCC23CC(CO2)C3)c1
EN300-26619898,CC12CCOC(CN)(C1)C2,Cc1ccncc1NC(=O)Cc1cc(Cl)cc(Br)c1,Cc1ccncc1NC(=O)Cc1cc(Cl)cc(NCC23CC(C)(CCO2)C3)c1
EN300-26620085,C[C@H](N)C12C3C4C5C3C1C5C42,Cc1ccncc1NC(=O)Cc1cc(Cl)cc(Br)c1,Cc1ccncc1NC(=O)Cc1cc(Cl)cc(N[C@@H](C)C23C4C5C6C4C2C6C53)c1
EN300-26620086,C[C@@H](N)C12C3C4C5C3C1C5C42,Cc1ccncc1NC(=O)Cc1cc(Cl)cc(Br)c1,Cc1ccncc1NC(=O)Cc1cc(Cl)cc(N[C@H](C)C23C4C5C6C4C2C6C53)c1
EN300-7580490,NCC(F)(F)Cl,Cc1ccncc1NC(=O)Cc1cc(Cl)cc(Br)c1,Cc1ccncc1NC(=O)Cc1cc(Cl)cc(NCC(F)(F)Cl)c1
EN300-26621667,N[C@@]12CCOC[C@@H]1C2,Cc1ccncc1NC(=O)Cc1cc(Cl)cc(Br)c1,Cc1ccncc1NC(=O)Cc1cc(Cl)cc(N[C@@]23CCOC[C@@H]2C3)c1
EN300-22913960,N#CC12C3C4C1C1C2C3C41N,Cc1ccncc1NC(=O)Cc1cc(Cl)cc(Br)c1,Cc1ccncc1NC(=O)Cc1cc(Cl)cc(NC23C4C5C2C2C3C4C52C#N)c1
EN300-22929736,CP(C)(=O)c1ncccc1N,Cc1ccncc1NC(=O)Cc1cc(Cl)cc(Br)c1,Cc1ccncc1NC(=O)Cc1cc(Cl)cc(Nc2cccnc2P(C)(C)=O)c1
EN300-22105018,NCCC1(C(F)(F)F)CCC1,Cc1ccncc1NC(=O)Cc1cc(Cl)cc(Br)c1,Cc1ccncc1NC(=O)Cc1cc(Cl)cc(NCCC2(C(F)(F)F)CCC2)c1
EN300-22907871,NCC12CCC(CC1)OC2,Cc1ccncc1NC(=O)Cc1cc(Cl)cc(Br)c1,Cc1ccncc1NC(=O)Cc1cc(Cl)cc(NCC23CCC(CC2)OC3)c1
EN300-26638648,CC1(C)CCCCCC1N,Cc1ccncc1NC(=O)Cc1cc(Cl)cc(Br)c1,Cc1ccncc1NC(=O)Cc1cc(Cl)cc(NC2CCCCCC2(C)C)c1
EN300-26658513,NC1CC2(CCC2)C1OCc1ccccc1,Cc1ccncc1NC(=O)Cc1cc(Cl)cc(Br)c1,Cc1ccncc1NC(=O)Cc1cc(Cl)cc(NC2CC3(CCC3)C2OCc2ccccc2)c1
EN300-26667249,CC1(C)CCC1(C)N,Cc1ccncc1NC(=O)Cc1cc(Cl)cc(Br)c1,Cc1ccncc1NC(=O)Cc1cc(Cl)cc(NC2(C)CCC2(C)C)c1
EN300-26673164,CC1(C)COCCC1(C)N,Cc1ccncc1NC(=O)Cc1cc(Cl)cc(Br)c1,Cc1ccncc1NC(=O)Cc1cc(Cl)cc(NC2(C)CCOCC2(C)C)c1
EN300-22866674,CC(C)C12CC(N)(C1)C2,Cc1ccncc1NC(=O)Cc1cc(Cl)cc(Br)c1,Cc1ccncc1NC(=O)Cc1cc(Cl)cc(NC23CC(C(C)C)(C2)C3)c1
EN300-26673729,NC12CC(C(F)(F)C(F)(F)F)(C1)C2,Cc1ccncc1NC(=O)Cc1cc(Cl)cc(Br)c1,Cc1ccncc1NC(=O)Cc1cc(Cl)cc(NC23CC(C(F)(F)C(F)(F)F)(C2)C3)c1
EN300-26673912,NC1CC2(CCC2)C12CCC2,Cc1ccncc1NC(=O)Cc1cc(Cl)cc(Br)c1,Cc1ccncc1NC(=O)Cc1cc(Cl)cc(NC2CC3(CCC3)C23CCC3)c1
EN300-26678761,NC12CCC(CO)(C1)OC2,Cc1ccncc1NC(=O)Cc1cc(Cl)cc(Br)c1,Cc1ccncc1NC(=O)Cc1cc(Cl)cc(NC23CCC(CO)(C2)OC3)c1
EN300-26683131,NC[C@]12COC[C@H]1C2(F)F,Cc1ccncc1NC(=O)Cc1cc(Cl)cc(Br)c1,Cc1ccncc1NC(=O)Cc1cc(Cl)cc(NC[C@]23COC[C@H]2C3(F)F)c1
EN300-26690327,NCC1CC2(CCCC2)CO1,Cc1ccncc1NC(=O)Cc1cc(Cl)cc(Br)c1,Cc1ccncc1NC(=O)Cc1cc(Cl)cc(NCC2CC3(CCCC3)CO2)c1
EN300-26690352,NCC12CC(I)(C1)C2,Cc1ccncc1NC(=O)Cc1cc(Cl)cc(Br)c1,Cc1ccncc1NC(=O)Cc1cc(Cl)cc(NCC23CC(I)(C2)C3)c1
EN300-26690375,NC1CC2(C1)CC1(CC(F)(F)C1)C2,Cc1ccncc1NC(=O)Cc1cc(Cl)cc(Br)c1,Cc1ccncc1NC(=O)Cc1cc(Cl)cc(NC2CC3(C2)CC2(CC(F)(F)C2)C3)c1
EN300-20814457,N[C@@H]1C[C@@H]1C(F)(F)F,Cc1ccncc1NC(=O)Cc1cc(Cl)cc(Br)c1,Cc1ccncc1NC(=O)Cc1cc(Cl)cc(N[C@@H]2C[C@@H]2C(F)(F)F)c1
EN300-7383506,NC1(Cc2ccccc2)COC1,Cc1ccncc1NC(=O)Cc1cc(Cl)cc(Br)c1,Cc1ccncc1NC(=O)Cc1cc(Cl)cc(NC2(Cc3ccccc3)COC2)c1
EN300-26861148,NCCC12CCC(CC1)OC2,Cc1ccncc1NC(=O)Cc1cc(Cl)cc(Br)c1,Cc1ccncc1NC(=O)Cc1cc(Cl)cc(NCCC23CCC(CC2)OC3)c1
EN300-26861245,NCC1CC2(CO1)CC(F)(F)C2,Cc1ccncc1NC(=O)Cc1cc(Cl)cc(Br)c1,Cc1ccncc1NC(=O)Cc1cc(Cl)cc(NCC2CC3(CO2)CC(F)(F)C3)c1
EN300-26862393,NC12CCCC1CS(=O)(=O)C2,Cc1ccncc1NC(=O)Cc1cc(Cl)cc(Br)c1,Cc1ccncc1NC(=O)Cc1cc(Cl)cc(NC23CCCC2CS(=O)(=O)C3)c1
EN300-26862552,NCC12COC(CF)(C1)C2,Cc1ccncc1NC(=O)Cc1cc(Cl)cc(Br)c1,Cc1ccncc1NC(=O)Cc1cc(Cl)cc(NCC23COC(CF)(C2)C3)c1
EN300-26863238,NC1CC2CCC(C1)C2(F)F,Cc1ccncc1NC(=O)Cc1cc(Cl)cc(Br)c1,Cc1ccncc1NC(=O)Cc1cc(Cl)cc(NC2CC3CCC(C2)C3(F)F)c1
EN300-7596450,CP(C)(=O)CCN,Cc1ccncc1NC(=O)Cc1cc(Cl)cc(Br)c1,Cc1ccncc1NC(=O)Cc1cc(Cl)cc(NCCP(C)(C)=O)c1
EN300-7563712,NC12CCC(CO)(C1)OC2,Cc1ccncc1NC(=O)Cc1cc(Cl)cc(Br)c1,Cc1ccncc1NC(=O)Cc1cc(Cl)cc(NC23CCC(CO)(C2)OC3)c1
EN300-26865004,NCCC12COC(CF)(C1)C2,Cc1ccncc1NC(=O)Cc1cc(Cl)cc(Br)c1,Cc1ccncc1NC(=O)Cc1cc(Cl)cc(NCCC23COC(CF)(C2)C3)c1
EN300-26865008,CC1(CN)CSCCO1,Cc1ccncc1NC(=O)Cc1cc(Cl)cc(Br)c1,Cc1ccncc1NC(=O)Cc1cc(Cl)cc(NCC2(C)CSCCO2)c1
EN300-26865125,CC[C@@H]1CC[C@H](CN)O1,Cc1ccncc1NC(=O)Cc1cc(Cl)cc(Br)c1,CC[C@@H]1CC[C@H](CNc2cc(Cl)cc(CC(=O)Nc3cnccc3C)c2)O1
EN300-26865463,NCC1CC2(CCCCC2)CO1,Cc1ccncc1NC(=O)Cc1cc(Cl)cc(Br)c1,Cc1ccncc1NC(=O)Cc1cc(Cl)cc(NCC2CC3(CCCCC3)CO2)c1
EN300-22816164,COC12CCC(N)(CC1)CC2,Cc1ccncc1NC(=O)Cc1cc(Cl)cc(Br)c1,COC12CCC(Nc3cc(Cl)cc(CC(=O)Nc4cnccc4C)c3)(CC1)CC2
EN300-26866081,CN(C)C12CC(N)(C1)C2,Cc1ccncc1NC(=O)Cc1cc(Cl)cc(Br)c1,Cc1ccncc1NC(=O)Cc1cc(Cl)cc(NC23CC(N(C)C)(C2)C3)c1
EN300-26869937,NC1C2(CCC2)C12CCC2,Cc1ccncc1NC(=O)Cc1cc(Cl)cc(Br)c1,Cc1ccncc1NC(=O)Cc1cc(Cl)cc(NC2C3(CCC3)C23CCC3)c1
EN300-26870264,NC[C@@H]1C[C@@H]1C(F)(F)F,Cc1ccncc1NC(=O)Cc1cc(Cl)cc(Br)c1,Cc1ccncc1NC(=O)Cc1cc(Cl)cc(NC[C@@H]2C[C@@H]2C(F)(F)F)c1
EN300-26974864,NCC1CCC2(CC2)CO1,Cc1ccncc1NC(=O)Cc1cc(Cl)cc(Br)c1,Cc1ccncc1NC(=O)Cc1cc(Cl)cc(NCC2CCC3(CC3)CO2)c1
EN300-19317252,NCC1CC12CCCCC2,Cc1ccncc1NC(=O)Cc1cc(Cl)cc(Br)c1,Cc1ccncc1NC(=O)Cc1cc(Cl)cc(NCC2CC23CCCCC3)c1
EN300-26976240,CS(=O)(=O)[C@@H]1CCC[C@H]1N,Cc1ccncc1NC(=O)Cc1cc(Cl)cc(Br)c1,Cc1ccncc1NC(=O)Cc1cc(Cl)cc(N[C@@H]2CCC[C@H]2S(C)(=O)=O)c1
EN300-26976580,CC1(CN)CS(=O)(=O)CCO1,Cc1ccncc1NC(=O)Cc1cc(Cl)cc(Br)c1,Cc1ccncc1NC(=O)Cc1cc(Cl)cc(NCC2(C)CS(=O)(=O)CCO2)c1
EN300-26976611,COCC12CC(N)(CO1)C2,Cc1ccncc1NC(=O)Cc1cc(Cl)cc(Br)c1,COCC12CC(Nc3cc(Cl)cc(CC(=O)Nc4cnccc4C)c3)(CO1)C2
EN300-22919820,CO[C@@H]1CCC[C@@H]1N,Cc1ccncc1NC(=O)Cc1cc(Cl)cc(Br)c1,CO[C@@H]1CCC[C@@H]1Nc1cc(Cl)cc(CC(=O)Nc2cnccc2C)c1
EN300-26573058,NCC1=NOC2(CCC2)C1,Cc1ccncc1NC(=O)Cc1cc(Cl)cc(Br)c1,Cc1ccncc1NC(=O)Cc1cc(Cl)cc(NCC2=NOC3(CCC3)C2)c1
EN300-26623969,Nc1ccc(OC=C(F)F)cc1,Cc1ccncc1NC(=O)Cc1cc(Cl)cc(Br)c1,Cc1ccncc1NC(=O)Cc1cc(Cl)cc(Nc2ccc(OC=C(F)F)cc2)c1
